"Title","Slug","DirectoryType","Tags","AwwwardsRecord","GalleryPage","PreviewImage","ListedAtUtc"
"'25-26 update — katherine*","25-26-update-katherine","submission","Art & Illustration | Web & Interactive | Portfolio | Single page | Sound-Audio | GSAP | Three.js | 3D","https://www.awwwards.com/sites/25-26-update-katherine","https://www.awwwards.com/websites/portfolio/?page=12","https://assets.awwwards.com/awards/media/cache/thumb_880_660/submissions/2026/04/69e4556092271464528258.png","2026-04-30T10:38:59Z"
"""XO-OS"" Portfolio","xo-os-portfolio","submission","Business & Corporate | Web & Interactive | Clean | Fullscreen | Portfolio | Experimental | UI design | About Page","https://www.awwwards.com/sites/xo-os-portfolio","https://www.awwwards.com/websites/portfolio/?page=45","https://assets.awwwards.com/awards/media/cache/thumb_880_660/submissions/2024/10/67223e3476631261659843.jpg","2024-11-08T05:15:05Z"
"“Untitled.”","untitled","submission","Web & Interactive | Framer | Minimal | Navigation Menu | Parallax | Portfolio | Video | Photography | Film & TV | Photo & Video","https://www.awwwards.com/sites/untitled","https://www.awwwards.com/websites/portfolio/?page=3","https://assets.awwwards.com/awards/media/cache/thumb_880_660/submissions/2026/08/6a848f99e46f9553602904.png","2026-09-02T12:14:08Z"
"[PORTFOLIO]","portfolio-11","submission","Technology | Web & Interactive | Minimal | Portfolio | Scrolling | Experimental | Sound-Audio | GSAP | Three.js | 3D | next.js | Next.js","https://www.awwwards.com/sites/portfolio-11","https://www.awwwards.com/websites/portfolio/?page=8","https://assets.awwwards.com/awards/media/cache/thumb_880_660/submissions/2026/06/6a434f8b04ece864100308.png","2026-07-15T06:38:12Z"
"*redmango agency","redmango-agency","submission","Business & Corporate | Design Agencies | Web & Interactive | Animation | Minimal | Portfolio | Typography | Project Page | next.js","https://www.awwwards.com/sites/redmango-agency","https://www.awwwards.com/websites/portfolio/?page=52","https://assets.awwwards.com/awards/media/cache/thumb_880_660/submissions/2024/07/66968aba681bb300693606.jpg","2024-07-29T08:53:59Z"
"// Portfolio – Nico Fortino","portfolio-nico-fortino","submission","Design Agencies | Web & Interactive | Clean | Portfolio | Responsive Design | Typography | Web Fonts | 404 pages","https://www.awwwards.com/sites/portfolio-nico-fortino","https://www.awwwards.com/websites/portfolio/?page=51","https://assets.awwwards.com/awards/media/cache/thumb_880_660/submissions/2024/08/66b62f6d6d136751924112.png","2024-08-23T06:00:56Z"
"#notforcasualconsumption","notforcasualconsumption","submission","Other | Navigation Menu | Portfolio | Video | Wix Studio","https://www.awwwards.com/sites/notforcasualconsumption","https://www.awwwards.com/websites/portfolio/?page=23","https://assets.awwwards.com/awards/media/cache/thumb_880_660/submissions/2025/11/690f98501d61a795595291.jpg","2025-11-19T11:41:48Z"
"© Selected works 08 — 24","c-selected-works-08-24","submission","Art & Illustration | Design Agencies | Web & Interactive | Clean | Minimal | Parallax | Portfolio | Single page | Gallery","https://www.awwwards.com/sites/c-selected-works-08-24","https://www.awwwards.com/websites/portfolio/?page=61","https://assets.awwwards.com/awards/media/cache/thumb_880_660/submissions/2024/03/65f695c0aad27904174738.png","2024-03-21T08:47:27Z"
"©Design by Dylan","c-design-by-dylan","submission","Design Agencies | Technology | Web & Interactive | Portfolio | Scrolling | Typography | GSAP | UI design | Header Design | Footer Design | Webflow | Locomotive Scroll","https://www.awwwards.com/sites/c-design-by-dylan","https://www.awwwards.com/websites/portfolio/?page=19","https://assets.awwwards.com/awards/media/cache/thumb_880_660/submissions/2025/12/694a72af031be416942187.png","2026-02-03T00:00:00Z"
"+13322566869","13322566869","submission","Business & Corporate | Design Agencies | Fashion | Big Background Images | Infinite Scroll | Portfolio | Scrolling | Storytelling | Copy design","https://www.awwwards.com/sites/13322566869","https://www.awwwards.com/websites/portfolio/?page=54","https://assets.awwwards.com/awards/media/cache/thumb_880_660/submissions/2024/06/665b9050214fd838835419.jpg","2024-07-01T00:00:00Z"
"+Stüdyo","studyo","submission","Design Agencies | Clean | Graphic design | Portfolio | Video | Interaction Design | About Page","https://www.awwwards.com/sites/studyo","https://www.awwwards.com/websites/portfolio/?page=39","https://assets.awwwards.com/awards/media/cache/thumb_880_660/submissions/2025/02/67b4c490196be902408024.jpg","2025-03-04T07:02:43Z"
"0110 Studio - Portfolio web","0110-studio-portfolio-web","submission","Design Agencies | Web & Interactive | Animation | Portfolio | Scrolling | 3D","https://www.awwwards.com/sites/0110-studio-portfolio-web","https://www.awwwards.com/websites/portfolio/?page=34","https://assets.awwwards.com/awards/media/cache/thumb_880_660/submissions/2025/04/68115f13c3684273484865.jpg","2025-05-14T09:40:02Z"
"02PX","02px","submission","Design Agencies | Film & TV | Animation | Navigation Menu | Portfolio | Photography | Gallery | GSAP | Photo & Video | Project Page | Webflow | Figma","https://www.awwwards.com/sites/02px","https://www.awwwards.com/websites/portfolio/?page=12","https://assets.awwwards.com/awards/media/cache/thumb_880_660/submissions/2026/04/69ee4df12d245258137372.png","2026-05-03T15:16:00Z"
"1 bit Pixel Art Dev Portfolio","1-bit-pixel-art-dev-portfolio","submission","Technology | Web & Interactive | Animation | Minimal | Portfolio | Unusual Navigation | Illustration | Experimental","https://www.awwwards.com/sites/1-bit-pixel-art-dev-portfolio","https://www.awwwards.com/websites/portfolio/?page=33","https://assets.awwwards.com/awards/media/cache/thumb_880_660/submissions/2025/05/6823ac5e01ce6805587916.png","2025-05-28T09:44:05Z"
"10 out of 10","10-out-of-10","submission","Film & TV | Portfolio | Photo & Video","https://www.awwwards.com/sites/10-out-of-10","https://www.awwwards.com/websites/portfolio/?page=58","https://assets.awwwards.com/awards/media/cache/thumb_880_660/submissions/2024/04/661e957a06a2f901281094.png","2024-04-23T08:38:03Z"
"1820 Productions","1820-productions","submission","Business & Corporate | Film & TV | Animation | Fullscreen | Navigation Menu | Portfolio | Scrolling | Microinteractions | Webflow | Figma | Typescript","https://www.awwwards.com/sites/1820-productions","https://www.awwwards.com/websites/portfolio/?page=17","https://assets.awwwards.com/awards/media/cache/thumb_880_660/submissions/2026/01/69694a8a413da647595795.png","2026-02-26T00:00:00Z"
"2024- Year in Review","2024-year-in-review","submission","Design Agencies | Web & Interactive | Animation | Portfolio | Typography | Experimental | Storytelling | Framer","https://www.awwwards.com/sites/2024-year-in-review","https://www.awwwards.com/websites/portfolio/?page=40","https://assets.awwwards.com/awards/media/cache/thumb_880_660/submissions/2025/02/67a4e66127f54389781994.png","2025-02-18T17:43:31Z"
"300FeetOut Company Website","300feetout-company-website","submission","Design Agencies | Animation | Graphic design | HTML5 | Icons | Portfolio | Scrolling | After Effects | Adobe XD","https://www.awwwards.com/sites/300feetout-company-website","https://www.awwwards.com/websites/portfolio/?page=21","https://assets.awwwards.com/awards/media/cache/thumb_880_660/submissions/2025/12/694afd017e587787013638.jpg","2026-01-09T10:56:24Z"
"3200 Kelvin","3200-kelvin","submission","Design Agencies | Web & Interactive | Animation | Clean | Portfolio | Video | Transitions | Forms and Input","https://www.awwwards.com/sites/3200-kelvin","https://www.awwwards.com/websites/portfolio/?page=40","https://assets.awwwards.com/awards/media/cache/thumb_880_660/submissions/2025/01/678bdc8b8e8ee738263212.png","2025-02-13T00:00:00Z"
"3D Minimal Portfolio - Nik R.","3d-minimal-portfolio-nik-r","submission","Design Agencies | Other | Technology | Clean | Wordpress | Parallax | Portfolio | Scrolling | Transitions | GSAP | 3D | Javascript","https://www.awwwards.com/sites/3d-minimal-portfolio-nik-r","https://www.awwwards.com/websites/portfolio/?page=16","https://assets.awwwards.com/awards/media/cache/thumb_880_660/submissions/2026/03/69aec6e732aa8693911090.png","2026-03-21T12:24:00Z"
"3D Portfolio","3d-portfolio","submission","Other | Web & Interactive | Portfolio | Storytelling | 3D | Interaction Design | next.js","https://www.awwwards.com/sites/3d-portfolio","https://www.awwwards.com/websites/portfolio/?page=42","https://assets.awwwards.com/awards/media/cache/thumb_880_660/submissions/2024/12/676a92bc82442140316849.png","2025-01-08T07:21:28Z"
"3D Web Lab 2.0","3d-web-lab-2-0","submission","Design Agencies | Technology | Web & Interactive | Animation | Portfolio | Transitions | Data Visualization | 3D | Filters and Effects","https://www.awwwards.com/sites/3d-web-lab-2-0","https://www.awwwards.com/websites/portfolio/?page=42","https://assets.awwwards.com/awards/media/cache/thumb_880_660/submissions/2024/12/677116474d137131994602.png","2025-01-07T07:08:31Z"
"3Dear","3dear","submission","Fashion | Other | Technology | Animation | Minimal | Portfolio | Gallery | Storytelling | 3D","https://www.awwwards.com/sites/3dear","https://www.awwwards.com/websites/portfolio/?page=55","https://assets.awwwards.com/awards/media/cache/thumb_880_660/submissions/2024/06/666aa8c942215811634111.png","2024-06-18T07:00:31Z"
"3DYCO","3dyco","submission","Design Agencies | Web & Interactive | Animation | Portfolio | Experimental | GSAP | Three.js | 3D | Sanity","https://www.awwwards.com/sites/3dyco","https://www.awwwards.com/websites/portfolio/?page=7","https://assets.awwwards.com/awards/media/cache/thumb_880_660/submissions/2026/07/6a45b3ada1519261960948.png","2026-07-18T09:29:00Z"
"3point14","3point14","submission","Art & Illustration | Web & Interactive | Portfolio | Typography | Transitions | Storytelling | Interaction Design | Microinteractions | Luxury","https://www.awwwards.com/sites/3point14","https://www.awwwards.com/websites/portfolio/?page=34","https://assets.awwwards.com/awards/media/cache/thumb_880_660/submissions/2025/05/6814fb74d9703545501233.png","2025-05-16T11:18:14Z"
"69pixels.","69pixels","submission","Business & Corporate | Design Agencies | Animation | Big Background Images | Flat Design | Portfolio | Content architecture | Footer Design","https://www.awwwards.com/sites/69pixels","https://www.awwwards.com/websites/portfolio/?page=44","https://assets.awwwards.com/awards/media/cache/thumb_880_660/submissions/2024/12/674d7ea544ed1432396676.png","2024-12-04T15:35:46Z"
"8enjamin","8enjamin","submission","Art & Illustration | Fashion | Animation | Colorful | Parallax | Portfolio | Transitions | GSAP | 3D | Next.js | Tailwind","https://www.awwwards.com/sites/8enjamin","https://www.awwwards.com/websites/portfolio/?page=28","https://assets.awwwards.com/awards/media/cache/thumb_880_660/submissions/2025/08/6890e9066d28d142326943.jpg","2025-08-20T10:30:10Z"
"92 West","92-west-1","submission","Business & Corporate | Design Agencies | Web & Interactive | Animation | Big Background Images | Clean | Graphic design | Portfolio | Forms and Input","https://www.awwwards.com/sites/92-west-1","https://www.awwwards.com/websites/portfolio/?page=45","https://assets.awwwards.com/awards/media/cache/thumb_880_660/submissions/2024/11/673282f3209fe780988766.png","2024-11-20T10:20:22Z"
"93GRADOS STUDIO®","93grados-studio-r","submission","Design Agencies | Portfolio | WebGL | GSAP | Three.js | 3D","https://www.awwwards.com/sites/93grados-studio-r","https://www.awwwards.com/websites/portfolio/?page=24","https://assets.awwwards.com/awards/media/cache/thumb_880_660/submissions/2025/10/68fa077c86829181179179.png","2025-10-26T13:03:32Z"
"A HAPPY NEW YEAR 2024","a-happy-new-year-2024","submission","Design Agencies | Web & Interactive | Portfolio | Responsive Design | Single page | Web Fonts | Experimental | 3D | Interaction Design","https://www.awwwards.com/sites/a-happy-new-year-2024","https://www.awwwards.com/websites/portfolio/?page=65","https://assets.awwwards.com/awards/media/cache/thumb_880_660/submissions/2024/01/659ddcd685a44236107899.png","2024-01-15T08:42:59Z"
"A HAPPY NEW YEAR 2025","a-happy-new-year-2025","submission","Design Agencies | Web & Interactive | Portfolio | Responsive Design | Single page | Web Fonts | 360 | Experimental | Interaction Design","https://www.awwwards.com/sites/a-happy-new-year-2025","https://www.awwwards.com/websites/portfolio/?page=40","https://assets.awwwards.com/awards/media/cache/thumb_880_660/submissions/2025/02/67a9d1f4726cd584583895.jpg","2025-02-11T07:08:00Z"
"A HAPPY NEW YEAR 2026","a-happy-new-year-2026","submission","Design Agencies | Web & Interactive | Minimal | Portfolio | Responsive Design | Scrolling | Single page | Experimental | GSAP | Interaction Design | Figma | Astro","https://www.awwwards.com/sites/a-happy-new-year-2026","https://www.awwwards.com/websites/portfolio/?page=20","https://assets.awwwards.com/awards/media/cache/thumb_880_660/submissions/2026/01/6960cf65cc055225554346.png","2026-01-20T11:11:47Z"
"A&T-STUDIO","a-t-studio","submission","Business & Corporate | Design Agencies | Web & Interactive | Animation | Parallax | Portfolio | Scrolling | Transitions | UI design","https://www.awwwards.com/sites/a-t-studio","https://www.awwwards.com/websites/portfolio/?page=52","https://assets.awwwards.com/awards/media/cache/thumb_880_660/submissions/2024/07/669518343a3d5614426847.png","2024-07-25T06:30:13Z"
"A24","a24","submission","Technology | Web & Interactive | Animation | Clean | Portfolio | Experimental | Gallery | GSAP | Three.js | 3D | UI design | BARBA.js","https://www.awwwards.com/sites/a24","https://www.awwwards.com/websites/portfolio/","https://assets.awwwards.com/awards/media/cache/thumb_880_660/submissions/2026/09/6aa063830971d331326333.png","2026-09-21T08:43:50Z"
"Aawkward Aardvark","aawkward-aardvark","submission","Art & Illustration | Design Agencies | Web & Interactive | Animation | Parallax | Portfolio | Storytelling | Interaction Design | UI design","https://www.awwwards.com/sites/aawkward-aardvark","https://www.awwwards.com/websites/portfolio/?page=60","https://assets.awwwards.com/awards/media/cache/thumb_880_660/submissions/2024/03/66056bf5e0f9a795268049.png","2024-04-05T08:45:02Z"
"AB/GD","ab-gd","submission","Design Agencies | Web & Interactive | Clean | Graphic design | Navigation Menu | Portfolio | Typography | Experimental | Interaction Design","https://www.awwwards.com/sites/ab-gd","https://www.awwwards.com/websites/portfolio/?page=38","https://assets.awwwards.com/awards/media/cache/thumb_880_660/submissions/2025/02/67b9b49e80a51293223487.jpg","2025-03-10T07:08:00Z"
"Abhay Singh","abhay-singh","submission","Gallery | Storytelling | Startups | Design Agencies | Contentful | Promotional | Figma | Graphic design | Adobe Illustrator | Minimal | Framer | Portfolio","https://www.awwwards.com/sites/abhay-singh","https://www.awwwards.com/websites/portfolio/?page=4","https://assets.awwwards.com/awards/media/cache/thumb_880_660/submissions/2026/08/6a80084722b5f878505875.jpg","2026-08-28T09:25:26Z"
"Abhishek Jha — Folio '25","abhishek-jha-folio-25","submission","Design Agencies | Web & Interactive | Animation | Portfolio | Scrolling | Typography | GSAP | Three.js | 3D | Header Design | Javascript | Luxury","https://www.awwwards.com/sites/abhishek-jha-folio-25","https://www.awwwards.com/websites/portfolio/?page=26","https://assets.awwwards.com/awards/media/cache/thumb_880_660/submissions/2025/08/68a17d1766b54711825773.png","2025-09-26T00:00:00Z"
"Abigail Kahan","abigail-kahan","submission","Architecture | Animation | Clean | Parallax | Portfolio | Gallery | Storytelling | Real Estate | After Effects | Figma | Adobe Illustrator | Luxury","https://www.awwwards.com/sites/abigail-kahan","https://www.awwwards.com/websites/portfolio/?page=20","https://assets.awwwards.com/awards/media/cache/thumb_880_660/submissions/2026/01/696002a2f3a06464914489.jpg","2026-01-20T11:13:24Z"
"ABT","abt-1","submission","Art & Illustration | Business & Corporate | Graphic design | HTML5 | Photographic | Portfolio","https://www.awwwards.com/sites/abt-1","https://www.awwwards.com/websites/portfolio/?page=18","https://assets.awwwards.com/awards/media/cache/thumb_880_660/submissions/2026/02/6991af54aca4c250579108.jpg","2026-02-19T12:08:00Z"
"Abvtek Interiors","abvtek-interiors","submission","Architecture | Business & Corporate | Minimal | Portfolio | Transitions | Gallery | Gestures / Interaction | Real Estate | About Page | Next.js","https://www.awwwards.com/sites/abvtek-interiors","https://www.awwwards.com/websites/portfolio/?page=9","https://assets.awwwards.com/awards/media/cache/thumb_880_660/submissions/2026/06/6a1ff86607d8f599311022.jpg","2026-06-26T10:41:42Z"
"Accordion","accordion","submission","Web & Interactive | Animation | Clean | Graphic design | Portfolio | Photo & Video | UI design","https://www.awwwards.com/sites/accordion","https://www.awwwards.com/websites/portfolio/?page=50","https://assets.awwwards.com/awards/media/cache/thumb_880_660/submissions/2024/08/66acf257a4bdf764635277.png","2024-08-29T00:00:00Z"
"Acid Crunch","acid-crunch","submission","Gallery | Other | React | Web & Interactive | Next.js | Colorful | Typescript | Fullscreen | Portfolio | Single page | Experimental","https://www.awwwards.com/sites/acid-crunch","https://www.awwwards.com/websites/portfolio/?page=6","https://assets.awwwards.com/awards/media/cache/thumb_880_660/submissions/2026/07/6a57e154a4f07446147063.png","2026-07-30T13:39:53Z"
"Aconite","aconite","submission","Technology | Web & Interactive | Animation | Clean | Minimal | Portfolio | Next.js","https://www.awwwards.com/sites/aconite","https://www.awwwards.com/websites/portfolio/?page=29","https://assets.awwwards.com/awards/media/cache/thumb_880_660/submissions/2025/07/6870d0e168ee8741859850.png","2025-07-29T10:09:44Z"
"Acts of Imagination","acts-of-imagination","submission","Design Agencies | Events | Promotional | Graphic design | Icons | Portfolio | Illustration | Copy design | Header Design","https://www.awwwards.com/sites/acts-of-imagination","https://www.awwwards.com/websites/portfolio/?page=39","https://assets.awwwards.com/awards/media/cache/thumb_880_660/submissions/2025/02/67abab071f9aa994206447.jpg","2025-02-26T06:35:56Z"
"AD - Personal Portfolio","ad-personal-portfolio","submission","Design Agencies | Technology | Web & Interactive | Animation | Portfolio | Transitions | Responsive | 3D | UI design","https://www.awwwards.com/sites/ad-personal-portfolio","https://www.awwwards.com/websites/portfolio/?page=47","https://assets.awwwards.com/awards/media/cache/thumb_880_660/submissions/2024/10/66fccdbc0184a413306494.png","2024-10-11T06:52:34Z"
"Adam Bricker","adam-bricker","submission","Film & TV | Animation | Portfolio | Typography | Video | Photography | Three.js | Photo & Video | UI design | Vercel | Figma","https://www.awwwards.com/sites/adam-bricker","https://www.awwwards.com/websites/portfolio/?page=16","https://assets.awwwards.com/awards/media/cache/thumb_880_660/submissions/2026/01/697d214b583e1488452884.jpg","2026-03-12T00:00:00Z"
"Adam Kozel Portfolio","adam-kozel-portfolio","submission","Design Agencies | Mobile & Apps | Technology | Animation | Minimal | Portfolio | Typography | 3D | UI design | Framer","https://www.awwwards.com/sites/adam-kozel-portfolio","https://www.awwwards.com/websites/portfolio/?page=53","https://assets.awwwards.com/awards/media/cache/thumb_880_660/submissions/2024/07/668c615071363990062766.png","2024-07-17T05:30:33Z"
"ADBC ‘24","adbc-24","submission","Web & Interactive | Animation | Parallax | Portfolio | Gestures / Interaction","https://www.awwwards.com/sites/adbc-24","https://www.awwwards.com/websites/portfolio/?page=60","https://assets.awwwards.com/awards/media/cache/thumb_880_660/submissions/2024/03/65fbdfbae02a3857983633.png","2024-03-28T09:59:18Z"
"Adcker","adcker","submission","Fashion | Web & Interactive | Animation | Clean | Wordpress | Portfolio | Typography | Photography | GSAP | Photo & Video | About Page | BARBA.js","https://www.awwwards.com/sites/adcker","https://www.awwwards.com/websites/portfolio/?page=12","https://assets.awwwards.com/awards/media/cache/thumb_880_660/submissions/2026/04/69d8cb4fd7a65091162088.jpg","2026-05-01T00:00:00Z"
"ADDED","added-2","submission","Design Agencies | Technology | Web & Interactive | Animation | Clean | Minimal | Portfolio | Transitions | Gallery | GSAP | Webflow | Figma","https://www.awwwards.com/sites/added-2","https://www.awwwards.com/websites/portfolio/?page=25","https://assets.awwwards.com/awards/media/cache/thumb_880_660/submissions/2025/10/68dfdf8b5b3dd133546667.png","2025-10-14T10:32:36Z"
"adm Design & Build","adm-design-build","submission","Architecture | Business & Corporate | Animation | Clean | Wordpress | Portfolio | 3D | Real Estate | About Page | Contact Page | Webflow | Adobe Illustrator","https://www.awwwards.com/sites/adm-design-build","https://www.awwwards.com/websites/portfolio/?page=17","https://assets.awwwards.com/awards/media/cache/thumb_880_660/submissions/2026/03/69a7743d06595993672214.png","2026-03-04T11:27:00Z"
"Adovasio","adovasio","submission","Promotional | Clean | Minimal | Photographic | Portfolio | Photography | Gallery | GSAP | Filters and Effects | Figma | DatoCMS | Luxury","https://www.awwwards.com/sites/adovasio","https://www.awwwards.com/websites/portfolio/?page=17","https://assets.awwwards.com/awards/media/cache/thumb_880_660/submissions/2026/01/6973d84f0e58b577133356.jpg","2026-03-05T00:00:00Z"
"AEGIS PLUS","aegis-plus","submission","Design Agencies | Web & Interactive | Animation | Portfolio | 3D","https://www.awwwards.com/sites/aegis-plus","https://www.awwwards.com/websites/portfolio/?page=55","https://assets.awwwards.com/awards/media/cache/thumb_880_660/submissions/2024/06/665db39521602197194775.png","2024-06-11T05:45:27Z"
"Aeruk","aeruk","submission","Design Agencies | Web & Interactive | Wordpress | Graphic design | Portfolio | Responsive Design | 3D | UI design | Project Page | Elementor | Blender","https://www.awwwards.com/sites/aeruk","https://www.awwwards.com/websites/portfolio/?page=12","https://assets.awwwards.com/awards/media/cache/thumb_880_660/submissions/2026/04/69f10a79cb534801069153.png","2026-05-08T10:24:11Z"
"Aether Fox Studio","aether-fox-studio","submission","Design Agencies | Web & Interactive | Minimal | Parallax | Portfolio | Transitions | Interaction Design | UI design | Tailwind | Astro","https://www.awwwards.com/sites/aether-fox-studio","https://www.awwwards.com/websites/portfolio/?page=16","https://assets.awwwards.com/awards/media/cache/thumb_880_660/submissions/2026/03/69a635733eb93308892235.jpg","2026-03-15T14:38:00Z"
"After Party Studios","after-party-studios","submission","Film & TV | Clean | Infinite Scroll | Portfolio | Video | Photo & Video","https://www.awwwards.com/sites/after-party-studios","https://www.awwwards.com/websites/portfolio/?page=46","https://assets.awwwards.com/awards/media/cache/thumb_880_660/submissions/2024/10/670d9cf4c0df7461649302.jpg","2024-10-28T07:14:00Z"
"Agence Double A","agence-double-a","submission","Design Agencies | Web & Interactive | Portfolio","https://www.awwwards.com/sites/agence-double-a","https://www.awwwards.com/websites/portfolio/?page=31","https://assets.awwwards.com/awards/media/cache/thumb_880_660/submissions/2025/06/68550e1e35902836575323.jpg","2025-07-08T09:58:31Z"
"Agence MOREZ","agence-morez","submission","Web & Interactive | Wordpress | Colorful | Portfolio | Design Agencies","https://www.awwwards.com/sites/agence-morez","https://www.awwwards.com/websites/portfolio/?page=6","https://assets.awwwards.com/awards/media/cache/thumb_880_660/submissions/2026/07/6a5e322949a2a730867295.jpg","2026-08-03T08:04:54Z"
"Agence OROYA","agence-oroya","submission","Art & Illustration | Design Agencies | Web & Interactive | Animation | Wordpress | Graphic design | HTML5 | Portfolio | Scrolling | Typography | 404 pages | Javascript","https://www.awwwards.com/sites/agence-oroya","https://www.awwwards.com/websites/portfolio/?page=18","https://assets.awwwards.com/awards/media/cache/thumb_880_660/submissions/2026/02/698b59a6113e0154210500.jpg","2026-02-24T11:15:00Z"
"Agence Tale","agence-tale","submission","Business & Corporate | Design Agencies | Web & Interactive | Graphic design | Portfolio | Video | 360 | 3D | UI design","https://www.awwwards.com/sites/agence-tale","https://www.awwwards.com/websites/portfolio/?page=55","https://assets.awwwards.com/awards/media/cache/thumb_880_660/submissions/2024/06/665ef6cf3afc7043052570.jpg","2024-06-04T06:32:00Z"
"Agence Web P3F","agence-web-p3f","submission","Business & Corporate | Design Agencies | Animation | Graphic design | Portfolio | Responsive Design | Interaction Design | Project Page","https://www.awwwards.com/sites/agence-web-p3f","https://www.awwwards.com/websites/portfolio/?page=68","https://assets.awwwards.com/awards/media/cache/thumb_880_660/submissions/2023/11/6568f3e3534a9916053505.png","2023-12-07T09:04:06Z"
"Agence X designs","agence-x-designs","submission","Business & Corporate | Design Agencies | Graphic design | Portfolio | Responsive Design | SEO | Single page | UI design","https://www.awwwards.com/sites/agence-x-designs","https://www.awwwards.com/websites/portfolio/?page=36","https://assets.awwwards.com/awards/media/cache/thumb_880_660/submissions/2025/03/67ea973943727579059923.jpg","2025-04-10T06:22:00Z"
"Agnikii Digital","agnikii-digital","submission","Design Agencies | Flat Design | Fullscreen | Portfolio | Single page | Microinteractions | Social responsibility","https://www.awwwards.com/sites/agnikii-digital","https://www.awwwards.com/websites/portfolio/?page=35","https://assets.awwwards.com/awards/media/cache/thumb_880_660/submissions/2025/04/67f8443860426646427301.jpg","2025-04-29T05:34:00Z"
"Agustin Burgos Portfolio","agustin-burgos-portfolio","submission","Technology | Web & Interactive | Portfolio | Project Page | Startups","https://www.awwwards.com/sites/agustin-burgos-portfolio","https://www.awwwards.com/websites/portfolio/?page=56","https://assets.awwwards.com/awards/media/cache/thumb_880_660/submissions/2024/05/6648beacebf92904307300.png","2024-05-28T06:09:02Z"
"Ahoy! agvertising agency","ahoy-agvertising-agency","submission","Design Agencies | Other | Web & Interactive | Colorful | Graphic design | Portfolio | Scrolling | Typography | Footer Design","https://www.awwwards.com/sites/ahoy-agvertising-agency","https://www.awwwards.com/websites/portfolio/?page=57","https://assets.awwwards.com/awards/media/cache/thumb_880_660/submissions/2024/05/6641ae1e05c88378121488.png","2024-05-17T08:36:58Z"
"AI Garage by Bryan Oh","ai-garage-by-bryan-oh","submission","Business & Corporate | Technology | Web & Interactive | Animation | Portfolio | WebGL | Storytelling | Interaction Design | UI design | next.js | Next.js | Typescript","https://www.awwwards.com/sites/ai-garage-by-bryan-oh","https://www.awwwards.com/websites/portfolio/","https://assets.awwwards.com/awards/media/cache/thumb_880_660/submissions/2026/09/6aa38207a2877015854759.jpg","2026-09-24T09:15:51Z"
"Aida Pioneer","aida-pioneer","submission","Design Agencies | Animation | Colorful | Flat Design | Graphic design | Portfolio | Contentful","https://www.awwwards.com/sites/aida-pioneer","https://www.awwwards.com/websites/portfolio/?page=68","https://assets.awwwards.com/awards/media/cache/thumb_880_660/submissions/2023/12/656ecfa6aaa6e908501571.png","2023-12-07T09:09:00Z"
"aino.agency","aino-agency","submission","Design Agencies | Technology | Animation | Portfolio | Transitions | Data Visualization | Experimental | UI design | Microinteractions | Vanilla JS","https://www.awwwards.com/sites/aino-agency","https://www.awwwards.com/websites/portfolio/?page=11","https://assets.awwwards.com/awards/media/cache/thumb_880_660/submissions/2026/04/69d8a9cb609f1721377665.png","2026-05-20T00:00:00Z"
"Airbag Studio","airbag-studio","submission","Promotional | Web & Interactive | Colorful | Portfolio | Scrolling | Transitions | Experimental | Microinteractions | 404 pages","https://www.awwwards.com/sites/airbag-studio","https://www.awwwards.com/websites/portfolio/?page=66","https://assets.awwwards.com/awards/media/cache/thumb_880_660/submissions/2023/12/65896c1c69964701802808.jpg","2024-01-02T08:11:00Z"
"Airborne Studio","airborne-studio","submission","Design Agencies | Web & Interactive | Portfolio | Typography | Storytelling | Interaction Design | UI design | Project Page","https://www.awwwards.com/sites/airborne-studio","https://www.awwwards.com/websites/portfolio/?page=44","https://assets.awwwards.com/awards/media/cache/thumb_880_660/submissions/2024/11/673392beed0b0584969921.png","2024-11-20T10:22:00Z"
"Aither","aither","submission","Design Agencies | Technology | Animation | Colorful | Graphic design | Portfolio | 3D | UI design | Figma | Framer","https://www.awwwards.com/sites/aither","https://www.awwwards.com/websites/portfolio/?page=16","https://assets.awwwards.com/awards/media/cache/thumb_880_660/submissions/2026/03/69aef8de249ce475528158.jpeg","2026-03-22T11:07:00Z"
"Aitken Turnbull","aitken-turnbull","submission","Architecture | Design Agencies | Web & Interactive | Wordpress | Fullscreen | Navigation Menu | Photographic | Portfolio | Responsive | GSAP | About Page | Tailwind","https://www.awwwards.com/sites/aitken-turnbull","https://www.awwwards.com/websites/portfolio/?page=23","https://assets.awwwards.com/awards/media/cache/thumb_880_660/submissions/2025/10/6904ca417bcf3418021405.jpg","2025-11-11T10:55:32Z"
"Ajanwachuku P. ⸺ Portfolio '24","ajanwachuku-p-portfolio-24","submission","Design Agencies | Web & Interactive | Minimal | Portfolio | Experimental | Storytelling | Interaction Design","https://www.awwwards.com/sites/ajanwachuku-p-portfolio-24","https://www.awwwards.com/websites/portfolio/?page=48","https://assets.awwwards.com/awards/media/cache/thumb_880_660/submissions/2024/09/66e5ee4a7c179535150710.png","2024-09-26T05:44:00Z"
"Ajibola","ajibola","submission","Games & Entertainment | Web & Interactive | Animation | Minimal | Portfolio | Scrolling | WebGL | 3D | Interaction Design | Startups | Figma | Framer","https://www.awwwards.com/sites/ajibola","https://www.awwwards.com/websites/portfolio/?page=17","https://assets.awwwards.com/awards/media/cache/thumb_880_660/submissions/2026/02/6993a868eb785641784456.jpg","2026-03-01T12:48:52Z"
"Aki Create","aki-create","submission","Art & Illustration | Design Agencies | Web & Interactive | Animation | Clean | CSS | Graphic design | Minimal | Portfolio | Typography | Lottie | Webflow","https://www.awwwards.com/sites/aki-create","https://www.awwwards.com/websites/portfolio/?page=9","https://assets.awwwards.com/awards/media/cache/thumb_880_660/submissions/2026/06/6a323b32b1885871368570.jpg","2026-06-30T09:39:00Z"
"Akilia Partners","akilia-partners","submission","Business & Corporate | Clean | Portfolio","https://www.awwwards.com/sites/akilia-partners","https://www.awwwards.com/websites/portfolio/?page=33","https://assets.awwwards.com/awards/media/cache/thumb_880_660/submissions/2025/05/6824847794cf0280254820.jpg","2025-05-30T09:30:12Z"
"Akshat Design Portfolio","akshat-design-portfolio","submission","Art & Illustration | Other | Minimal | Portfolio | Illustration | Gallery | UI design | Microinteractions | Framer","https://www.awwwards.com/sites/akshat-design-portfolio","https://www.awwwards.com/websites/portfolio/?page=53","https://assets.awwwards.com/awards/media/cache/thumb_880_660/submissions/2024/07/66827ac547349074294000.jpeg","2024-07-10T05:11:00Z"
"𝘼𝙇𝘼𝙉𝙉𝙉 • 𝘼𝙍𝙏 🩹🕶️","1","submission","Art & Illustration | Games & Entertainment | Web & Interactive | Animation | Portfolio | Three.js | 3D | Interaction Design | next.js | Next.js | Blender","https://www.awwwards.com/sites/1","https://www.awwwards.com/websites/portfolio/?page=17","https://assets.awwwards.com/awards/media/cache/thumb_880_660/submissions/2026/02/699697d34a56a282327952.png","2026-03-04T11:26:00Z"
"Alavisuals","alavisuals","submission","Art & Illustration | Design Agencies | Web & Interactive | Graphic design | Portfolio | UI design | Footer Design","https://www.awwwards.com/sites/alavisuals","https://www.awwwards.com/websites/portfolio/?page=49","https://assets.awwwards.com/awards/media/cache/thumb_880_660/submissions/2024/09/66e5f9e50e548121076668.jpg","2024-09-25T05:33:29Z"
"Alberto Oviedo","alberto-oviedo","submission","Film & TV | Clean | Minimal | Portfolio | Photography | Gallery | Photo & Video | 404 pages","https://www.awwwards.com/sites/alberto-oviedo","https://www.awwwards.com/websites/portfolio/?page=51","https://assets.awwwards.com/awards/media/cache/thumb_880_660/submissions/2024/07/66a77bfe3a765073686420.png","2024-08-07T06:22:29Z"
"Alejandro HA — Web Developer","alejandro-ha-web-developer","submission","Technology | Web & Interactive | Animation | Portfolio | Typography | Transitions | Experimental | GSAP | Interaction Design | Microinteractions | BARBA.js | Webflow","https://www.awwwards.com/sites/alejandro-ha-web-developer","https://www.awwwards.com/websites/portfolio/","https://assets.awwwards.com/awards/media/cache/thumb_880_660/submissions/2026/09/6aa3563e68870889972124.png","2026-09-23T08:51:34Z"
"Alejandro Mejias","alejandro-mejias","submission","Other | Technology | Web & Interactive | Portfolio | Typography | Web Fonts | 3D | Interaction Design | UI design | Motion | Framer","https://www.awwwards.com/sites/alejandro-mejias","https://www.awwwards.com/websites/portfolio/?page=57","https://assets.awwwards.com/awards/media/cache/thumb_880_660/submissions/2024/05/663c6c3308857964007234.jpg","2024-05-13T08:27:00Z"
"Alena Figurová","alena-figurova","submission","Design Agencies | Web & Interactive | Minimal | Parallax | Portfolio | Transitions | Microinteractions | 404 pages","https://www.awwwards.com/sites/alena-figurova","https://www.awwwards.com/websites/portfolio/?page=31","https://assets.awwwards.com/awards/media/cache/thumb_880_660/submissions/2025/06/68548024597f8509848503.jpg","2025-07-07T09:53:00Z"
"Alessandro Giammaria Folio23","alessandro-giammaria-folio23","submission","Design Agencies | Promotional | Web & Interactive | Clean | Graphic design | Minimal | Portfolio | Typography | UI design","https://www.awwwards.com/sites/alessandro-giammaria-folio23","https://www.awwwards.com/websites/portfolio/?page=67","https://assets.awwwards.com/awards/media/cache/thumb_880_660/submissions/2023/12/65817d9f89d76086760472.png","2023-12-26T10:39:06Z"
"Alex Ryan Design","alex-ryan-design","submission","Design Agencies | Graphic design | Portfolio | Typography | Project Page","https://www.awwwards.com/sites/alex-ryan-design","https://www.awwwards.com/websites/portfolio/?page=52","https://assets.awwwards.com/awards/media/cache/thumb_880_660/submissions/2024/07/669404293e2da202624147.png","2024-07-23T05:25:11Z"
"Alexander Lokasasmita","alexander-lokasasmita","submission","Web & Interactive | Animation | Minimal | Portfolio | Transitions | GSAP | Three.js | About Page | Project Page | Next.js","https://www.awwwards.com/sites/alexander-lokasasmita","https://www.awwwards.com/websites/portfolio/?page=21","https://assets.awwwards.com/awards/media/cache/thumb_880_660/submissions/2025/12/6946447c6a381683849171.jpg","2026-01-04T12:40:04Z"
"Alexandre Araújo","alexandre-araujo","submission","Art & Illustration | Design Agencies | Web & Interactive | Clean | Portfolio | Typography | UI design | About Page | 404 pages","https://www.awwwards.com/sites/alexandre-araujo","https://www.awwwards.com/websites/portfolio/?page=64","https://assets.awwwards.com/awards/media/cache/thumb_880_660/submissions/2024/01/65b37222db500201115510.jpg","2024-01-31T10:56:37Z"
"Alexandre Joly - Portfolio","alexandre-joly-portfolio","submission","Web & Interactive | Animation | Parallax | Portfolio | Gestures / Interaction | Interaction Design | Microinteractions","https://www.awwwards.com/sites/alexandre-joly-portfolio","https://www.awwwards.com/websites/portfolio/?page=51","https://assets.awwwards.com/awards/media/cache/thumb_880_660/submissions/2024/07/66a952ebd46c8463783895.jpg","2024-08-09T05:37:35Z"
"AllHaus","allhaus","submission","Web & Interactive | Animation | Clean | Wordpress | Portfolio | Transitions | GSAP | Real Estate | UI design | Figma | Luxury","https://www.awwwards.com/sites/allhaus","https://www.awwwards.com/websites/portfolio/?page=3","https://assets.awwwards.com/awards/media/cache/thumb_880_660/submissions/2026/08/6a8749ce88f8d925679775.jpg","2026-09-04T09:46:04Z"
"Alliance Creative","alliance-creative","submission","Business & Corporate | Design Agencies | Web & Interactive | Animation | Clean | Portfolio | Responsive Design | Scrolling | 3D","https://www.awwwards.com/sites/alliance-creative","https://www.awwwards.com/websites/portfolio/?page=38","https://assets.awwwards.com/awards/media/cache/thumb_880_660/submissions/2025/02/67b5b181395a5154457544.jpg","2025-03-06T07:09:13Z"
"Allys","allys","submission","Architecture | Web & Interactive | Portfolio | SEO | Real Estate | UI design | Microinteractions | next.js | Next.js | Tailwind","https://www.awwwards.com/sites/allys","https://www.awwwards.com/websites/portfolio/?page=12","https://assets.awwwards.com/awards/media/cache/thumb_880_660/submissions/2026/04/69ef1d55337f6359673850.jpg","2026-05-05T09:30:00Z"
"Alma Digital corporate website","alma-digital-corporate-website","submission","Business & Corporate | Design Agencies | Web & Interactive | Graphic design | Portfolio | 3D | Filters and Effects | UI design | Header Design","https://www.awwwards.com/sites/alma-digital-corporate-website","https://www.awwwards.com/websites/portfolio/?page=33","https://assets.awwwards.com/awards/media/cache/thumb_880_660/submissions/2025/05/6821f25744a4e409723471.png","2025-05-27T09:57:22Z"
"ALt.","alt-2","submission","Art & Illustration | Web & Interactive | Graphic design | Portfolio | Illustration | Experimental | Storytelling | UI design | Header Design | Figma | Adobe Illustrator | Framer","https://www.awwwards.com/sites/alt-2","https://www.awwwards.com/websites/portfolio/?page=14","https://assets.awwwards.com/awards/media/cache/thumb_880_660/submissions/2026/04/69cd26ade3a0e940680822.jpg","2026-04-12T10:51:19Z"
"Alternative Aesthetics","alternative-aesthetics","submission","Art & Illustration | Design Agencies | E-Commerce | Animation | Graphic design | Icons | Portfolio | Illustration | About Page","https://www.awwwards.com/sites/alternative-aesthetics","https://www.awwwards.com/websites/portfolio/?page=35","https://assets.awwwards.com/awards/media/cache/thumb_880_660/submissions/2025/04/67fe570fadee4708450407.jpg","2025-04-28T06:03:14Z"
"Altun Architects","altun-architects","submission","Architecture | Business & Corporate | Wordpress | Minimal | Portfolio | Typography | Responsive | Content architecture | Footer Design","https://www.awwwards.com/sites/altun-architects","https://www.awwwards.com/websites/portfolio/?page=29","https://assets.awwwards.com/awards/media/cache/thumb_880_660/submissions/2025/07/6881ef3cabaef200761063.jpg","2025-07-28T09:45:16Z"
"AM — Lab '25","am-lab-25","submission","Design Agencies | Web & Interactive | Fullscreen | Portfolio | Unusual Navigation | Transitions | Experimental | 3D | Photo & Video","https://www.awwwards.com/sites/am-lab-25","https://www.awwwards.com/websites/portfolio/?page=35","https://assets.awwwards.com/awards/media/cache/thumb_880_660/submissions/2025/04/67fd2b9be3dff207488734.png","2025-04-28T06:02:41Z"
"Amandine Reynaud","amandine-reynaud","submission","Web & Interactive | Animation | Graphic design | Portfolio | 3D | UI design | Project Page","https://www.awwwards.com/sites/amandine-reynaud","https://www.awwwards.com/websites/portfolio/?page=58","https://assets.awwwards.com/awards/media/cache/thumb_880_660/submissions/2024/04/6623e6f655d53030136240.png","2024-04-26T08:04:48Z"
"AmardenVox","amardenvox","submission","Design Agencies | Animation | Clean | Minimal | Parallax | Portfolio | GSAP | Three.js | React | 3D","https://www.awwwards.com/sites/amardenvox","https://www.awwwards.com/websites/portfolio/?page=13","https://assets.awwwards.com/awards/media/cache/thumb_880_660/submissions/2026/04/69e392bbd2752146523847.png","2026-04-28T09:17:00Z"
"Amir Arhami - 2026","amir-arhami-2026","submission","Art & Illustration | Other | Web & Interactive | Animation | Clean | Minimal | Portfolio | Typography | GSAP | Three.js | 3D | Figma","https://www.awwwards.com/sites/amir-arhami-2026","https://www.awwwards.com/websites/portfolio/?page=17","https://assets.awwwards.com/awards/media/cache/thumb_880_660/submissions/2026/02/699b894900d90785860980.png","2026-03-07T15:05:00Z"
"AMRE Aesthetics and Wellness","amre-aesthetics-and-wellness","submission","Business & Corporate | Web & Interactive | Clean | Photographic | Portfolio | Scrolling | Transitions | Microinteractions | Luxury","https://www.awwwards.com/sites/amre-aesthetics-and-wellness","https://www.awwwards.com/websites/portfolio/?page=41","https://assets.awwwards.com/awards/media/cache/thumb_880_660/submissions/2025/01/67811642f029d134926316.jpg","2025-01-24T06:49:00Z"
"An AI Portfolio in the cosmos","an-ai-portfolio-in-the-cosmos","submission","Art & Illustration | Technology | Web & Interactive | Portfolio | Single page | Storytelling | React | 3D | Filters and Effects | Interaction Design | Typescript | Astro","https://www.awwwards.com/sites/an-ai-portfolio-in-the-cosmos","https://www.awwwards.com/websites/portfolio/?page=10","https://assets.awwwards.com/awards/media/cache/thumb_880_660/submissions/2026/05/6a1aa6e70d512712791221.png","2026-06-13T13:50:00Z"
"An Audience of One","an-audience-of-one","submission","Design Agencies | Technology | Web & Interactive | CSS | Graphic design | HTML5 | Minimal | Parallax | Portfolio | 3D | UI design | Sanity","https://www.awwwards.com/sites/an-audience-of-one","https://www.awwwards.com/websites/portfolio/?page=21","https://assets.awwwards.com/awards/media/cache/thumb_880_660/submissions/2025/12/694147a45de8a352864835.jpg","2025-12-29T11:09:00Z"
"Anaïs Jarnoux Tapissièr·e","anais-jarnoux-tapissier-e","submission","Design Agencies | Other | Graphic design | Minimal | Portfolio | Typography | Unusual Navigation | Experimental | Project Page","https://www.awwwards.com/sites/anais-jarnoux-tapissier-e","https://www.awwwards.com/websites/portfolio/?page=67","https://assets.awwwards.com/awards/media/cache/thumb_880_660/submissions/2023/12/65808e3c23bfd843716167.jpg","2023-12-21T10:59:16Z"
"andhüman","andhuman","submission","Design Agencies | Web & Interactive | Animation | Portfolio | Storytelling | Gestures / Interaction | Forms and Input | About Page | Startups","https://www.awwwards.com/sites/andhuman","https://www.awwwards.com/websites/portfolio/?page=55","https://assets.awwwards.com/awards/media/cache/thumb_880_660/submissions/2024/05/665086c8452bd388898613.jpg","2024-06-11T05:45:00Z"
"Andre Souza Portfolio","andre-souza-portfolio","submission","Art & Illustration | Technology | Web & Interactive | Animation | Portfolio | WebGL | Storytelling | React | Interaction Design | UI design | next.js | Motion","https://www.awwwards.com/sites/andre-souza-portfolio","https://www.awwwards.com/websites/portfolio/?page=25","https://assets.awwwards.com/awards/media/cache/thumb_880_660/submissions/2025/09/68d95a9840300388846260.png","2025-10-10T09:32:46Z"
"andre⁙cirieco™","andre-ciriecotm","submission","Design Agencies | Web & Interactive | Animation | Clean | Graphic design | Portfolio | UI design | Project Page | Webflow | After Effects | Figma","https://www.awwwards.com/sites/andre-ciriecotm","https://www.awwwards.com/websites/portfolio/?page=22","https://assets.awwwards.com/awards/media/cache/thumb_880_660/submissions/2025/11/691de0f344872599452424.jpg","2025-11-28T11:20:29Z"
"Andrea Diego","andrea-diego","submission","Architecture | Big Background Images | Portfolio | Photo & Video | Microinteractions | Luxury","https://www.awwwards.com/sites/andrea-diego","https://www.awwwards.com/websites/portfolio/?page=35","https://assets.awwwards.com/awards/media/cache/thumb_880_660/submissions/2025/03/67cec3030c619723745722.jpg","2025-04-26T00:00:00Z"
"andreigorskikh.digital","andreigorskikh-digital","submission","Business & Corporate | Design Agencies | Web & Interactive | Animation | Portfolio | Typography | Illustration | 3D | UI design | After Effects | Figma | Framer","https://www.awwwards.com/sites/andreigorskikh-digital","https://www.awwwards.com/websites/portfolio/?page=9","https://assets.awwwards.com/awards/media/cache/thumb_880_660/submissions/2026/06/6a22d6ca6c757700816370.png","2026-06-21T13:00:10Z"
"Andrejs Korovskis","andrejs-korovskis","submission","Design Agencies | Mobile & Apps | Web & Interactive | Animation | Clean | Minimal | Portfolio | Responsive | GSAP | UI design | Webflow | After Effects","https://www.awwwards.com/sites/andrejs-korovskis","https://www.awwwards.com/websites/portfolio/?page=27","https://assets.awwwards.com/awards/media/cache/thumb_880_660/submissions/2025/08/68af00808c730893360359.png","2025-09-08T09:14:27Z"
"Andrés Briganti","andres-briganti","submission","Web & Interactive | Graphic design | Minimal | Portfolio | Transitions | Experimental | Gallery | Project Page","https://www.awwwards.com/sites/andres-briganti","https://www.awwwards.com/websites/portfolio/?page=34","https://assets.awwwards.com/awards/media/cache/thumb_880_660/submissions/2025/05/68190a059075d837177995.png","2025-05-19T09:19:26Z"
"Andrew Aden","andrew-aden-2","submission","Design Agencies | E-Commerce | Clean | Flat Design | Portfolio | Photography | Photo & Video | Figma | Cinema 4D | Adobe Photoshop","https://www.awwwards.com/sites/andrew-aden-2","https://www.awwwards.com/websites/portfolio/?page=30","https://assets.awwwards.com/awards/media/cache/thumb_880_660/submissions/2025/06/685d3ac987205220623575.jpg","2025-07-15T10:17:00Z"
"ANDREW JUNG @fadestocodes","andrew-jung-fadestocodes","submission","Technology | Web & Interactive | Portfolio | Scrolling | SVG | Transitions | GSAP | Next.js","https://www.awwwards.com/sites/andrew-jung-fadestocodes","https://www.awwwards.com/websites/portfolio/?page=26","https://assets.awwwards.com/awards/media/cache/thumb_880_660/submissions/2025/09/68c1dca14ff2c626325996.png","2025-09-25T09:37:49Z"
"Andrew Reff — Product Designer","andrew-reff-product-designer","submission","Web & Interactive | Portfolio | Storytelling | GSAP | React | Gestures / Interaction | Interaction Design | About Page | Microinteractions | Vercel","https://www.awwwards.com/sites/andrew-reff-product-designer","https://www.awwwards.com/websites/portfolio/?page=16","https://assets.awwwards.com/awards/media/cache/thumb_880_660/submissions/2026/03/69abab0b84b92586127885.png","2026-03-21T12:26:00Z"
"Andrey Mitko — Portfolio","andrey-mitko-portfolio","submission","Other | Web & Interactive | Clean | Minimal | Portfolio | Responsive Design | Single page | Web Fonts","https://www.awwwards.com/sites/andrey-mitko-portfolio","https://www.awwwards.com/websites/portfolio/?page=42","https://assets.awwwards.com/awards/media/cache/thumb_880_660/submissions/2025/01/67799d383f0cb246244870.png","2025-01-17T06:47:43Z"
"ANFM","anfm","submission","Culture & Education | E-Commerce | Wordpress | Photographic | Portfolio | Typography | Photography | WooCommerce | UI design | Header Design | Footer Design | Figma","https://www.awwwards.com/sites/anfm","https://www.awwwards.com/websites/portfolio/?page=24","https://assets.awwwards.com/awards/media/cache/thumb_880_660/submissions/2025/10/68f88fa526e89718840872.jpg","2025-11-01T13:22:23Z"
"Ang Studio","ang-studio","submission","Design Agencies | Colorful | Infinite Scroll | Portfolio | Transitions | Project Page","https://www.awwwards.com/sites/ang-studio","https://www.awwwards.com/websites/portfolio/?page=55","https://assets.awwwards.com/awards/media/cache/thumb_880_660/submissions/2024/06/6661a15958176980333918.jpg","2024-06-12T05:42:52Z"
"Angélique Damour Design Studio","angelique-damour-design-studio","submission","Business & Corporate | Design Agencies | Web & Interactive | Fullscreen | Parallax | Portfolio | Responsive Design | Interaction Design | UI design","https://www.awwwards.com/sites/angelique-damour-design-studio","https://www.awwwards.com/websites/portfolio/?page=67","https://assets.awwwards.com/awards/media/cache/thumb_880_660/submissions/2023/12/657604787519f881353552.jpg","2023-12-12T09:45:35Z"
"Angus Emmerson — Portfolio","angus-emmerson-portfolio","submission","Film & TV | Music & Sound | Web & Interactive | Animation | Minimal | Portfolio | Scrolling | Gallery | Photo & Video","https://www.awwwards.com/sites/angus-emmerson-portfolio","https://www.awwwards.com/websites/portfolio/?page=64","https://assets.awwwards.com/awards/media/cache/thumb_880_660/submissions/2024/01/65b827dc64472779074808.png","2024-02-08T00:00:00Z"
"Ania Melnik Portfolio","ania-melnik-portfolio","submission","Culture & Education | Design Agencies | Web & Interactive | Animation | Portfolio | Single page | Typography | Footer Design","https://www.awwwards.com/sites/ania-melnik-portfolio","https://www.awwwards.com/websites/portfolio/?page=35","https://assets.awwwards.com/awards/media/cache/thumb_880_660/submissions/2025/04/67ff85b1f01c7322404367.jpg","2025-04-29T05:43:07Z"
"AniMattor","animattor","submission","Art & Illustration | Animation | Flat Design | Portfolio | Illustration | Gestures / Interaction | Microinteractions","https://www.awwwards.com/sites/animattor","https://www.awwwards.com/websites/portfolio/?page=62","https://assets.awwwards.com/awards/media/cache/thumb_880_660/submissions/2024/03/65e3754bb70cd290775485.png","2024-03-07T08:35:22Z"
"Animus Studios","animus-studios","submission","Art & Illustration | Design Agencies | Film & TV | Animation | Colorful | Portfolio | About Page","https://www.awwwards.com/sites/animus-studios","https://www.awwwards.com/websites/portfolio/?page=39","https://assets.awwwards.com/awards/media/cache/thumb_880_660/submissions/2025/01/679bf5733cd18109332637.png","2025-02-27T00:00:00Z"
"Anna Filou","anna-filou","submission","Design Agencies | Promotional | Colorful | Navigation Menu | Portfolio | Responsive | UI design | Project Page","https://www.awwwards.com/sites/anna-filou","https://www.awwwards.com/websites/portfolio/?page=36","https://assets.awwwards.com/awards/media/cache/thumb_880_660/submissions/2025/04/67f2b997d3eee009722068.png","2025-04-21T06:24:19Z"
"Annie Downing Interiors","annie-downing-interiors","submission","Architecture | Design Agencies | E-Commerce | Clean | Colorful | Graphic design | Portfolio | Gallery | Copy design","https://www.awwwards.com/sites/annie-downing-interiors","https://www.awwwards.com/websites/portfolio/?page=43","https://assets.awwwards.com/awards/media/cache/thumb_880_660/submissions/2024/12/67589fb6be7a6049692365.jpg","2024-12-23T08:19:41Z"
"ANRÓ","anro","submission","Art & Illustration | Design Agencies | Promotional | Animation | Portfolio | Typography | Video | Transitions | About Page","https://www.awwwards.com/sites/anro","https://www.awwwards.com/websites/portfolio/?page=49","https://assets.awwwards.com/awards/media/cache/thumb_880_660/submissions/2024/09/66e2fb247e1b3123933197.png","2024-09-24T05:44:55Z"
"Anthracite studio°","anthracite-studiodeg","submission","Art & Illustration | Design Agencies | Web & Interactive | Animation | Clean | Portfolio | Responsive Design | Transitions | UI design","https://www.awwwards.com/sites/anthracite-studiodeg","https://www.awwwards.com/websites/portfolio/?page=32","https://assets.awwwards.com/awards/media/cache/thumb_880_660/submissions/2025/06/683dad329a7ed404983667.png","2025-06-16T09:22:00Z"
"Antidote","antidote-1","submission","Design Agencies | Web & Interactive | Animation | Parallax | Portfolio | 3D | Filters and Effects | UI design","https://www.awwwards.com/sites/antidote-1","https://www.awwwards.com/websites/portfolio/?page=36","https://assets.awwwards.com/awards/media/cache/thumb_880_660/submissions/2025/04/67edd48511909578193903.png","2025-04-16T08:59:29Z"
"Antigel","antigel-2","submission","Design Agencies | Web & Interactive | Animation | Portfolio | Scrolling | Transitions | Microinteractions | next.js","https://www.awwwards.com/sites/antigel-2","https://www.awwwards.com/websites/portfolio/?page=34","https://assets.awwwards.com/awards/media/cache/thumb_880_660/submissions/2025/04/680f6b87330ce033085038.jpg","2025-05-09T07:55:04Z"
"Antoine Enault Studio","antoine-enault-studio","submission","Design Agencies | Web & Interactive | Big Background Images | Colorful | Parallax | Portfolio | Typography | Experimental | Interaction Design | Framer","https://www.awwwards.com/sites/antoine-enault-studio","https://www.awwwards.com/websites/portfolio/?page=60","https://assets.awwwards.com/awards/media/cache/thumb_880_660/submissions/2024/03/6601a6bb64475297500126.jpg","2024-04-02T08:08:02Z"
"ANTOINE MAHASSADI - PORTFOLIO","antoine-mahassadi-portfolio","submission","Web & Interactive | Parallax | Portfolio | WebGL | Transitions | GSAP | 404 pages | Next.js","https://www.awwwards.com/sites/antoine-mahassadi-portfolio","https://www.awwwards.com/websites/portfolio/?page=21","https://assets.awwwards.com/awards/media/cache/thumb_880_660/submissions/2025/12/694c5d95365e6182186278.jpeg","2026-01-09T10:57:16Z"
"Anton Astakhov","anton-astakhov","submission","Web & Interactive | Animation | Portfolio | Transitions | Responsive | 3D | Microinteractions","https://www.awwwards.com/sites/anton-astakhov","https://www.awwwards.com/websites/portfolio/?page=68","https://assets.awwwards.com/awards/media/cache/thumb_880_660/submissions/2023/11/6563c347984b7309286956.png","2023-11-30T09:39:09Z"
"Antonio Calvo Art & Soul","antonio-calvo-art-soul","submission","Art & Illustration | Fashion | Clean | Parallax | Portfolio | Scrolling | Typography | Photography | UI design","https://www.awwwards.com/sites/antonio-calvo-art-soul","https://www.awwwards.com/websites/portfolio/?page=62","https://assets.awwwards.com/awards/media/cache/thumb_880_660/submissions/2024/02/65e0c5f3681be785080956.jpg","2024-03-04T09:29:34Z"
"Antrfx - French Web Designer","antrfx-french-web-designer","submission","Web & Interactive | Animation | Big Background Images | Clean | Portfolio | Single page | GSAP | next.js | Next.js | Tailwind","https://www.awwwards.com/sites/antrfx-french-web-designer","https://www.awwwards.com/websites/portfolio/?page=28","https://assets.awwwards.com/awards/media/cache/thumb_880_660/submissions/2025/08/68990fb6383ce023375912.png","2025-08-24T19:27:03Z"
"APACH - FOLIO '24","apach-folio-24","submission","Design Agencies | Web & Interactive | Flat Design | Portfolio | Scrolling | Typography | Experimental | Gallery | 3D","https://www.awwwards.com/sites/apach-folio-24","https://www.awwwards.com/websites/portfolio/?page=44","https://assets.awwwards.com/awards/media/cache/thumb_880_660/submissions/2024/12/674da356e1044922916879.png","2024-11-28T06:28:00Z"
"Apeksha Jain's portfolio","apeksha-jains-portfolio-1","submission","Technology | Web & Interactive | Portfolio | Storytelling | D3 | 3D | Interaction Design | UI design | Webflow | Figma","https://www.awwwards.com/sites/apeksha-jains-portfolio-1","https://www.awwwards.com/websites/portfolio/?page=25","https://assets.awwwards.com/awards/media/cache/thumb_880_660/submissions/2025/10/68e02b25ee532840975816.jpg","2025-10-15T10:31:18Z"
"Apolline Robert Studio","apolline-robert-studio","submission","Art & Illustration | Design Agencies | Animation | Clean | Graphic design | Minimal | Portfolio | Luxury","https://www.awwwards.com/sites/apolline-robert-studio","https://www.awwwards.com/websites/portfolio/?page=50","https://assets.awwwards.com/awards/media/cache/thumb_880_660/submissions/2024/08/66cccc6e73a72832980944.jpg","2024-09-09T05:45:02Z"
"Apollo Studio","apollo-studio","submission","Design Agencies | Web & Interactive | Portfolio | UI design | Microinteractions | Framer","https://www.awwwards.com/sites/apollo-studio","https://www.awwwards.com/websites/portfolio/?page=40","https://assets.awwwards.com/awards/media/cache/thumb_880_660/submissions/2025/01/67925eddf2d01333056188.png","2025-02-06T06:59:00Z"
"Applied Arts","applied-arts-1","submission","Design Agencies | Clean | Portfolio | GSAP | About Page | Project Page | BARBA.js | Webflow","https://www.awwwards.com/sites/applied-arts-1","https://www.awwwards.com/websites/portfolio/?page=26","https://assets.awwwards.com/awards/media/cache/thumb_880_660/submissions/2025/09/68d110514713e448029297.jpg","2025-10-04T14:34:22Z"
"après- creative studio","apres-creative-studio","submission","Design Agencies | Wordpress | Colorful | Graphic design | Portfolio | Typography | Photography | Filters and Effects | Copy design","https://www.awwwards.com/sites/apres-creative-studio","https://www.awwwards.com/websites/portfolio/?page=30","https://assets.awwwards.com/awards/media/cache/thumb_880_660/submissions/2025/06/685eba3e5721a700570332.jpg","2025-07-16T10:29:00Z"
"Aqua dev Portfolio","aqua-dev-portfolio-1","submission","Art & Illustration | Design Agencies | Web & Interactive | Animation | Clean | Minimal | Portfolio | Responsive | Microinteractions","https://www.awwwards.com/sites/aqua-dev-portfolio-1","https://www.awwwards.com/websites/portfolio/?page=66","https://assets.awwwards.com/awards/media/cache/thumb_880_660/submissions/2023/12/6589e44f009f5694147359.png","2024-01-03T08:17:47Z"
"Aqui Lá Acolá","aqui-la-acola","submission","Photographic | Portfolio | Photography | Gallery | Storytelling | Photo & Video | Project Page | Figma | Readymag","https://www.awwwards.com/sites/aqui-la-acola","https://www.awwwards.com/websites/portfolio/?page=18","https://assets.awwwards.com/awards/media/cache/thumb_880_660/submissions/2026/02/698500936e322273452670.png","2026-02-18T12:27:59Z"
"Aralesk — Collages & Motion","aralesk-collages-motion","submission","Fashion | GSAP | Web & Interactive | Microinteractions | Colorful | Javascript | CSS | Graphic design | Portfolio | Illustration | Art & Illustration | Storytelling","https://www.awwwards.com/sites/aralesk-collages-motion","https://www.awwwards.com/websites/portfolio/?page=5","https://assets.awwwards.com/awards/media/cache/thumb_880_660/submissions/2026/08/6a708fdbee569947579168.png","2026-08-17T12:24:42Z"
"Arc.","arc-1","submission","Architecture | Clean | Minimal | Portfolio | Typography | GSAP | Photo & Video | Project Page | Webflow | Javascript","https://www.awwwards.com/sites/arc-1","https://www.awwwards.com/websites/portfolio/?page=26","https://assets.awwwards.com/awards/media/cache/thumb_880_660/submissions/2025/08/68a3d36365a85273718566.jpg","2025-10-01T10:23:51Z"
"ArcArch","arcarch","submission","Architecture | Design Agencies | Animation | Clean | Minimal | Portfolio | Gallery | Real Estate | Interaction Design","https://www.awwwards.com/sites/arcarch","https://www.awwwards.com/websites/portfolio/?page=56","https://assets.awwwards.com/awards/media/cache/thumb_880_660/submissions/2024/05/6653d9dada0f6386527885.jpg","2024-06-03T05:17:30Z"
"Archi Green Design Studio","archi-green-design-studio","submission","Architecture | Design Agencies | Horizontal Layout | Portfolio | Responsive Design | Transitions | GSAP | Gestures / Interaction | Elementor","https://www.awwwards.com/sites/archi-green-design-studio","https://www.awwwards.com/websites/portfolio/?page=11","https://assets.awwwards.com/awards/media/cache/thumb_880_660/submissions/2026/05/6a01f2e74244c152471822.png","2026-05-22T09:54:00Z"
"Archi-malin Studio","archi-malin-studio","submission","Architecture | Other | Animation | Horizontal Layout | Portfolio | Scrolling | Photo & Video | UI design","https://www.awwwards.com/sites/archi-malin-studio","https://www.awwwards.com/websites/portfolio/?page=35","https://assets.awwwards.com/awards/media/cache/thumb_880_660/submissions/2025/04/67fd2f39e2843806741663.jpg","2025-04-28T06:02:57Z"
"Archie Max","archie-max","submission","Design Agencies | Clean | Minimal | Portfolio | Responsive Design | Single page | UI design | Startups","https://www.awwwards.com/sites/archie-max","https://www.awwwards.com/websites/portfolio/?page=68","https://assets.awwwards.com/awards/media/cache/thumb_880_660/submissions/2023/11/656691ff638b3201794923.png","2023-12-04T12:32:55Z"
"Arkitektkontoret Vest","arkitektkontoret-vest","submission","Architecture | Clean | Wordpress | Infinite Scroll | Minimal | Photographic | Portfolio | Photography | Real Estate | Microinteractions | BARBA.js | Javascript","https://www.awwwards.com/sites/arkitektkontoret-vest","https://www.awwwards.com/websites/portfolio/?page=19","https://assets.awwwards.com/awards/media/cache/thumb_880_660/submissions/2026/01/6978d79729966817147718.jpg","2026-02-07T12:55:10Z"
"Armory AI Agency","armory-ai-agency","submission","Design Agencies | Technology | Icons | Navigation Menu | Portfolio | Illustration | Data Visualization | Interaction Design | Startups | Figma | Next.js | Framer","https://www.awwwards.com/sites/armory-ai-agency","https://www.awwwards.com/websites/portfolio/?page=10","https://assets.awwwards.com/awards/media/cache/thumb_880_660/submissions/2026/05/6a1773c67d1ac035743761.jpg","2026-06-10T09:54:00Z"
"Armur","armur","submission","Design Agencies | Film & TV | Animation | Fullscreen | Minimal | Portfolio | Typography | Experimental | 3D","https://www.awwwards.com/sites/armur","https://www.awwwards.com/websites/portfolio/?page=62","https://assets.awwwards.com/awards/media/cache/thumb_880_660/submissions/2024/02/65bfd3804a0da225044385.png","2024-02-24T00:00:00Z"
"Arnaud Rocca - Portfolio","arnaud-rocca-portfolio","submission","Technology | Web & Interactive | Big Background Images | Parallax | Portfolio | WebGL | Responsive | GSAP | Filters and Effects | Microinteractions | Nuxt.js","https://www.awwwards.com/sites/arnaud-rocca-portfolio","https://www.awwwards.com/websites/portfolio/?page=16","https://assets.awwwards.com/awards/media/cache/thumb_880_660/submissions/2026/03/69a5bb4f3656a173339225.jpg","2026-03-15T14:42:48Z"
"AROCK","arock","submission","Music & Sound | Promotional | Web & Interactive | Animation | Portfolio | Transitions | Filters and Effects","https://www.awwwards.com/sites/arock","https://www.awwwards.com/websites/portfolio/?page=56","https://assets.awwwards.com/awards/media/cache/thumb_880_660/submissions/2024/04/662397afe21d5447742678.jpg","2024-05-20T00:00:00Z"
"ARST/DN","arst-dn","submission","Web & Interactive | Animation | Clean | Portfolio | Interaction Design | UI design | Project Page | After Effects | Figma | Framer","https://www.awwwards.com/sites/arst-dn","https://www.awwwards.com/websites/portfolio/?page=21","https://assets.awwwards.com/awards/media/cache/thumb_880_660/submissions/2025/12/694aa273c0bc9996634035.png","2026-01-08T10:46:00Z"
"ArtClass","artclass","submission","Film & TV | Clean | Minimal | Portfolio | GSAP | Contentful | Webflow","https://www.awwwards.com/sites/artclass","https://www.awwwards.com/websites/portfolio/?page=10","https://assets.awwwards.com/awards/media/cache/thumb_880_660/submissions/2026/06/6a2028f177161733964667.png","2026-06-18T11:20:00Z"
"Artefakt","artefakt","submission","Film & TV | Wordpress | Portfolio | Typography | WebGL | Transitions | GSAP | 3D | Photo & Video | Microinteractions","https://www.awwwards.com/sites/artefakt","https://www.awwwards.com/websites/portfolio/?page=15","https://assets.awwwards.com/awards/media/cache/thumb_880_660/submissions/2026/03/69b836f06e3c8597189213.jpg","2026-04-03T00:00:00Z"
"Artem Militonian (2024)","artem-militonian-2024","submission","Art & Illustration | Other | Portfolio | Typography","https://www.awwwards.com/sites/artem-militonian-2024","https://www.awwwards.com/websites/portfolio/?page=50","https://assets.awwwards.com/awards/media/cache/thumb_880_660/submissions/2024/08/66c731bc84fd7080956754.jpg","2024-08-29T05:36:59Z"
"Artem Shcherbakov","artem-shcherbakov","submission","Design Agencies | Film & TV | Animation | Portfolio | GSAP | Three.js | Photo & Video | About Page | Project Page | 404 pages | Next.js","https://www.awwwards.com/sites/artem-shcherbakov","https://www.awwwards.com/websites/portfolio/?page=7","https://assets.awwwards.com/awards/media/cache/thumb_880_660/submissions/2026/05/6a0d91d70fb12233968918.png","2026-07-25T00:00:00Z"
"Artem Shcherban Portfolio","artem-shcherban-portfolio","submission","Design Agencies | Other | Web & Interactive | Clean | Minimal | Portfolio | GSAP | Content architecture | Interaction Design | Webflow | Figma","https://www.awwwards.com/sites/artem-shcherban-portfolio","https://www.awwwards.com/websites/portfolio/?page=14","https://assets.awwwards.com/awards/media/cache/thumb_880_660/submissions/2026/03/69b11ccf2555e763147176.jpg","2026-04-05T00:00:00Z"
"Arthur Petrillo’s work hub","arthur-petrillos-work-hub","submission","Design Agencies | Technology | Graphic design | Portfolio | Data Visualization | 3D | Interaction Design | UI design","https://www.awwwards.com/sites/arthur-petrillos-work-hub","https://www.awwwards.com/websites/portfolio/?page=55","https://assets.awwwards.com/awards/media/cache/thumb_880_660/submissions/2024/06/6667f7885a53c681847883.png","2024-06-19T06:22:25Z"
"Artiom Yakushev","artiom-yakushev","submission","Promotional | Web & Interactive | Graphic design | Parallax | Portfolio | Transitions | GSAP | Filters and Effects | About Page | Webflow | Figma","https://www.awwwards.com/sites/artiom-yakushev","https://www.awwwards.com/websites/portfolio/?page=21","https://assets.awwwards.com/awards/media/cache/thumb_880_660/submissions/2025/11/6925677e253e9025359880.png","2025-12-27T00:00:00Z"
"Artist Jorge Mateo","artist-jorge-mateo","submission","Art & Illustration | Mobile & Apps | Web & Interactive | Clean | Minimal | Portfolio | Responsive Design | Gallery | Responsive | WooCommerce","https://www.awwwards.com/sites/artist-jorge-mateo","https://www.awwwards.com/websites/portfolio/?page=54","https://assets.awwwards.com/awards/media/cache/thumb_880_660/submissions/2024/06/6674065b1b1aa307902091.png","2024-06-27T07:27:00Z"
"Artistsweb","artistsweb-3","submission","Business & Corporate | Design Agencies | Promotional | Navigation Menu | Portfolio | Transitions | About Page | Header Design | Project Page","https://www.awwwards.com/sites/artistsweb-3","https://www.awwwards.com/websites/portfolio/?page=63","https://assets.awwwards.com/awards/media/cache/thumb_880_660/submissions/2024/02/65ca30e8c3557326738007.jpg","2024-02-19T08:54:21Z"
"Artone Studio","artone-studio-1","submission","Design Agencies | Clean | Minimal | Portfolio | Menu - Vertical | UI design | Header Design | Framer","https://www.awwwards.com/sites/artone-studio-1","https://www.awwwards.com/websites/portfolio/?page=34","https://assets.awwwards.com/awards/media/cache/thumb_880_660/submissions/2025/04/680e379e02900523229885.jpg","2025-05-12T09:31:47Z"
"Arturo Spatino","arturo-spatino","submission","Design Agencies | Web & Interactive | Clean | Minimal | Portfolio | Typography | React | UI design | Figma | Next.js","https://www.awwwards.com/sites/arturo-spatino","https://www.awwwards.com/websites/portfolio/?page=3","https://assets.awwwards.com/awards/media/cache/thumb_880_660/submissions/2026/08/6a8ee93148563783429971.png","2026-09-09T08:31:59Z"
"ArtyDevs㋛","artydevssi","submission","Business & Corporate | Design Agencies | Web & Interactive | Animation | Parallax | Portfolio | Transitions | Interaction Design | UI design","https://www.awwwards.com/sites/artydevssi","https://www.awwwards.com/websites/portfolio/?page=40","https://assets.awwwards.com/awards/media/cache/thumb_880_660/submissions/2025/02/67a0cca59841f185849411.png","2025-02-06T07:04:41Z"
"Arun.Design","arun-design","submission","Design Agencies | Animation | Clean | Portfolio | Scrolling | Interaction Design | UI design","https://www.awwwards.com/sites/arun-design","https://www.awwwards.com/websites/portfolio/?page=63","https://assets.awwwards.com/awards/media/cache/thumb_880_660/submissions/2024/02/65c3a62ec7af9576956589.jpg","2024-02-14T09:58:53Z"
"Arvin Leeuwis","arvin-leeuwis-2","submission","Web & Interactive | Portfolio | Single page | Experimental | 3D","https://www.awwwards.com/sites/arvin-leeuwis-2","https://www.awwwards.com/websites/portfolio/?page=61","https://assets.awwwards.com/awards/media/cache/thumb_880_660/submissions/2024/03/65e723bcc2df6385681191.jpg","2024-03-11T08:47:42Z"
"Asadoorian","asadoorian","submission","Business & Corporate | Animation | Colorful | Portfolio | Real Estate | About Page | Contact Page","https://www.awwwards.com/sites/asadoorian","https://www.awwwards.com/websites/portfolio/?page=35","https://assets.awwwards.com/awards/media/cache/thumb_880_660/submissions/2025/04/6807b99394793417100318.png","2025-05-01T07:10:50Z"
"Ascend Marketing","ascend-marketing","submission","Design Agencies | Web & Interactive | Portfolio | WebGL | Storytelling | 3D | Startups","https://www.awwwards.com/sites/ascend-marketing","https://www.awwwards.com/websites/portfolio/?page=16","https://assets.awwwards.com/awards/media/cache/thumb_880_660/submissions/2026/03/69af032982204248557069.png","2026-03-19T10:30:00Z"
"Aseem Gautam—Portfolio","aseem-gautam-portfolio","submission","Web & Interactive | Minimal | Portfolio | Typography | Gallery | 3D | Gestures / Interaction | Framer","https://www.awwwards.com/sites/aseem-gautam-portfolio","https://www.awwwards.com/websites/portfolio/?page=35","https://assets.awwwards.com/awards/media/cache/thumb_880_660/submissions/2025/04/6802068e6359e640282645.jpg","2025-05-02T09:01:29Z"
"Ashfall Studio","ashfall-studio","submission","Business & Corporate | Promotional | Web & Interactive | Portfolio | Transitions | Storytelling | 3D | Interaction Design | Header Design","https://www.awwwards.com/sites/ashfall-studio","https://www.awwwards.com/websites/portfolio/?page=53","https://assets.awwwards.com/awards/media/cache/thumb_880_660/submissions/2024/06/667c3b6b49a25507086595.png","2024-07-18T00:00:00Z"
"ASIA","asia","submission","Business & Corporate | Design Agencies | E-Commerce | Animation | Portfolio | Scrolling | Transitions | About Page | 404 pages","https://www.awwwards.com/sites/asia","https://www.awwwards.com/websites/portfolio/?page=52","https://assets.awwwards.com/awards/media/cache/thumb_880_660/submissions/2024/07/6697abe6585c9904152151.jpg","2024-07-26T06:04:52Z"
"Astra","astra","submission","Design Agencies | Promotional | Web & Interactive | Animation | Portfolio | Responsive Design | Typography | Photo & Video | UI design | Figma | Framer","https://www.awwwards.com/sites/astra","https://www.awwwards.com/websites/portfolio/?page=28","https://assets.awwwards.com/awards/media/cache/thumb_880_660/submissions/2025/08/689c61f22aa5f873796412.png","2025-08-26T13:31:05Z"
"Astrid Mottes","astrid-mottes","submission","Art & Illustration | Design Agencies | Web & Interactive | Animation | Colorful | Graphic design | Parallax | Portfolio | Illustration","https://www.awwwards.com/sites/astrid-mottes","https://www.awwwards.com/websites/portfolio/?page=49","https://assets.awwwards.com/awards/media/cache/thumb_880_660/submissions/2024/09/66e86464edcfb042438268.png","2024-09-23T06:12:00Z"
"Astroshock","astroshock","submission","Design Agencies | Technology | Web & Interactive | Animation | Colorful | Portfolio | Transitions | 3D | 404 pages","https://www.awwwards.com/sites/astroshock","https://www.awwwards.com/websites/portfolio/?page=53","https://assets.awwwards.com/awards/media/cache/thumb_880_660/submissions/2024/06/6679a4b67a211421832535.jpg","2024-07-04T06:42:00Z"
"Atelier Design","atelier-design-2","submission","Design Agencies | Animation | Colorful | Parallax | Portfolio | Storytelling | Interaction Design","https://www.awwwards.com/sites/atelier-design-2","https://www.awwwards.com/websites/portfolio/?page=45","https://assets.awwwards.com/awards/media/cache/thumb_880_660/submissions/2024/10/671bc6ead3c01370298331.jpg","2024-11-06T06:36:01Z"
"Aterlab","aterlab","submission","Design Agencies | Music & Sound | CSS | HTML5 | Portfolio | Unusual Navigation | Transitions | Experimental | Sound-Audio | GSAP | 3D | Microinteractions","https://www.awwwards.com/sites/aterlab","https://www.awwwards.com/websites/portfolio/?page=12","https://assets.awwwards.com/awards/media/cache/thumb_880_660/submissions/2026/04/69ee28627c5d4888216033.jpg","2026-05-05T09:34:00Z"
"Atina ativos naturais","atina-ativos-naturais","submission","Business & Corporate | Institutions | Colorful | Fullscreen | Graphic design | Parallax | Portfolio | Illustration | Social responsibility","https://www.awwwards.com/sites/atina-ativos-naturais","https://www.awwwards.com/websites/portfolio/?page=42","https://assets.awwwards.com/awards/media/cache/thumb_880_660/submissions/2024/07/668409730f006939456461.jpg","2025-01-16T07:55:01Z"
"ATIO Studio","atio-studio","submission","Web & Interactive | Graphic design | Portfolio | Typography | Web Fonts | Experimental | Filters and Effects | UI design","https://www.awwwards.com/sites/atio-studio","https://www.awwwards.com/websites/portfolio/?page=67","https://assets.awwwards.com/awards/media/cache/thumb_880_660/submissions/2023/11/65611d00e5f78879062209.png","2023-12-29T00:00:00Z"
"Atly • UI/UX Designer","atly-ui-ux-designer","submission","Design Agencies | Web & Interactive | Clean | Minimal | Portfolio | Video | About Page | Footer Design | Startups","https://www.awwwards.com/sites/atly-ui-ux-designer","https://www.awwwards.com/websites/portfolio/?page=65","https://assets.awwwards.com/awards/media/cache/thumb_880_660/submissions/2024/01/65a2341df2c2a628932447.jpg","2024-01-17T09:01:52Z"
"Atoll Digital","atoll-digital-1","submission","Business & Corporate | Design Agencies | Web & Interactive | Animation | Portfolio | 3D | Filters and Effects | About Page | Header Design","https://www.awwwards.com/sites/atoll-digital-1","https://www.awwwards.com/websites/portfolio/?page=37","https://assets.awwwards.com/awards/media/cache/thumb_880_660/submissions/2025/02/67b5ee6ea3222081717217.png","2025-03-24T00:00:00Z"
"Atomic © Black","atomic-c-black","submission","Design Agencies | Web & Interactive | Clean | Portfolio | Interaction Design | UI design | Microinteractions | Footer Design | Next.js | Tailwind | Typescript | Luxury","https://www.awwwards.com/sites/atomic-c-black","https://www.awwwards.com/websites/portfolio/?page=13","https://assets.awwwards.com/awards/media/cache/thumb_880_660/submissions/2026/04/69de01a4205cf053452167.png","2026-04-24T10:04:00Z"
"Aurel's Grand Theater","aurels-grand-theater","submission","Other | Web & Interactive | Animation | Portfolio | Unusual Navigation | Experimental | Sound-Audio | 3D | Microinteractions","https://www.awwwards.com/sites/aurels-grand-theater","https://www.awwwards.com/websites/portfolio/?page=34","https://assets.awwwards.com/awards/media/cache/thumb_880_660/submissions/2025/04/68035427c432b315550921.jpg","2025-05-12T00:00:00Z"
"Aurora Agency","aurora-agency","submission","Business & Corporate | Design Agencies | Web & Interactive | Animation | Big Background Images | CSS | Portfolio | Scrolling | Forms and Input | 404 pages | Figma","https://www.awwwards.com/sites/aurora-agency","https://www.awwwards.com/websites/portfolio/?page=23","https://assets.awwwards.com/awards/media/cache/thumb_880_660/submissions/2025/11/6915c2e6a112e906619136.jpg","2025-11-23T13:31:00Z"
"Aurora's Portfolio","auroras-portfolio","submission","Art & Illustration | Design Agencies | Promotional | Clean | Portfolio | Gallery | UI design","https://www.awwwards.com/sites/auroras-portfolio","https://www.awwwards.com/websites/portfolio/?page=39","https://assets.awwwards.com/awards/media/cache/thumb_880_660/submissions/2025/02/67aa2af832d8f613513360.png","2025-02-21T15:27:32Z"
"Ausra Babiedaite","ausra-babiedaite","submission","Web & Interactive | Animation | Horizontal Layout | Portfolio | Photography | Transitions | GSAP | Microinteractions | BARBA.js | Tailwind","https://www.awwwards.com/sites/ausra-babiedaite","https://www.awwwards.com/websites/portfolio/?page=29","https://assets.awwwards.com/awards/media/cache/thumb_880_660/submissions/2025/07/68779e1f568d0883505597.jpg","2025-07-30T10:02:42Z"
"Aussie Buckets","aussie-buckets","submission","Business & Corporate | E-Commerce | Big Background Images | Portfolio | Copy design | Project Page | Contentful","https://www.awwwards.com/sites/aussie-buckets","https://www.awwwards.com/websites/portfolio/?page=40","https://assets.awwwards.com/awards/media/cache/thumb_880_660/submissions/2025/01/679ab88a162ba381649422.jpg","2025-02-11T06:55:00Z"
"Austo Entertainment","austo-entertainment","submission","Events | Music & Sound | Animation | Portfolio | Typography | GSAP | Forms and Input | Photo & Video | Webflow | Figma","https://www.awwwards.com/sites/austo-entertainment","https://www.awwwards.com/websites/portfolio/?page=21","https://assets.awwwards.com/awards/media/cache/thumb_880_660/submissions/2025/12/6936de248d650259222840.png","2025-12-19T11:09:59Z"
"AUTILLUS","autillus","submission","Art & Illustration | Magazine / Newspaper / Blog | Culture & Education | Colorful | Graphic design | Portfolio | Typography | Illustration | UI design","https://www.awwwards.com/sites/autillus","https://www.awwwards.com/websites/portfolio/?page=39","https://assets.awwwards.com/awards/media/cache/thumb_880_660/submissions/2025/02/67b476792b292793806547.png","2025-02-24T05:46:00Z"
"Aux Studio","aux-studio","submission","Design Agencies | Clean | Portfolio | 360 | Copy design | Framer","https://www.awwwards.com/sites/aux-studio","https://www.awwwards.com/websites/portfolio/?page=50","https://assets.awwwards.com/awards/media/cache/thumb_880_660/submissions/2024/08/66d2b66eab00e382027963.png","2024-09-11T04:14:16Z"
"AVA SRG","ava-srg","submission","Art & Illustration | Web & Interactive | Animation | Portfolio | Scrolling | WebGL | Three.js | 3D | UI design | Lottie","https://www.awwwards.com/sites/ava-srg","https://www.awwwards.com/websites/portfolio/?page=17","https://assets.awwwards.com/awards/media/cache/thumb_880_660/submissions/2026/01/6979dd0634ef7935886833.png","2026-03-01T00:00:00Z"
"Avec","avec-1","submission","Business & Corporate | Fashion | Clean | Wordpress | Portfolio | Unusual Navigation | Transitions | GSAP | Footer Design | Project Page | Luxury","https://www.awwwards.com/sites/avec-1","https://www.awwwards.com/websites/portfolio/?page=17","https://assets.awwwards.com/awards/media/cache/thumb_880_660/submissions/2026/02/69a16f9aaf497734336488.jpg","2026-03-08T13:38:00Z"
"Avec Anni","avec-anni","submission","Design Agencies | Animation | Portfolio | Responsive Design | Typography | Interaction Design | Microinteractions | Figma | Framer","https://www.awwwards.com/sites/avec-anni","https://www.awwwards.com/websites/portfolio/","https://assets.awwwards.com/awards/media/cache/thumb_880_660/submissions/2026/09/6aafbb75d9d13300037216.png","2026-09-25T08:40:42Z"
"AW Portfolio","aw-portfolio","submission","Technology | Web & Interactive | Minimal | Portfolio | Retro | Scrolling | Single page | Typography | Experimental","https://www.awwwards.com/sites/aw-portfolio","https://www.awwwards.com/websites/portfolio/?page=43","https://assets.awwwards.com/awards/media/cache/thumb_880_660/submissions/2024/11/673b056aa1e72612849926.png","2024-12-12T00:00:00Z"
"Axel Vanhessche","axel-vanhessche","submission","Fashion | Web & Interactive | Animation | Parallax | Photographic | Portfolio | Photography | Transitions | Gallery","https://www.awwwards.com/sites/axel-vanhessche","https://www.awwwards.com/websites/portfolio/?page=60","https://assets.awwwards.com/awards/media/cache/thumb_880_660/submissions/2024/03/65f99d1ee50f8270855897.png","2024-04-02T00:00:00Z"
"Ayala Pavo","ayala-pavo","submission","Design Agencies | Technology | Web & Interactive | Animation | Graphic design | Portfolio | Storytelling | Gestures / Interaction | UI design","https://www.awwwards.com/sites/ayala-pavo","https://www.awwwards.com/websites/portfolio/?page=34","https://assets.awwwards.com/awards/media/cache/thumb_880_660/submissions/2025/05/6814bfb0adb71228207041.png","2025-05-16T11:16:46Z"
"AZ AGENCY","az-agency","submission","Business & Corporate | Design Agencies | Web & Interactive | Animation | Graphic design | Portfolio | Responsive Design | Typography | UI design","https://www.awwwards.com/sites/az-agency","https://www.awwwards.com/websites/portfolio/?page=54","https://assets.awwwards.com/awards/media/cache/thumb_880_660/submissions/2024/06/667454919c96a404715846.jpg","2024-06-28T06:13:38Z"
"Aziz Akobirov","aziz-akobirov","submission","Art & Illustration | Design Agencies | Other | Animation | Big Background Images | Clean | Colorful | Portfolio | UI design","https://www.awwwards.com/sites/aziz-akobirov","https://www.awwwards.com/websites/portfolio/?page=56","https://assets.awwwards.com/awards/media/cache/thumb_880_660/submissions/2024/05/66492795bcac5563508285.png","2024-05-27T06:06:43Z"
"AZIZ KHALDI PORTFOLIO","aziz-khaldi-portfolio","submission","Other | Web & Interactive | Portfolio | GSAP | Next.js | Tailwind | Luxury","https://www.awwwards.com/sites/aziz-khaldi-portfolio","https://www.awwwards.com/websites/portfolio/?page=22","https://assets.awwwards.com/awards/media/cache/thumb_880_660/submissions/2025/11/692170a967d1e079102397.jpg","2025-12-01T11:18:10Z"
"Azuro Digital","azuro-digital","submission","Design Agencies | Technology | Web & Interactive | Clean | Wordpress | Colorful | Graphic design | Portfolio | SEO | UI design | Figma | Elementor","https://www.awwwards.com/sites/azuro-digital","https://www.awwwards.com/websites/portfolio/?page=16","https://assets.awwwards.com/awards/media/cache/thumb_880_660/submissions/2026/03/69a9fc10bea05542276106.jpg","2026-03-20T16:55:00Z"
"B/UXSTUDIO Creative Web Design","b-uxstudio-creative-web-design","submission","Art & Illustration | Design Agencies | Web & Interactive | Animation | Clean | Flat Design | Minimal | Portfolio | UI design","https://www.awwwards.com/sites/b-uxstudio-creative-web-design","https://www.awwwards.com/websites/portfolio/?page=54","https://assets.awwwards.com/awards/media/cache/thumb_880_660/submissions/2024/06/6670d74d54c60278337215.png","2024-06-26T07:30:30Z"
"Báchoo Design","bachoo-design","submission","Business & Corporate | Design Agencies | Web & Interactive | Portfolio | Typography | Forms and Input | Interaction Design | UI design | Footer Design","https://www.awwwards.com/sites/bachoo-design","https://www.awwwards.com/websites/portfolio/?page=41","https://assets.awwwards.com/awards/media/cache/thumb_880_660/submissions/2025/01/6790dadb134cc451179017.png","2025-02-05T07:38:00Z"
"Backbone Branding","backbone-branding","submission","Art & Illustration | Business & Corporate | Design Agencies | Animation | Big Background Images | Clean | Portfolio | Gallery | UI design","https://www.awwwards.com/sites/backbone-branding","https://www.awwwards.com/websites/portfolio/?page=54","https://assets.awwwards.com/awards/media/cache/thumb_880_660/submissions/2024/06/6672a358b4aca940895091.jpg","2024-06-26T07:54:00Z"
"Badbvisor","badbvisor","submission","Business & Corporate | Design Agencies | Web & Interactive | Animation | Clean | Minimal | Portfolio | 3D | UI design","https://www.awwwards.com/sites/badbvisor","https://www.awwwards.com/websites/portfolio/?page=51","https://assets.awwwards.com/awards/media/cache/thumb_880_660/submissions/2024/08/66bc70c1becc9299975644.png","2024-08-26T06:18:18Z"
"Baguette Studio","baguette-studio","submission","Design Agencies | Web & Interactive | Animation | Flat Design | Portfolio | Scrolling | Interaction Design | UI design","https://www.awwwards.com/sites/baguette-studio","https://www.awwwards.com/websites/portfolio/?page=59","https://assets.awwwards.com/awards/media/cache/thumb_880_660/submissions/2024/04/660fd7fea2f09531351355.png","2024-04-12T08:35:12Z"
"Bajgart Office","bajgart-office","submission","Design Agencies | Portfolio | Single page | Footer Design | Framer","https://www.awwwards.com/sites/bajgart-office","https://www.awwwards.com/websites/portfolio/?page=18","https://assets.awwwards.com/awards/media/cache/thumb_880_660/submissions/2026/02/6984ee38c59e5457304618.png","2026-02-17T12:15:28Z"
"Balans","balans","submission","Fashion | Film & TV | Animation | Portfolio | Scrolling | Photography | Transitions | Filters and Effects | Photo & Video","https://www.awwwards.com/sites/balans","https://www.awwwards.com/websites/portfolio/?page=51","https://assets.awwwards.com/awards/media/cache/thumb_880_660/submissions/2024/08/66b37629b01b1930419108.png","2024-08-16T06:36:38Z"
"BAM!","bam","submission","Art & Illustration | Design Agencies | Minimal | Portfolio | Scrolling | Typography | WebGL | Experimental | Storytelling | GLSL | Interaction Design | Astro","https://www.awwwards.com/sites/bam","https://www.awwwards.com/websites/portfolio/?page=6","https://assets.awwwards.com/awards/media/cache/thumb_880_660/submissions/2026/07/6a55fef445435650713676.jpg","2026-07-27T09:56:00Z"
"BAMO Interior Design","bamo-interior-design","submission","Architecture | Design Agencies | Big Background Images | Wordpress | Navigation Menu | Portfolio | Typography | Gallery | Storytelling | Figma | Luxury","https://www.awwwards.com/sites/bamo-interior-design","https://www.awwwards.com/websites/portfolio/?page=23","https://assets.awwwards.com/awards/media/cache/thumb_880_660/submissions/2025/11/6911e266ca66c870210879.jpg","2025-11-20T11:48:04Z"
"Bangluxor","bangluxor","submission","Design Agencies | Animation | Portfolio | Interaction Design","https://www.awwwards.com/sites/bangluxor","https://www.awwwards.com/websites/portfolio/?page=39","https://assets.awwwards.com/awards/media/cache/thumb_880_660/submissions/2025/02/67ba70d3776e4160559826.jpg","2025-02-24T05:47:31Z"
"BannerBazen","bannerbazen","submission","Business & Corporate | Web & Interactive | Animation | Portfolio | Gallery","https://www.awwwards.com/sites/bannerbazen","https://www.awwwards.com/websites/portfolio/?page=47","https://assets.awwwards.com/awards/media/cache/thumb_880_660/submissions/2024/10/66ffc02ec4c33750998212.jpg","2024-10-15T05:56:00Z"
"BAPTISTE BACON - 24"" PORTFOLIO","baptiste-bacon-24-portfolio","submission","Promotional | Web & Interactive | Animation | Portfolio | Transitions | 3D","https://www.awwwards.com/sites/baptiste-bacon-24-portfolio","https://www.awwwards.com/websites/portfolio/?page=52","https://assets.awwwards.com/awards/media/cache/thumb_880_660/submissions/2024/07/6699946569e47607685653.png","2024-07-24T05:42:31Z"
"Barbara Lopez — Portfolio 24","barbara-lopez-portfolio-24","submission","Web & Interactive | Graphic design | Minimal | Photographic | Portfolio | Responsive Design | Typography","https://www.awwwards.com/sites/barbara-lopez-portfolio-24","https://www.awwwards.com/websites/portfolio/?page=57","https://assets.awwwards.com/awards/media/cache/thumb_880_660/submissions/2024/05/66478e461039e862361434.jpg","2024-05-19T10:10:02Z"
"Barbora Design","barbora-design","submission","Design Agencies | Sports | Web & Interactive | Flat Design | Minimal | Portfolio | Typography | Web Fonts","https://www.awwwards.com/sites/barbora-design","https://www.awwwards.com/websites/portfolio/?page=68","https://assets.awwwards.com/awards/media/cache/thumb_880_660/submissions/2023/11/65630217ee8dd460801862.png","2023-11-30T09:41:07Z"
"Bart Andrzejewski ships fast","bart-andrzejewski-ships-fast","submission","Mobile & Apps | Web & Interactive | Animation | Wordpress | Portfolio | Scrolling | Experimental | GSAP | Filters and Effects | Interaction Design | 404 pages | Elementor","https://www.awwwards.com/sites/bart-andrzejewski-ships-fast","https://www.awwwards.com/websites/portfolio/?page=22","https://assets.awwwards.com/awards/media/cache/thumb_880_660/submissions/2025/11/692aca05ecf6c004911493.png","2025-12-09T10:40:32Z"
"BartKolenda","bartkolenda","submission","Architecture | Animation | Minimal | Portfolio | Scrolling | Typography | Transitions | GSAP | Real Estate | Vue.js | Figma","https://www.awwwards.com/sites/bartkolenda","https://www.awwwards.com/websites/portfolio/?page=22","https://assets.awwwards.com/awards/media/cache/thumb_880_660/submissions/2025/11/6920983e02dbd853757977.png","2025-12-01T11:18:44Z"
"Base Structures","base-structures","submission","Architecture | Web & Interactive | Animation | Photographic | Portfolio | GSAP | Craft CMS | Interaction Design | UI design | Microinteractions | BARBA.js","https://www.awwwards.com/sites/base-structures","https://www.awwwards.com/websites/portfolio/?page=10","https://assets.awwwards.com/awards/media/cache/thumb_880_660/submissions/2026/05/6a15a79bad13c785139570.png","2026-06-07T13:54:21Z"
"BASEBORN","baseborn","submission","Design Agencies | Promotional | Web & Interactive | Clean | Portfolio | Interaction Design","https://www.awwwards.com/sites/baseborn","https://www.awwwards.com/websites/portfolio/?page=61","https://assets.awwwards.com/awards/media/cache/thumb_880_660/submissions/2024/02/65d363ad72c85404912619.jpg","2024-03-09T00:00:00Z"
"Bastien Moiroux","bastien-moiroux","submission","Art & Illustration | Web & Interactive | Colorful | Portfolio | Experimental | Responsive | Interaction Design | UI design | Framer","https://www.awwwards.com/sites/bastien-moiroux","https://www.awwwards.com/websites/portfolio/?page=42","https://assets.awwwards.com/awards/media/cache/thumb_880_660/submissions/2025/01/677bf6308e0ba370881499.png","2025-01-17T06:55:00Z"
"bdsn.club","bdsn-club","submission","Design Agencies | Web & Interactive | Clean | Minimal | Portfolio | UI design | Figma | Framer","https://www.awwwards.com/sites/bdsn-club","https://www.awwwards.com/websites/portfolio/?page=21","https://assets.awwwards.com/awards/media/cache/thumb_880_660/submissions/2026/01/695bc52cec5bc866128001.png","2026-01-14T11:11:57Z"
"beatfic experiment","beatfic-experiment","submission","Art & Illustration | Culture & Education | Institutions | Animation | Clean | Portfolio | Typography | GSAP | GLSL | Filters and Effects | Footer Design | Astro","https://www.awwwards.com/sites/beatfic-experiment","https://www.awwwards.com/websites/portfolio/?page=20","https://assets.awwwards.com/awards/media/cache/thumb_880_660/submissions/2026/01/695f0b5ce5e40758546166.jpg","2026-01-14T11:12:00Z"
"Beeworks Corporate Website","beeworks-corporate-website","submission","Business & Corporate | Design Agencies | Web & Interactive | Clean | Portfolio | Scrolling | Typography | Contentful | next.js","https://www.awwwards.com/sites/beeworks-corporate-website","https://www.awwwards.com/websites/portfolio/?page=55","https://assets.awwwards.com/awards/media/cache/thumb_880_660/submissions/2024/06/665e76cdb558f200061783.jpg","2024-06-11T05:40:09Z"
"BeFreaky","befreaky","submission","Design Agencies | Promotional | Web & Interactive | Animation | Parallax | Portfolio | Transitions | Interaction Design | Microinteractions","https://www.awwwards.com/sites/befreaky","https://www.awwwards.com/websites/portfolio/?page=38","https://assets.awwwards.com/awards/media/cache/thumb_880_660/submissions/2025/03/67c5f41167220492425361.png","2025-03-12T07:35:29Z"
"Behfar Behzad | FE Developer","behfar-behzad-fe-developer","submission","Other | Web & Interactive | Animation | Minimal | Parallax | Portfolio | Experimental | GSAP | Three.js | React | 3D","https://www.awwwards.com/sites/behfar-behzad-fe-developer","https://www.awwwards.com/websites/portfolio/","https://assets.awwwards.com/awards/media/cache/thumb_880_660/submissions/2026/09/6aa19f3e7d4ad853018418.png","2026-09-22T09:39:57Z"
"Bejamas.com","bejamas-com","submission","Design Agencies | Promotional | Web & Interactive | Minimal | Portfolio | Typography | Storytelling | UI design | Microinteractions | Figma","https://www.awwwards.com/sites/bejamas-com","https://www.awwwards.com/websites/portfolio/?page=30","https://assets.awwwards.com/awards/media/cache/thumb_880_660/submissions/2025/07/686ab70613086009118920.png","2025-07-15T10:19:34Z"
"Bellé Photo","belle-photo","submission","Clean | Wordpress | Portfolio | Photography | Photo & Video | Elementor","https://www.awwwards.com/sites/belle-photo","https://www.awwwards.com/websites/portfolio/?page=23","https://assets.awwwards.com/awards/media/cache/thumb_880_660/submissions/2025/11/690959ed7c8ca835918019.png","2025-11-13T11:50:00Z"
"Bemo","bemo","submission","Art & Illustration | Design Agencies | Film & TV | Animation | Clean | Portfolio | Typography | Video | Footer Design","https://www.awwwards.com/sites/bemo","https://www.awwwards.com/websites/portfolio/?page=55","https://assets.awwwards.com/awards/media/cache/thumb_880_660/submissions/2024/05/66348a9f755c0198662820.jpg","2024-06-16T00:00:00Z"
"bencodes Developer Portfolio","bencodes-developer-portfolio","submission","Other | Web & Interactive | Clean | Minimal | Portfolio | Interaction Design | UI design | Project Page","https://www.awwwards.com/sites/bencodes-developer-portfolio","https://www.awwwards.com/websites/portfolio/?page=50","https://assets.awwwards.com/awards/media/cache/thumb_880_660/submissions/2024/08/66c0f086bd834470346168.png","2024-08-29T05:36:05Z"
"Benjamin Balazs Portfolio","benjamin-balazs-portfolio","submission","Design Agencies | Web & Interactive | Animation | Clean | Fullscreen | Parallax | Portfolio | Transitions | Startups","https://www.awwwards.com/sites/benjamin-balazs-portfolio","https://www.awwwards.com/websites/portfolio/?page=44","https://assets.awwwards.com/awards/media/cache/thumb_880_660/submissions/2024/11/67442bb17c922171722027.jpg","2024-12-05T12:33:11Z"
"Benjamin Hoang","benjamin-hoang","submission","Typography | WebGL | Interaction Design | Other | UI design | Web & Interactive | Figma | Clean | Framer | Horizontal Layout | Portfolio","https://www.awwwards.com/sites/benjamin-hoang","https://www.awwwards.com/websites/portfolio/?page=4","https://assets.awwwards.com/awards/media/cache/thumb_880_660/submissions/2026/08/6a7a0ec29d372005126453.png","2026-08-23T13:32:54Z"
"Benjamin Jochims","benjamin-jochims","submission","Web & Interactive | Wordpress | CSS | Portfolio | Scrolling | Single page | Storytelling | Gestures / Interaction | UI design | Javascript","https://www.awwwards.com/sites/benjamin-jochims","https://www.awwwards.com/websites/portfolio/?page=20","https://assets.awwwards.com/awards/media/cache/thumb_880_660/submissions/2026/01/6962a560a2405850680118.png","2026-01-21T11:06:09Z"
"Bennet Website","bennet-website","submission","Design Agencies | Web & Interactive | Big Background Images | Portfolio | Typography | Photography | Transitions | Gallery | Microinteractions","https://www.awwwards.com/sites/bennet-website","https://www.awwwards.com/websites/portfolio/?page=38","https://assets.awwwards.com/awards/media/cache/thumb_880_660/submissions/2025/02/67c104b495abb111415645.jpg","2025-03-10T07:04:58Z"
"Benoît Marzouvanlian","benoit-marzouvanlian","submission","Art & Illustration | Film & TV | Fullscreen | Portfolio | Unusual Navigation | Video | Photography | Transitions | Microinteractions","https://www.awwwards.com/sites/benoit-marzouvanlian","https://www.awwwards.com/websites/portfolio/?page=65","https://assets.awwwards.com/awards/media/cache/thumb_880_660/submissions/2023/10/652ecf0f92392429358405.jpg","2024-01-23T00:00:00Z"
"BeNorth Studio - Brand Studio","benorth-studio-brand-studio","submission","Design Agencies | Animation | Clean | Portfolio | Responsive Design | Interaction Design | UI design | Vercel | Next.js | Sanity","https://www.awwwards.com/sites/benorth-studio-brand-studio","https://www.awwwards.com/websites/portfolio/?page=6","https://assets.awwwards.com/awards/media/cache/thumb_880_660/submissions/2026/07/6a54b1396a27e230811087.jpg","2026-07-27T10:05:21Z"
"Benzo the Great Developer","benzo-the-great-developer","submission","Art & Illustration | Promotional | Web & Interactive | Animation | Portfolio | Retro | Responsive | GSAP | React | PixiJS | Gestures / Interaction | Filters and Effects","https://www.awwwards.com/sites/benzo-the-great-developer","https://www.awwwards.com/websites/portfolio/?page=29","https://assets.awwwards.com/awards/media/cache/thumb_880_660/submissions/2025/07/688bff3632c0a504926304.png","2025-08-11T09:47:04Z"
"Besharm","besharm","submission","Art & Illustration | Web & Interactive | Colorful | Graphic design | Portfolio | Typography | Experimental | Header Design | Footer Design","https://www.awwwards.com/sites/besharm","https://www.awwwards.com/websites/portfolio/?page=65","https://assets.awwwards.com/awards/media/cache/thumb_880_660/submissions/2024/01/659d8a9895b2a355578222.jpg","2024-01-15T08:42:02Z"
"Beyond Design Into Experience","beyond-design-into-experience","submission","Art & Illustration | Design Agencies | Web & Interactive | Portfolio | Responsive Design | Single page | Storytelling | GSAP | Three.js | React | Gestures / Interaction | Interaction Design","https://www.awwwards.com/sites/beyond-design-into-experience","https://www.awwwards.com/websites/portfolio/?page=24","https://assets.awwwards.com/awards/media/cache/thumb_880_660/submissions/2025/09/68da72a1433b6610972848.png","2025-10-31T00:00:00Z"
"Beyond Form","beyond-form","submission","Art & Illustration | Technology | Web & Interactive | Minimal | Portfolio | Storytelling | 3D | Gestures / Interaction | UI design","https://www.awwwards.com/sites/beyond-form","https://www.awwwards.com/websites/portfolio/?page=40","https://assets.awwwards.com/awards/media/cache/thumb_880_660/submissions/2025/01/679a645a5474b018772788.png","2025-02-11T07:03:00Z"
"Beyond Measure Portfolio","beyond-measure-portfolio","submission","Promotional | Web & Interactive | Clean | Portfolio | Single page | UI design | Microinteractions | Project Page | Startups","https://www.awwwards.com/sites/beyond-measure-portfolio","https://www.awwwards.com/websites/portfolio/?page=66","https://assets.awwwards.com/awards/media/cache/thumb_880_660/submissions/2023/12/658f061976598073618832.png","2024-01-04T12:33:53Z"
"Bhavesh chaubey","bhavesh-chaubey","submission","Design Agencies | Other | Web & Interactive | Animation | Portfolio | Single page | Interaction Design | UI design | About Page","https://www.awwwards.com/sites/bhavesh-chaubey","https://www.awwwards.com/websites/portfolio/?page=59","https://assets.awwwards.com/awards/media/cache/thumb_880_660/submissions/2024/04/661bd1f174d6c776815117.png","2024-04-19T09:01:37Z"
"BIG STUDIO – Immersive Web","big-studio-immersive-web","submission","Technology | Web & Interactive | HTML5 | Portfolio | Unusual Navigation | 360 | Experimental | Three.js | 3D | Gestures / Interaction | Interaction Design | Javascript","https://www.awwwards.com/sites/big-studio-immersive-web","https://www.awwwards.com/websites/portfolio/?page=25","https://assets.awwwards.com/awards/media/cache/thumb_880_660/submissions/2025/09/68d4c241213fc711100721.png","2025-10-05T17:43:21Z"
"Bigma","bigma","submission","Promotional | Web & Interactive | Minimal | Portfolio | Experimental | Interaction Design | Project Page | next.js","https://www.awwwards.com/sites/bigma","https://www.awwwards.com/websites/portfolio/?page=57","https://assets.awwwards.com/awards/media/cache/thumb_880_660/submissions/2024/04/662fc477f136b789568160.png","2024-05-08T08:05:43Z"
"biipmk","biipmk","submission","Icons | Minimal | Portfolio | Typography | Photography | UI design | Games & Entertainment | Figma | Technology | Framer","https://www.awwwards.com/sites/biipmk","https://www.awwwards.com/websites/portfolio/?page=5","https://assets.awwwards.com/awards/media/cache/thumb_880_660/submissions/2026/08/6a70aabe85b31571209610.png","2026-08-18T13:58:21Z"
"Bilal Gurkan Sanli | Portfolio","bilal-gurkan-sanli-portfolio","submission","Games & Entertainment | Technology | Web & Interactive | Animation | Horizontal Layout | Infinite Scroll | Portfolio | WebGL | GSAP | Three.js | 3D | UI design","https://www.awwwards.com/sites/bilal-gurkan-sanli-portfolio","https://www.awwwards.com/websites/portfolio/?page=11","https://assets.awwwards.com/awards/media/cache/thumb_880_660/submissions/2026/05/6a084a64a7a5f958415746.png","2026-05-28T10:02:18Z"
"Bill Chien","bill-chien","submission","Art & Illustration | Web & Interactive | Clean | Flat Design | Graphic design | Navigation Menu | Portfolio | Microinteractions | Webflow | Figma | Adobe Photoshop","https://www.awwwards.com/sites/bill-chien","https://www.awwwards.com/websites/portfolio/?page=11","https://assets.awwwards.com/awards/media/cache/thumb_880_660/submissions/2026/05/6a0e5f173f17a606192745.png","2026-06-03T09:55:00Z"
"BilloDesign — Living Portfolio","billodesign-living-portfolio","submission","Design Agencies | Technology | Web & Interactive | Animation | Minimal | Portfolio | GSAP | 3D | Interaction Design | Microinteractions | Webflow | Figma","https://www.awwwards.com/sites/billodesign-living-portfolio","https://www.awwwards.com/websites/portfolio/?page=22","https://assets.awwwards.com/awards/media/cache/thumb_880_660/submissions/2025/11/691c4fc2a6315017236244.jpg","2025-11-26T12:04:27Z"
"BinaryThinkers.com","binarythinkers-com","submission","Design Agencies | Games & Entertainment | Web & Interactive | Animation | CSS | HTML5 | Portfolio | Retro | Filters and Effects | Interaction Design | Microinteractions | Javascript","https://www.awwwards.com/sites/binarythinkers-com","https://www.awwwards.com/websites/portfolio/?page=7","https://assets.awwwards.com/awards/media/cache/thumb_880_660/submissions/2026/07/6a48213e39a5b745853408.png","2026-07-20T11:03:00Z"
"Bindery","bindery","submission","Film & TV | Portfolio | Video | Photography | Storytelling | GSAP | About Page | Microinteractions | Project Page | Webflow | Javascript | Luxury","https://www.awwwards.com/sites/bindery","https://www.awwwards.com/websites/portfolio/?page=31","https://assets.awwwards.com/awards/media/cache/thumb_880_660/submissions/2025/06/685c994b6d20e428205822.png","2025-07-11T10:42:00Z"
"Birriza","birriza","submission","Business & Corporate | Food & Drink | Big Background Images | Colorful | Portfolio | Responsive Design | Responsive | Startups","https://www.awwwards.com/sites/birriza","https://www.awwwards.com/websites/portfolio/?page=54","https://assets.awwwards.com/awards/media/cache/thumb_880_660/submissions/2024/06/667e807acf1c1565506351.png","2024-07-03T05:35:28Z"
"Bisous","bisous","submission","Design Agencies | Wordpress | Portfolio | Unusual Navigation | Transitions | GSAP | 3D | Microinteractions | Luxury","https://www.awwwards.com/sites/bisous","https://www.awwwards.com/websites/portfolio/?page=14","https://assets.awwwards.com/awards/media/cache/thumb_880_660/submissions/2026/03/69caa72e551da833750952.jpg","2026-04-08T09:58:48Z"
"Bitter creek","bitter-creek","submission","Events | Film & TV | Music & Sound | Minimal | Portfolio | GSAP | Lottie | Webflow","https://www.awwwards.com/sites/bitter-creek","https://www.awwwards.com/websites/portfolio/?page=27","https://assets.awwwards.com/awards/media/cache/thumb_880_660/submissions/2025/07/688a2c7d1507b955164810.jpg","2025-09-11T00:00:00Z"
"Bjornflow","bjornflow","submission","Web & Interactive | Animation | Portfolio | Scrolling | Video | WebGL | Experimental | Storytelling | GSAP | Interaction Design | Startups | Webflow","https://www.awwwards.com/sites/bjornflow","https://www.awwwards.com/websites/portfolio/?page=27","https://assets.awwwards.com/awards/media/cache/thumb_880_660/submissions/2025/08/68af09afc6e59167143510.jpg","2025-09-08T09:14:00Z"
"Blackbook - Talk to My Agent","blackbook-talk-to-my-agent","submission","Business & Corporate | Design Agencies | Technology | Graphic design | Portfolio | Data Visualization | Forms and Input | Content architecture | next.js | Next.js | Tailwind | Sanity","https://www.awwwards.com/sites/blackbook-talk-to-my-agent","https://www.awwwards.com/websites/portfolio/?page=9","https://assets.awwwards.com/awards/media/cache/thumb_880_660/submissions/2026/06/6a2708b348cad990979905.png","2026-06-23T09:52:00Z"
"Blackpizza®","blackpizza-r","submission","Design Agencies | Clean | Minimal | Portfolio | Responsive Design | UI design | Project Page","https://www.awwwards.com/sites/blackpizza-r","https://www.awwwards.com/websites/portfolio/?page=38","https://assets.awwwards.com/awards/media/cache/thumb_880_660/submissions/2025/03/67c74615e7d32687556051.png","2025-03-11T07:29:05Z"
"Blacksmith","blacksmith-1","submission","Design Agencies | Technology | Web & Interactive | Animation | Graphic design | Portfolio | Interaction Design | UI design | next.js","https://www.awwwards.com/sites/blacksmith-1","https://www.awwwards.com/websites/portfolio/?page=41","https://assets.awwwards.com/awards/media/cache/thumb_880_660/submissions/2024/12/6762df2ab70fe960580704.jpg","2025-02-03T07:24:03Z"
"blaze.computer","blaze-computer","submission","Web & Interactive | Portfolio | 3D | Interaction Design","https://www.awwwards.com/sites/blaze-computer","https://www.awwwards.com/websites/portfolio/?page=34","https://assets.awwwards.com/awards/media/cache/thumb_880_660/submissions/2025/04/6809639ae5c04185395732.png","2025-05-13T09:07:04Z"
"Bleibtgleich","bleibtgleich","submission","Design Agencies | Other | Web & Interactive | Minimal | Portfolio | Single page | Typography | About Page | 404 pages","https://www.awwwards.com/sites/bleibtgleich","https://www.awwwards.com/websites/portfolio/?page=53","https://assets.awwwards.com/awards/media/cache/thumb_880_660/submissions/2024/06/667de667103cf393836700.png","2024-07-08T05:22:15Z"
"bleibtgleich'25","bleibtgleich25","submission","Design Agencies | Other | Web & Interactive | Portfolio | Scrolling | Typography | Transitions | Storytelling | Gestures / Interaction","https://www.awwwards.com/sites/bleibtgleich25","https://www.awwwards.com/websites/portfolio/?page=37","https://assets.awwwards.com/awards/media/cache/thumb_880_660/submissions/2025/02/67b89e326412c387172480.jpg","2025-03-23T00:00:00Z"
"bleibtgleich'26","bleibtgleich26","submission","Art & Illustration | Promotional | Portfolio | Experimental | GSAP | Filters and Effects | Webflow","https://www.awwwards.com/sites/bleibtgleich26","https://www.awwwards.com/websites/portfolio/","https://assets.awwwards.com/awards/media/cache/thumb_880_660/submissions/2026/08/6a74fcd700816265067448.png","2026-09-22T00:00:00Z"
"Blessed not Depressed","blessed-not-depressed","submission","Art & Illustration | Web & Interactive | Portfolio | Typography | Illustration","https://www.awwwards.com/sites/blessed-not-depressed","https://www.awwwards.com/websites/portfolio/?page=65","https://assets.awwwards.com/awards/media/cache/thumb_880_660/submissions/2024/01/659e86e0c6cde645196454.png","2024-01-30T10:19:06Z"
"Blindsight Studio","blindsight-studio","submission","Mobile & Apps | Web & Interactive | Graphic design | Portfolio | Responsive Design | Storytelling | Interaction Design | UI design | Startups","https://www.awwwards.com/sites/blindsight-studio","https://www.awwwards.com/websites/portfolio/?page=45","https://assets.awwwards.com/awards/media/cache/thumb_880_660/submissions/2024/10/671f620b51ee6734869177.png","2024-11-05T06:46:26Z"
"Blink Industries","blink-industries","submission","Art & Illustration | Film & TV | Animation | Portfolio | Experimental | 3D","https://www.awwwards.com/sites/blink-industries","https://www.awwwards.com/websites/portfolio/?page=48","https://assets.awwwards.com/awards/media/cache/thumb_880_660/submissions/2024/09/66e809b558b6b430509990.jpg","2024-09-26T05:41:36Z"
"blinkpath.com","blinkpath-com","submission","Business & Corporate | Mobile & Apps | Technology | Animation | Clean | Portfolio","https://www.awwwards.com/sites/blinkpath-com","https://www.awwwards.com/websites/portfolio/?page=32","https://assets.awwwards.com/awards/media/cache/thumb_880_660/submissions/2025/06/685034b8add99526138226.png","2025-06-25T08:03:00Z"
"Bliqvangers","bliqvangers","submission","Design Agencies | Web & Interactive | Animation | Graphic design | Portfolio | Photography | Responsive | 3D | Header Design","https://www.awwwards.com/sites/bliqvangers","https://www.awwwards.com/websites/portfolio/?page=60","https://assets.awwwards.com/awards/media/cache/thumb_880_660/submissions/2024/03/6601d2d0decf6128890664.jpg","2024-04-02T08:06:30Z"
"Blit Studio","blit-studio","submission","Design Agencies | Web & Interactive | Clean | Wordpress | Minimal | Portfolio | WebGL | Experimental | GSAP | Photo & Video","https://www.awwwards.com/sites/blit-studio","https://www.awwwards.com/websites/portfolio/?page=11","https://assets.awwwards.com/awards/media/cache/thumb_880_660/submissions/2026/05/6a04598209e5e491552532.jpg","2026-05-26T09:25:11Z"
"Bloom","bloom-1","submission","Architecture | Business & Corporate | Technology | Clean | Minimal | Portfolio | Gallery | Microinteractions | Project Page | Webflow | Figma","https://www.awwwards.com/sites/bloom-1","https://www.awwwards.com/websites/portfolio/?page=8","https://assets.awwwards.com/awards/media/cache/thumb_880_660/submissions/2026/06/6a3808fc25066595995310.png","2026-07-08T09:02:00Z"
"Bloom.","bloom-2","submission","Film & TV | Web & Interactive | Animation | Portfolio | Photography | Transitions | Interaction Design | Photo & Video | Microinteractions","https://www.awwwards.com/sites/bloom-2","https://www.awwwards.com/websites/portfolio/?page=35","https://assets.awwwards.com/awards/media/cache/thumb_880_660/submissions/2025/04/67f40e5e5d0ca663041532.jpg","2025-05-07T00:00:00Z"
"Bloomr Design®","bloomr-design-r","submission","Design Agencies | Web & Interactive | Animation | Minimal | Portfolio | Single page | Transitions | Microinteractions | Startups","https://www.awwwards.com/sites/bloomr-design-r","https://www.awwwards.com/websites/portfolio/?page=37","https://assets.awwwards.com/awards/media/cache/thumb_880_660/submissions/2025/03/67c5c1d2666bf686126905.jpg","2025-03-19T08:01:47Z"
"BlueCube Media","bluecube-media","submission","Design Agencies | Web & Interactive | Wordpress | CSS | Navigation Menu | Parallax | Portfolio | Responsive Design | Scrolling | UI design | Elementor","https://www.awwwards.com/sites/bluecube-media","https://www.awwwards.com/websites/portfolio/?page=22","https://assets.awwwards.com/awards/media/cache/thumb_880_660/submissions/2025/12/69313ea40e8c3686402904.jpg","2025-12-15T11:42:14Z"
"Blueroom Studios","blueroom-studios","submission","Web & Interactive | Clean | Minimal | Portfolio | Typography | UI design | next.js","https://www.awwwards.com/sites/blueroom-studios","https://www.awwwards.com/websites/portfolio/?page=46","https://assets.awwwards.com/awards/media/cache/thumb_880_660/submissions/2024/10/670db21056341189526078.png","2024-10-25T05:41:49Z"
"Blueshoon","blueshoon","submission","Design Agencies | Web & Interactive | Clean | Fullscreen | Portfolio | Transitions | Interaction Design | About Page","https://www.awwwards.com/sites/blueshoon","https://www.awwwards.com/websites/portfolio/?page=53","https://assets.awwwards.com/awards/media/cache/thumb_880_660/submissions/2024/07/668588cc94a50561050473.jpg","2024-07-15T06:02:39Z"
"BMA : Design + Build","bma-design-build","submission","Architecture | Business & Corporate | Web & Interactive | Animation | Clean | Portfolio | SEO | Responsive | UI design","https://www.awwwards.com/sites/bma-design-build","https://www.awwwards.com/websites/portfolio/?page=32","https://assets.awwwards.com/awards/media/cache/thumb_880_660/submissions/2025/06/6848167c826f3281354049.png","2025-06-20T10:29:00Z"
"Bob Torfs 2024","bob-torfs-2024","submission","Other | Web & Interactive | Clean | Flat Design | Minimal | Portfolio | Experimental","https://www.awwwards.com/sites/bob-torfs-2024","https://www.awwwards.com/websites/portfolio/?page=63","https://assets.awwwards.com/awards/media/cache/thumb_880_660/submissions/2024/02/65c2ea7fdc19c335482340.png","2024-02-13T09:50:21Z"
"Body of Water","body-of-water","submission","Magazine / Newspaper / Blog | Big Background Images | Horizontal Layout | Minimal | Portfolio | Photography | Experimental | Gallery | Responsive | Wix Studio","https://www.awwwards.com/sites/body-of-water","https://www.awwwards.com/websites/portfolio/?page=23","https://assets.awwwards.com/awards/media/cache/thumb_880_660/submissions/2025/10/69008c59e798f259585196.png","2025-11-05T12:04:31Z"
"Boiler Lab","boiler-lab","submission","Technology | Animation | Portfolio | Scrolling | Sound-Audio | Storytelling | 3D | Startups | Figma | Canvas API | Astro","https://www.awwwards.com/sites/boiler-lab","https://www.awwwards.com/websites/portfolio/?page=8","https://assets.awwwards.com/awards/media/cache/thumb_880_660/submissions/2026/06/6a391b6fe2af4555947713.png","2026-07-09T08:49:00Z"
"Bokeh Studios","bokeh-studios","submission","Film & TV | Clean | Portfolio | Typography | About Page | Header Design | Footer Design","https://www.awwwards.com/sites/bokeh-studios","https://www.awwwards.com/websites/portfolio/?page=64","https://assets.awwwards.com/awards/media/cache/thumb_880_660/submissions/2024/02/65c0f2380bf96305855911.jpg","2024-02-12T09:34:12Z"
"BoldCreatives agency","boldcreatives-agency","submission","Business & Corporate | Design Agencies | Animation | Clean | Minimal | Portfolio | Single page | Microinteractions","https://www.awwwards.com/sites/boldcreatives-agency","https://www.awwwards.com/websites/portfolio/?page=60","https://assets.awwwards.com/awards/media/cache/thumb_880_660/submissions/2024/03/6606d064a8874601968517.jpg","2024-04-09T07:55:42Z"
"Boring","boring","submission","Business & Corporate | Design Agencies | Technology | Minimal | Portfolio | WebGL | 3D | Webflow","https://www.awwwards.com/sites/boring","https://www.awwwards.com/websites/portfolio/?page=30","https://assets.awwwards.com/awards/media/cache/thumb_880_660/submissions/2025/07/68654156d33b8498954396.jpg","2025-07-21T10:23:00Z"
"Born & Bred","born-bred-2","submission","Business & Corporate | Design Agencies | Web & Interactive | Animation | Wordpress | CSS | Portfolio | Gallery | Responsive | GSAP | Interaction Design | Project Page","https://www.awwwards.com/sites/born-bred-2","https://www.awwwards.com/websites/portfolio/?page=18","https://assets.awwwards.com/awards/media/cache/thumb_880_660/submissions/2026/02/698ca4d4c5b88165815522.png","2026-02-23T12:04:00Z"
"BOTTEGA 53","bottega-53","submission","Events | Web & Interactive | Animation | Horizontal Layout | Photographic | Portfolio | Photography | Storytelling | Photo & Video","https://www.awwwards.com/sites/bottega-53","https://www.awwwards.com/websites/portfolio/?page=45","https://assets.awwwards.com/awards/media/cache/thumb_880_660/submissions/2024/11/672bac5a3c09b622131682.jpg","2024-11-18T06:35:10Z"
"Bou","bou","submission","Design Agencies | Web & Interactive | Animation | Clean | Colorful | Minimal | Portfolio | Three.js | UI design | Sanity | Astro","https://www.awwwards.com/sites/bou","https://www.awwwards.com/websites/portfolio/?page=2","https://assets.awwwards.com/awards/media/cache/thumb_880_660/submissions/2026/08/6a9182c4d194b046270544.png","2026-09-11T08:50:37Z"
"Bough","bough","submission","Design Agencies | Graphic design | Minimal | Portfolio | Typography | Gallery | Framer","https://www.awwwards.com/sites/bough","https://www.awwwards.com/websites/portfolio/?page=58","https://assets.awwwards.com/awards/media/cache/thumb_880_660/submissions/2024/04/662f9054520e7533611395.jpg","2024-05-07T08:40:56Z"
"Bouteiller Alan website","bouteiller-alan-website","submission","Business & Corporate | Web & Interactive | Animation | Portfolio | Responsive Design | Single page","https://www.awwwards.com/sites/bouteiller-alan-website","https://www.awwwards.com/websites/portfolio/?page=53","https://assets.awwwards.com/awards/media/cache/thumb_880_660/submissions/2024/06/668045f1c2427894561215.png","2024-07-10T05:11:37Z"
"Brady Perron","brady-perron","submission","Film & TV | Web & Interactive | Infinite Scroll | Minimal | Portfolio | WebGL | Photography | Gallery | GSAP | Filters and Effects | Photo & Video | Sanity","https://www.awwwards.com/sites/brady-perron","https://www.awwwards.com/websites/portfolio/?page=11","https://assets.awwwards.com/awards/media/cache/thumb_880_660/submissions/2026/05/6a0e05a590f5c928705052.png","2026-06-04T10:45:52Z"
"Brand & Packaging Portfolio","brand-packaging-portfolio","submission","Art & Illustration | Design Agencies | Web & Interactive | Animation | Graphic design | Portfolio | Scrolling | UI design | Footer Design | After Effects | Figma | Adobe Illustrator","https://www.awwwards.com/sites/brand-packaging-portfolio","https://www.awwwards.com/websites/portfolio/?page=2","https://assets.awwwards.com/awards/media/cache/thumb_880_660/submissions/2026/09/6a968322e0ac0682758440.jpg","2026-09-11T08:50:53Z"
"Brand Appart","brand-appart","submission","Business & Corporate | Design Agencies | Clean | Graphic design | Portfolio | Typography | Photo & Video | UI design | Webflow | Figma | Blender","https://www.awwwards.com/sites/brand-appart","https://www.awwwards.com/websites/portfolio/?page=25","https://assets.awwwards.com/awards/media/cache/thumb_880_660/submissions/2025/09/68d6ab3679b87876415181.png","2025-10-09T10:39:16Z"
"Brand Vision","brand-vision-1","submission","Design Agencies | Web & Interactive | Portfolio | Responsive Design | Gallery | Responsive | UI design | Project Page","https://www.awwwards.com/sites/brand-vision-1","https://www.awwwards.com/websites/portfolio/?page=48","https://assets.awwwards.com/awards/media/cache/thumb_880_660/submissions/2024/09/66edf4943b0b9092980461.png","2024-10-02T05:38:02Z"
"Brandon Yasin","brandon-yasin","submission","Design Agencies | Web & Interactive | Animation | Minimal | Photographic | Portfolio | Typography | Unusual Navigation | GSAP | Nuxt.js | Sass | Luxury","https://www.awwwards.com/sites/brandon-yasin","https://www.awwwards.com/websites/portfolio/","https://assets.awwwards.com/awards/media/cache/thumb_880_660/submissions/2026/09/6aa2923a5a36b597378848.jpg","2026-09-23T08:51:56Z"
"Brandroom studio","brandroom-studio","submission","Business & Corporate | Design Agencies | Web & Interactive | Animation | Flat Design | Minimal | Portfolio | 3D | UI design","https://www.awwwards.com/sites/brandroom-studio","https://www.awwwards.com/websites/portfolio/?page=65","https://assets.awwwards.com/awards/media/cache/thumb_880_660/submissions/2024/01/65b0d98554b46257077476.jpg","2024-01-29T08:21:06Z"
"Braydon Coyer's Blogfolio","braydon-coyers-blogfolio","submission","Technology | Web & Interactive | Clean | Portfolio | Experimental | Interaction Design | UI design | About Page | next.js","https://www.awwwards.com/sites/braydon-coyers-blogfolio","https://www.awwwards.com/websites/portfolio/?page=36","https://assets.awwwards.com/awards/media/cache/thumb_880_660/submissions/2025/04/67f3316a38e7d057908650.png","2025-04-18T08:00:52Z"
"Breems","breems","submission","Mobile & Apps | Gestures / Interaction | Web & Interactive | BARBA.js | Animation | Webflow | Clean | Parallax | Portfolio | Transitions | Design Agencies | GSAP","https://www.awwwards.com/sites/breems","https://www.awwwards.com/websites/portfolio/?page=5","https://assets.awwwards.com/awards/media/cache/thumb_880_660/submissions/2026/08/6a708f9e72fcb105374040.png","2026-08-17T12:25:24Z"
"Bridge Beauty","bridge-beauty","submission","Business & Corporate | Clean | Photographic | Portfolio | Video | Gallery | Photo & Video | Luxury","https://www.awwwards.com/sites/bridge-beauty","https://www.awwwards.com/websites/portfolio/?page=38","https://assets.awwwards.com/awards/media/cache/thumb_880_660/submissions/2025/02/67b782c35a144046368944.jpg","2025-03-11T07:20:00Z"
"Brikken+Co","brikken-co","submission","After Effects | Figma | Design Agencies | Clean | Portfolio | Single page | Header Design","https://www.awwwards.com/sites/brikken-co","https://www.awwwards.com/websites/portfolio/?page=5","https://assets.awwwards.com/awards/media/cache/thumb_880_660/submissions/2026/07/6a68c42a1d9a7447884927.png","2026-08-12T09:28:01Z"
"Brilean","brilean","submission","Technology | Graphic design | Icons | Portfolio | GSAP | 3D | About Page | Microinteractions | Webflow | Javascript","https://www.awwwards.com/sites/brilean","https://www.awwwards.com/websites/portfolio/?page=2","https://assets.awwwards.com/awards/media/cache/thumb_880_660/submissions/2026/09/6a993e340c2d0176516174.png","2026-09-11T08:51:23Z"
"Brilliant Digital","brilliant-digital-2","submission","Business & Corporate | Design Agencies | Web & Interactive | Animation | Clean | Colorful | Portfolio | GSAP | Interaction Design | Microinteractions | Tailwind | Astro","https://www.awwwards.com/sites/brilliant-digital-2","https://www.awwwards.com/websites/portfolio/?page=16","https://assets.awwwards.com/awards/media/cache/thumb_880_660/submissions/2026/03/69abf45d0db67205605056.png","2026-03-21T12:22:10Z"
"Britt Vangenechten","britt-vangenechten","submission","Minimal | Photographic | Portfolio | Scrolling | Photography | Gallery | Responsive","https://www.awwwards.com/sites/britt-vangenechten","https://www.awwwards.com/websites/portfolio/?page=47","https://assets.awwwards.com/awards/media/cache/thumb_880_660/submissions/2024/10/670521f93ca98519867541.jpg","2024-10-18T08:29:00Z"
"Brooke Beswick Portfolio","brooke-beswick-portfolio","submission","Art & Illustration | Music & Sound | Web & Interactive | Animation | CSS | Navigation Menu | Portfolio | Responsive | React | Interaction Design | About Page | Figma","https://www.awwwards.com/sites/brooke-beswick-portfolio","https://www.awwwards.com/websites/portfolio/?page=2","https://assets.awwwards.com/awards/media/cache/thumb_880_660/submissions/2026/08/6a95929892fe2188511188.png","2026-09-13T11:55:38Z"
"Broth","broth","submission","Art & Illustration | Design Agencies | Other | Colorful | Drupal | jQuery | Portfolio | GSAP | Interaction Design | About Page | Microinteractions","https://www.awwwards.com/sites/broth","https://www.awwwards.com/websites/portfolio/?page=22","https://assets.awwwards.com/awards/media/cache/thumb_880_660/submissions/2025/12/693896f363b15024484296.png","2025-12-12T12:11:04Z"
"Bruner Portfolio Website","bruner-portfolio-website","submission","Art & Illustration | Design Agencies | Web & Interactive | Animation | Big Background Images | Colorful | Infinite Scroll | Portfolio | Gallery","https://www.awwwards.com/sites/bruner-portfolio-website","https://www.awwwards.com/websites/portfolio/?page=59","https://assets.awwwards.com/awards/media/cache/thumb_880_660/submissions/2024/04/661ecac5b76eb719368030.jpg","2024-04-23T08:36:00Z"
"Bruno Cisco","bruno-cisco","submission","Mobile & Apps | Sports | Technology | CSS | Minimal | Portfolio | Storytelling | Copy design | Project Page | Javascript | Figma","https://www.awwwards.com/sites/bruno-cisco","https://www.awwwards.com/websites/portfolio/?page=11","https://assets.awwwards.com/awards/media/cache/thumb_880_660/submissions/2026/05/6a01caa9c27f7277162215.png","2026-05-22T09:55:23Z"
"Bruut","bruut","submission","Film & TV | Animation | Colorful | Portfolio | Video | Transitions | Photo & Video","https://www.awwwards.com/sites/bruut","https://www.awwwards.com/websites/portfolio/?page=44","https://assets.awwwards.com/awards/media/cache/thumb_880_660/submissions/2024/10/671a08c4df30e541846202.jpg","2024-12-01T00:00:00Z"
"Budd Pools & Spas","budd-pools-spas","submission","Architecture | Business & Corporate | Big Background Images | Portfolio | Real Estate | Photo & Video | Microinteractions","https://www.awwwards.com/sites/budd-pools-spas","https://www.awwwards.com/websites/portfolio/?page=36","https://assets.awwwards.com/awards/media/cache/thumb_880_660/submissions/2025/03/67e359eb77dd5330673352.jpg","2025-04-08T05:31:00Z"
"Buena Suerte","buena-suerte","submission","Art & Illustration | Design Agencies | Film & TV | Colorful | Graphic design | Parallax | Portfolio | Content architecture | UI design","https://www.awwwards.com/sites/buena-suerte","https://www.awwwards.com/websites/portfolio/?page=55","https://assets.awwwards.com/awards/media/cache/thumb_880_660/submissions/2024/04/6622b4dd65ef4334118120.png","2024-06-20T00:00:00Z"
"Bulk Vape Wholesale","bulk-vape-wholesale","submission","E-Commerce | Food & Drink | Other | Portfolio | About Page | Contact Page | Contentful","https://www.awwwards.com/sites/bulk-vape-wholesale","https://www.awwwards.com/websites/portfolio/?page=31","https://assets.awwwards.com/awards/media/cache/thumb_880_660/submissions/2025/06/68594c9568ddd567625957.jpeg","2025-07-11T10:37:37Z"
"Bull & Wolf","bull-wolf","submission","Film & TV | Animation | Portfolio | SEO | Typography | Video | Project Page","https://www.awwwards.com/sites/bull-wolf","https://www.awwwards.com/websites/portfolio/?page=53","https://assets.awwwards.com/awards/media/cache/thumb_880_660/submissions/2024/07/668f87accacf1645794816.png","2024-07-19T05:13:19Z"
"Buttermax","buttermax","submission","Design Agencies | Web & Interactive | Animation | Colorful | Portfolio | Transitions | Experimental | 3D | Microinteractions","https://www.awwwards.com/sites/buttermax","https://www.awwwards.com/websites/portfolio/?page=66","https://assets.awwwards.com/awards/media/cache/thumb_880_660/submissions/2023/12/657b90fad642e305955271.jpg","2024-01-05T00:00:00Z"
"Buzzworthy Studio","buzzworthy-studio-3","submission","Design Agencies | Promotional | Web & Interactive | Portfolio | Transitions | Menu - Vertical | Interaction Design | UI design | Microinteractions","https://www.awwwards.com/sites/buzzworthy-studio-3","https://www.awwwards.com/websites/portfolio/?page=63","https://assets.awwwards.com/awards/media/cache/thumb_880_660/submissions/2024/02/65ccd5eb7757d255426383.jpg","2024-02-20T09:43:06Z"
"BWDB","bwdb","submission","Business & Corporate | Technology | Web & Interactive | Big Background Images | Clean | Colorful | Fullscreen | Portfolio | Photo & Video","https://www.awwwards.com/sites/bwdb","https://www.awwwards.com/websites/portfolio/?page=66","https://assets.awwwards.com/awards/media/cache/thumb_880_660/submissions/2023/12/659006f21b43f968933762.png","2024-01-05T09:11:49Z"
"by Crawford Agency","by-crawford-agency","submission","Business & Corporate | Design Agencies | Web & Interactive | Graphic design | Portfolio | Typography | Responsive | Forms and Input | Interaction Design","https://www.awwwards.com/sites/by-crawford-agency","https://www.awwwards.com/websites/portfolio/?page=33","https://assets.awwwards.com/awards/media/cache/thumb_880_660/submissions/2025/05/68276d362f478444845338.png","2025-06-05T09:31:00Z"
"BZOR","bzor","submission","Games & Entertainment | Technology | Animation | Big Background Images | Portfolio | Scrolling | Experimental | Responsive | 3D","https://www.awwwards.com/sites/bzor","https://www.awwwards.com/websites/portfolio/?page=46","https://assets.awwwards.com/awards/media/cache/thumb_880_660/submissions/2024/10/6707e125aaa34035549080.jpg","2024-10-23T05:40:46Z"
"CA Film Creatives","ca-film-creatives","submission","Video | Gallery | GSAP | Architecture | Real Estate | Film & TV | Photo & Video | Animation | Webflow | Big Background Images | Javascript | Portfolio","https://www.awwwards.com/sites/ca-film-creatives","https://www.awwwards.com/websites/portfolio/?page=5","https://assets.awwwards.com/awards/media/cache/thumb_880_660/submissions/2026/07/6a6a4683c67a6784032861.jpg","2026-08-13T10:01:03Z"
"Caique de lira","caique-de-lira","submission","Design Agencies | Other | Clean | Portfolio | About Page | Contact Page | 404 pages","https://www.awwwards.com/sites/caique-de-lira","https://www.awwwards.com/websites/portfolio/?page=52","https://assets.awwwards.com/awards/media/cache/thumb_880_660/submissions/2024/07/6693a4251c6ca728294870.png","2024-07-24T05:41:19Z"
"CalArts Graphic Design 2024","calarts-graphic-design-2024","submission","Art & Illustration | Culture & Education | Institutions | Animation | Clean | Graphic design | Portfolio | Responsive Design | Contentful","https://www.awwwards.com/sites/calarts-graphic-design-2024","https://www.awwwards.com/websites/portfolio/?page=54","https://assets.awwwards.com/awards/media/cache/thumb_880_660/submissions/2024/06/6679b3f0d358a728915595.jpg","2024-07-01T05:52:00Z"
"CalArts Graphic Design 2025","calarts-graphic-design-2025","submission","Art & Illustration | Culture & Education | Institutions | Colorful | CSS | Graphic design | HTML5 | Portfolio | Video | Gallery | Vue.js","https://www.awwwards.com/sites/calarts-graphic-design-2025","https://www.awwwards.com/websites/portfolio/?page=31","https://assets.awwwards.com/awards/media/cache/thumb_880_660/submissions/2025/07/686ca9edc5a3e169932315.jpg","2025-07-09T10:25:00Z"
"Caleb Raney Portfolio","caleb-raney-portfolio","submission","Design Agencies | Web & Interactive | Portfolio | Responsive Design | Interaction Design | Header Design | Microinteractions | Project Page","https://www.awwwards.com/sites/caleb-raney-portfolio","https://www.awwwards.com/websites/portfolio/?page=51","https://assets.awwwards.com/awards/media/cache/thumb_880_660/submissions/2024/07/66a3b9e5bd5dc357083090.png","2024-08-07T06:22:51Z"
"Cameron Warnick Personal Site","cameron-warnick-personal-site","submission","Promotional | Animation | Colorful | Portfolio | Scrolling | Transitions | Experimental | 3D","https://www.awwwards.com/sites/cameron-warnick-personal-site","https://www.awwwards.com/websites/portfolio/?page=59","https://assets.awwwards.com/awards/media/cache/thumb_880_660/submissions/2024/04/6617a5e075ade124025632.png","2024-04-18T08:25:55Z"
"Camila Rosa's Portfolio","camila-rosas-portfolio","submission","Art & Illustration | Clean | Minimal | Portfolio | Illustration | next.js","https://www.awwwards.com/sites/camila-rosas-portfolio","https://www.awwwards.com/websites/portfolio/?page=37","https://assets.awwwards.com/awards/media/cache/thumb_880_660/submissions/2025/03/67db6ee636891806235471.png","2025-04-03T07:09:28Z"
"Canvas","canvas-2","submission","Design Agencies | Clean | Portfolio | Scrolling | Typography | UI design | Project Page","https://www.awwwards.com/sites/canvas-2","https://www.awwwards.com/websites/portfolio/?page=57","https://assets.awwwards.com/awards/media/cache/thumb_880_660/submissions/2024/03/65ee00a74fb1e453177654.jpg","2024-05-19T00:00:00Z"
"Capella43","capella43","submission","Graphic design | Photographic | Portfolio | Typography | Photography | Photo & Video","https://www.awwwards.com/sites/capella43","https://www.awwwards.com/websites/portfolio/?page=33","https://assets.awwwards.com/awards/media/cache/thumb_880_660/submissions/2025/05/6838bce1c70d7903238911.jpg","2025-06-03T09:07:18Z"
"Cargo Architecture","cargo-architecture","submission","Architecture | Animation | Wordpress | Portfolio | Figma","https://www.awwwards.com/sites/cargo-architecture","https://www.awwwards.com/websites/portfolio/?page=16","https://assets.awwwards.com/awards/media/cache/thumb_880_660/submissions/2026/02/69a1c20bdf536384784266.jpg","2026-03-11T11:07:50Z"
"Carles Faus","carles-faus","submission","Architecture | Animation | Portfolio | WebGL | 404 pages | Figma | Sanity","https://www.awwwards.com/sites/carles-faus","https://www.awwwards.com/websites/portfolio/?page=15","https://assets.awwwards.com/awards/media/cache/thumb_880_660/submissions/2026/03/69b3f5ae24241920856467.jpg","2026-03-25T11:22:30Z"
"Carlos Guijarro Website","carlos-guijarro-website","submission","Other | Web & Interactive | Flat Design | Minimal | Portfolio | Responsive Design | Gallery | Photo & Video","https://www.awwwards.com/sites/carlos-guijarro-website","https://www.awwwards.com/websites/portfolio/?page=56","https://assets.awwwards.com/awards/media/cache/thumb_880_660/submissions/2024/05/6644d68a0d851981390822.jpg","2024-05-21T05:08:54Z"
"Carlos Pariente Portfolio","carlos-pariente-portfolio","submission","Design Agencies | Clean | Flat Design | Fullscreen | Minimal | Portfolio | UI design | Framer","https://www.awwwards.com/sites/carlos-pariente-portfolio","https://www.awwwards.com/websites/portfolio/?page=53","https://assets.awwwards.com/awards/media/cache/thumb_880_660/submissions/2024/07/6685282e9d88c588357655.jpg","2024-07-12T06:03:00Z"
"Carlos Prado","carlos-prado","submission","Web & Interactive | Clean | Minimal | Portfolio | Transitions | Gallery | GSAP | Three.js | Interaction Design | Nuxt.js","https://www.awwwards.com/sites/carlos-prado","https://www.awwwards.com/websites/portfolio/?page=13","https://assets.awwwards.com/awards/media/cache/thumb_880_660/submissions/2026/04/69e60366e0974598702226.png","2026-04-22T10:32:00Z"
"CartoonEast Portfolio","cartooneast-portfolio","submission","Art & Illustration | Web & Interactive | Portfolio | Scrolling | React","https://www.awwwards.com/sites/cartooneast-portfolio","https://www.awwwards.com/websites/portfolio/?page=4","https://assets.awwwards.com/awards/media/cache/thumb_880_660/submissions/2026/08/6a7ca6c316ae8111594908.jpg","2026-08-26T12:00:35Z"
"Casacom","casacom","submission","Business & Corporate | Clean | Portfolio | Storytelling | Photo & Video | About Page | Microinteractions","https://www.awwwards.com/sites/casacom","https://www.awwwards.com/websites/portfolio/?page=51","https://assets.awwwards.com/awards/media/cache/thumb_880_660/submissions/2024/08/66abd4f5675a5057523672.jpg","2024-08-14T05:54:04Z"
"Cathy DOLLE Portfolio","cathy-dolle-portfolio-1","submission","Design Agencies | Web & Interactive | Portfolio | Photography | GSAP | Three.js | UI design | Next.js","https://www.awwwards.com/sites/cathy-dolle-portfolio-1","https://www.awwwards.com/websites/portfolio/?page=17","https://assets.awwwards.com/awards/media/cache/thumb_880_660/submissions/2026/01/6963793cb9496468801741.png","2026-02-27T00:00:00Z"
"Cathy Whittall Artist","cathy-whittall-artist","submission","Art & Illustration | E-Commerce | Clean | Colorful | Portfolio | Unusual Navigation | Illustration | Footer Design","https://www.awwwards.com/sites/cathy-whittall-artist","https://www.awwwards.com/websites/portfolio/?page=57","https://assets.awwwards.com/awards/media/cache/thumb_880_660/submissions/2024/05/663b74260e862830504481.jpg","2024-05-15T08:15:29Z"
"CathyHayesDesign","cathyhayesdesign","submission","Design Agencies | Mobile & Apps | Web & Interactive | Animation | Portfolio | Illustration | Storytelling | Interaction Design | UI design","https://www.awwwards.com/sites/cathyhayesdesign","https://www.awwwards.com/websites/portfolio/?page=56","https://assets.awwwards.com/awards/media/cache/thumb_880_660/submissions/2024/05/664c67ec7766f187304846.png","2024-05-28T06:04:02Z"
"Cedrik Stephen Portfolio","cedrik-stephen-portfolio","submission","Web & Interactive | Animation | Clean | Minimal | Portfolio | Project Page | Framer","https://www.awwwards.com/sites/cedrik-stephen-portfolio","https://www.awwwards.com/websites/portfolio/?page=33","https://assets.awwwards.com/awards/media/cache/thumb_880_660/submissions/2025/05/6829fc03c772a583834272.png","2025-06-03T09:01:36Z"
"Cellart","cellart","submission","Architecture | Art & Illustration | Design Agencies | Fullscreen | Portfolio | Scrolling | GSAP | Nuxt.js | Netlify","https://www.awwwards.com/sites/cellart","https://www.awwwards.com/websites/portfolio/?page=28","https://assets.awwwards.com/awards/media/cache/thumb_880_660/submissions/2025/07/6883b04d0e4da326765861.jpg","2025-08-12T10:43:40Z"
"cesarolvr.com","cesarolvr-com","submission","Magazine / Newspaper / Blog | Technology | Web & Interactive | Clean | Minimal | Portfolio | 3D | Gestures / Interaction","https://www.awwwards.com/sites/cesarolvr-com","https://www.awwwards.com/websites/portfolio/?page=32","https://assets.awwwards.com/awards/media/cache/thumb_880_660/submissions/2025/05/6838df86bf04c850543010.png","2025-06-17T09:40:00Z"
"Changers Studio","changers-studio","submission","Design Agencies | Web & Interactive | Graphic design | Portfolio | Typography | Interaction Design | UI design | Microinteractions","https://www.awwwards.com/sites/changers-studio","https://www.awwwards.com/websites/portfolio/?page=67","https://assets.awwwards.com/awards/media/cache/thumb_880_660/submissions/2023/11/6543cdd468b04000931603.jpg","2023-12-27T00:00:00Z"
"Charlie Osborne","charlie-osborne-design","submission","Business & Corporate | Design Agencies | Graphic design | Portfolio | Typography | Transitions | Copy design | Microinteractions | Startups | Framer","https://www.awwwards.com/sites/charlie-osborne-design","https://www.awwwards.com/websites/portfolio/?page=38","https://assets.awwwards.com/awards/media/cache/thumb_880_660/submissions/2025/03/67c9a602be96b106323959.jpg","2025-03-13T07:28:11Z"
"charly.graphics","charly-graphics","submission","Web & Interactive | Graphic design | Portfolio | Responsive Design | Webflow | After Effects | Figma","https://www.awwwards.com/sites/charly-graphics","https://www.awwwards.com/websites/portfolio/?page=15","https://assets.awwwards.com/awards/media/cache/thumb_880_660/submissions/2026/03/69bba8e0b5217432436769.png","2026-04-01T10:41:00Z"
"CHD ART MAKER","chd-art-maker","submission","Architecture | Art & Illustration | Events | Big Background Images | Parallax | Portfolio | Scrolling | Typography | Transitions | BARBA.js | Vanilla JS | Locomotive Scroll","https://www.awwwards.com/sites/chd-art-maker","https://www.awwwards.com/websites/portfolio/?page=21","https://assets.awwwards.com/awards/media/cache/thumb_880_660/submissions/2025/12/6943ce8b25f31613924578.png","2025-12-28T11:22:15Z"
"Che IT Group","che-it-group","submission","Business & Corporate | Technology | Animation | Icons | Portfolio | SEO | Photo & Video | 404 pages","https://www.awwwards.com/sites/che-it-group","https://www.awwwards.com/websites/portfolio/?page=39","https://assets.awwwards.com/awards/media/cache/thumb_880_660/submissions/2025/02/67af38fe1bc4f235177765.png","2025-02-28T07:05:30Z"
"CHEVEZ","chevez","submission","Art & Illustration | Other | Web & Interactive | Minimal | Portfolio | Gallery | 3D | Gestures / Interaction | About Page","https://www.awwwards.com/sites/chevez","https://www.awwwards.com/websites/portfolio/?page=62","https://assets.awwwards.com/awards/media/cache/thumb_880_660/submissions/2024/03/65e3b7aeec841119928050.png","2024-03-07T08:37:39Z"
"CHEW PRODUCTIONS","chew-productions","submission","Film & TV | Web & Interactive | Big Background Images | CSS | Portfolio | Interaction Design | Webflow | Figma","https://www.awwwards.com/sites/chew-productions","https://www.awwwards.com/websites/portfolio/?page=25","https://assets.awwwards.com/awards/media/cache/thumb_880_660/submissions/2025/08/68ac16795370d156035420.png","2025-10-12T00:00:00Z"
"CHEZ NICO","chez-nico","submission","Art & Illustration | Design Agencies | Web & Interactive | Big Background Images | Fullscreen | Portfolio | Responsive Design | 360 | Storytelling","https://www.awwwards.com/sites/chez-nico","https://www.awwwards.com/websites/portfolio/?page=55","https://assets.awwwards.com/awards/media/cache/thumb_880_660/submissions/2024/06/66633d8e06f6c035005314.jpg","2024-06-18T06:53:15Z"
"Chicago Personal Injury Lawyer","chicago-personal-injury-lawyer","submission","Business & Corporate | Portfolio | SEO","https://www.awwwards.com/sites/chicago-personal-injury-lawyer","https://www.awwwards.com/websites/portfolio/?page=38","https://assets.awwwards.com/awards/media/cache/thumb_880_660/submissions/2025/02/67b4af2a1dbbb614266241.png","2025-03-05T07:28:49Z"
"CHILLBILL STUDIO","chillbill-studio","submission","Fashion | Web & Interactive | Animation | Clean | Portfolio | Typography | Photography | Microinteractions | Project Page","https://www.awwwards.com/sites/chillbill-studio","https://www.awwwards.com/websites/portfolio/?page=63","https://assets.awwwards.com/awards/media/cache/thumb_880_660/submissions/2024/02/65c6068c489a3455120220.png","2024-02-13T09:49:49Z"
"Chimdi Chimereze | Portfolio","chimdi-chimereze-portfolio","submission","Promotional | Web & Interactive | Big Background Images | Portfolio | Video | Experimental | Storytelling | Interaction Design | 404 pages | Framer","https://www.awwwards.com/sites/chimdi-chimereze-portfolio","https://www.awwwards.com/websites/portfolio/?page=40","https://assets.awwwards.com/awards/media/cache/thumb_880_660/submissions/2025/01/679937b870207633970492.png","2025-02-11T07:04:13Z"
"Chinmay Inamdar","chinmay-inamdar","submission","Art & Illustration | Design Agencies | Web & Interactive | Animation | Portfolio | Responsive Design | Content architecture | Interaction Design | UI design","https://www.awwwards.com/sites/chinmay-inamdar","https://www.awwwards.com/websites/portfolio/?page=40","https://assets.awwwards.com/awards/media/cache/thumb_880_660/submissions/2025/01/679d1673b4d8d386519926.png","2025-02-14T07:06:07Z"
"chkstepan","chkstepan","submission","Design Agencies | Web & Interactive | Animation | Portfolio | Web Fonts | GSAP | Three.js | 3D | Footer Design | 404 pages | Next.js","https://www.awwwards.com/sites/chkstepan","https://www.awwwards.com/websites/portfolio/?page=14","https://assets.awwwards.com/awards/media/cache/thumb_880_660/submissions/2026/03/69cc25fe62f49581606332.png","2026-04-10T09:45:50Z"
"Chloé Louise Design","chloe-louise-design","submission","Design Agencies | Web & Interactive | App Style | Minimal | Portfolio | Responsive Design | Gallery | UI design | Webflow | Figma","https://www.awwwards.com/sites/chloe-louise-design","https://www.awwwards.com/websites/portfolio/?page=25","https://assets.awwwards.com/awards/media/cache/thumb_880_660/submissions/2025/09/68d6abb4e16a6659510270.png","2025-10-09T10:38:23Z"
"Choose Readymag Best Websites","choose-readymag-best-websites-2","submission","Design Agencies | Other | Web & Interactive | Animation | Colorful | Portfolio | Typography | Project Page | Contentful","https://www.awwwards.com/sites/choose-readymag-best-websites-2","https://www.awwwards.com/websites/portfolio/?page=67","https://assets.awwwards.com/awards/media/cache/thumb_880_660/submissions/2023/12/65709792bb2f6799886909.jpg","2023-12-12T09:46:31Z"
"Chris Foy","chris-foy","submission","Film & TV | Sports | CSS | HTML5 | Portfolio | SVG | Video | Gallery | Header Design | Contact Page | Project Page","https://www.awwwards.com/sites/chris-foy","https://www.awwwards.com/websites/portfolio/?page=22","https://assets.awwwards.com/awards/media/cache/thumb_880_660/submissions/2025/12/69307b278a21d441912742.png","2025-12-14T11:12:04Z"
"Chris Macari","chris-macari","submission","Film & TV | Portfolio | WebGL | Gallery | Photo & Video | 404 pages","https://www.awwwards.com/sites/chris-macari","https://www.awwwards.com/websites/portfolio/?page=13","https://assets.awwwards.com/awards/media/cache/thumb_880_660/submissions/2026/04/69eb839b76f51444792549.jpg","2026-04-25T10:28:39Z"
"Chris Pokrzywa UX Portfolio","chris-pokrzywa-ux-portfolio","submission","Art & Illustration | Design Agencies | Web & Interactive | Portfolio | Unusual Navigation | Transitions | Storytelling | Interaction Design | next.js | Vercel | Next.js | Tailwind","https://www.awwwards.com/sites/chris-pokrzywa-ux-portfolio","https://www.awwwards.com/websites/portfolio/?page=24","https://assets.awwwards.com/awards/media/cache/thumb_880_660/submissions/2025/10/68fade0533c43943251993.jpg","2025-11-03T11:37:20Z"
"Chris Sukovich - Portfolio","chris-sukovich-portfolio","submission","Art & Illustration | Design Agencies | Animation | Graphic design | Portfolio | Video | 3D | UI design","https://www.awwwards.com/sites/chris-sukovich-portfolio","https://www.awwwards.com/websites/portfolio/?page=63","https://assets.awwwards.com/awards/media/cache/thumb_880_660/submissions/2024/02/65c6379d47354035840787.png","2024-02-16T09:34:40Z"
"Christian Kremser - Portfolio","christian-kremser-portfolio","submission","Film & TV | Web & Interactive | Portfolio | Responsive Design | Photography | Transitions | Gallery | Photo & Video","https://www.awwwards.com/sites/christian-kremser-portfolio","https://www.awwwards.com/websites/portfolio/?page=55","https://assets.awwwards.com/awards/media/cache/thumb_880_660/submissions/2024/06/6668aa5642fc3793995733.jpg","2024-06-18T06:59:24Z"
"CHRISTINA HOHNER PHOTOGRAPHY","christina-hohner-photography","submission","Business & Corporate | Clean | Minimal | Photographic | Portfolio | Photography | Storytelling | Photo & Video","https://www.awwwards.com/sites/christina-hohner-photography","https://www.awwwards.com/websites/portfolio/?page=49","https://assets.awwwards.com/awards/media/cache/thumb_880_660/submissions/2024/09/66d6bd97d1409687276055.jpg","2024-09-12T18:05:46Z"
"Christina Lu — Portfolio","christina-lu-portfolio","submission","Other | Web & Interactive | Portfolio | UI design | Project Page | Figma | Framer","https://www.awwwards.com/sites/christina-lu-portfolio","https://www.awwwards.com/websites/portfolio/?page=9","https://assets.awwwards.com/awards/media/cache/thumb_880_660/submissions/2026/06/6a26027120673383791226.jpg","2026-06-22T09:12:00Z"
"Christoph Gey Portfolio","christoph-gey-portfolio","submission","Design Agencies | Web & Interactive | Clean | Wordpress | Graphic design | Portfolio | Responsive Design | Interaction Design | About Page | After Effects | Figma | Luxury","https://www.awwwards.com/sites/christoph-gey-portfolio","https://www.awwwards.com/websites/portfolio/?page=9","https://assets.awwwards.com/awards/media/cache/thumb_880_660/submissions/2026/06/6a310d77a2536213587749.jpg","2026-06-27T13:35:00Z"
"Christoph Nagel Portfolio","christoph-nagel-portfolio","submission","Web & Interactive | Javascript | Big Background Images | CSS | Fullscreen | Portfolio | Single page | Video | Business & Corporate | Photography","https://www.awwwards.com/sites/christoph-nagel-portfolio","https://www.awwwards.com/websites/portfolio/?page=4","https://assets.awwwards.com/awards/media/cache/thumb_880_660/submissions/2026/08/6a7ee7ecd74c7091502589.png","2026-08-27T10:32:57Z"
"Christopher Bretz Art & Design","christopher-bretz-art-design","submission","Art & Illustration | Games & Entertainment | Promotional | Graphic design | Photographic | Portfolio | Illustration","https://www.awwwards.com/sites/christopher-bretz-art-design","https://www.awwwards.com/websites/portfolio/?page=68","https://assets.awwwards.com/awards/media/cache/thumb_880_660/submissions/2023/12/6569fb9a5278d439746938.jpg","2023-12-07T09:04:02Z"
"Chromatique","chromatique","submission","Web & Interactive | Graphic design | Portfolio | Scrolling | Transitions | Experimental | 3D | Gestures / Interaction","https://www.awwwards.com/sites/chromatique","https://www.awwwards.com/websites/portfolio/?page=55","https://assets.awwwards.com/awards/media/cache/thumb_880_660/submissions/2024/06/66620b30aeccf560678897.png","2024-06-17T05:28:22Z"
"Chus Margallo Space","chus-margallo-space","submission","Games & Entertainment | Web & Interactive | Fullscreen | Portfolio | Retro | Unusual Navigation | Experimental | Filters and Effects | Microinteractions | Figma | Adobe Illustrator","https://www.awwwards.com/sites/chus-margallo-space","https://www.awwwards.com/websites/portfolio/?page=21","https://assets.awwwards.com/awards/media/cache/thumb_880_660/submissions/2026/01/695854d2dd3ab101990548.jpg","2026-01-13T10:33:00Z"
"Ciel Rose","ciel-rose","submission","Film & TV | Promotional | Web & Interactive | Portfolio | Transitions | Gestures / Interaction | Photo & Video | About Page | Project Page","https://www.awwwards.com/sites/ciel-rose","https://www.awwwards.com/websites/portfolio/?page=40","https://assets.awwwards.com/awards/media/cache/thumb_880_660/submissions/2025/02/67a08e6bd074d685433395.png","2025-02-20T00:00:00Z"
"Cifre si Litere","cifre-si-litere","submission","Design Agencies | Web & Interactive | Animation | Clean | Portfolio | Single page","https://www.awwwards.com/sites/cifre-si-litere","https://www.awwwards.com/websites/portfolio/?page=58","https://assets.awwwards.com/awards/media/cache/thumb_880_660/submissions/2024/04/662095091d27a395200101.jpg","2024-04-24T08:50:02Z"
"Cinematic Portfolio","cinematic-portfolio","submission","Art & Illustration | Web & Interactive | Minimal | Portfolio | Photography | Storytelling | Interaction Design | Photo & Video | UI design","https://www.awwwards.com/sites/cinematic-portfolio","https://www.awwwards.com/websites/portfolio/?page=47","https://assets.awwwards.com/awards/media/cache/thumb_880_660/submissions/2024/10/6708a766f0667859320546.jpg","2024-10-23T05:37:00Z"
"Cinética Studio","cinetica-studio","submission","Other | Web & Interactive | Animation | Portfolio | Scrolling | Transitions | Experimental | GSAP | Microinteractions | Webflow | Figma","https://www.awwwards.com/sites/cinetica-studio","https://www.awwwards.com/websites/portfolio/?page=8","https://assets.awwwards.com/awards/media/cache/thumb_880_660/submissions/2026/06/6a34152b24939501880206.png","2026-07-08T09:05:00Z"
"Cinewedding","cinewedding","submission","Business & Corporate | Clean | Portfolio | Scrolling | Photography | Responsive | UI design | Microinteractions","https://www.awwwards.com/sites/cinewedding","https://www.awwwards.com/websites/portfolio/?page=33","https://assets.awwwards.com/awards/media/cache/thumb_880_660/submissions/2025/05/68267238ab7cc883295874.jpg","2025-06-03T08:57:00Z"
"Cipher","cipher","submission","Design Agencies | Web & Interactive | Portfolio | Experimental | GSAP | Gestures / Interaction | Interaction Design | Nuxt.js","https://www.awwwards.com/sites/cipher","https://www.awwwards.com/websites/portfolio/?page=5","https://assets.awwwards.com/awards/media/cache/thumb_880_660/submissions/2026/06/6a425a229a7a5888070614.jpg","2026-08-20T00:00:00Z"
"Ciro Guatieri Design Portfolio","ciro-guatieri-design-portfolio","submission","Art & Illustration | Design Agencies | Web & Interactive | Clean | Graphic design | Portfolio | Responsive Design | Typography | UI design","https://www.awwwards.com/sites/ciro-guatieri-design-portfolio","https://www.awwwards.com/websites/portfolio/?page=62","https://assets.awwwards.com/awards/media/cache/thumb_880_660/submissions/2024/02/65dc72d57f3b2995928752.png","2024-03-04T09:28:29Z"
"Cla_mhrd 2024 website","cla-mhrd-2024-website","submission","Design Agencies | Web & Interactive | Animation | Colorful | Portfolio | Single page | Interaction Design | UI design","https://www.awwwards.com/sites/cla-mhrd-2024-website","https://www.awwwards.com/websites/portfolio/?page=54","https://assets.awwwards.com/awards/media/cache/thumb_880_660/submissions/2024/06/666b2af5e470f417735192.jpg","2024-07-02T00:00:00Z"
"Clara Venice","clara-venice","submission","Art & Illustration | Music & Sound | Web & Interactive | Colorful | Portfolio | Typography | Storytelling | Header Design","https://www.awwwards.com/sites/clara-venice","https://www.awwwards.com/websites/portfolio/?page=37","https://assets.awwwards.com/awards/media/cache/thumb_880_660/submissions/2025/03/67d7efb2762ef035146878.png","2025-04-01T06:00:27Z"
"Claudia BE","claudia-be","submission","Design Agencies | Mobile & Apps | Web & Interactive | Colorful | Portfolio | Typography | Transitions | UI design | 404 pages","https://www.awwwards.com/sites/claudia-be","https://www.awwwards.com/websites/portfolio/?page=38","https://assets.awwwards.com/awards/media/cache/thumb_880_660/submissions/2025/02/67b3982a0e2cd790464326.png","2025-03-04T07:03:17Z"
"Clayton Cotterell","clayton-cotterell","submission","Film & TV | Web & Interactive | Animation | Horizontal Layout | Photographic | Portfolio | Typography | Unusual Navigation | Photography","https://www.awwwards.com/sites/clayton-cotterell","https://www.awwwards.com/websites/portfolio/?page=64","https://assets.awwwards.com/awards/media/cache/thumb_880_660/submissions/2024/01/65b2b7163f8ac719655686.jpg","2024-01-31T10:55:48Z"
"Clement Grellier — Portfolio","clement-grellier-portfolio-1","submission","Business & Corporate | Web & Interactive | Animation | Clean | Minimal | Portfolio | About Page","https://www.awwwards.com/sites/clement-grellier-portfolio-1","https://www.awwwards.com/websites/portfolio/?page=34","https://assets.awwwards.com/awards/media/cache/thumb_880_660/submissions/2025/04/67f37ab368385275654532.jpg","2025-05-24T00:00:00Z"
"climateheadline.com","climateheadline-com","submission","Clean | Portfolio | Responsive Design | Social responsibility","https://www.awwwards.com/sites/climateheadline-com","https://www.awwwards.com/websites/portfolio/?page=30","https://assets.awwwards.com/awards/media/cache/thumb_880_660/submissions/2025/06/685b7c63242dc510255373.png","2025-07-14T10:22:00Z"
"clint.work","clint-work","submission","Art & Illustration | Design Agencies | Web & Interactive | Animation | Graphic design | Portfolio | Video | 3D | Project Page","https://www.awwwards.com/sites/clint-work","https://www.awwwards.com/websites/portfolio/?page=54","https://assets.awwwards.com/awards/media/cache/thumb_880_660/submissions/2024/06/666782c377531734366229.png","2024-07-01T11:12:42Z"
"Clou – Agency Portfolio","clou-agency-portfolio","submission","Art & Illustration | Design Agencies | Web & Interactive | Clean | Colorful | Graphic design | Portfolio | Project Page | Webflow | Figma","https://www.awwwards.com/sites/clou-agency-portfolio","https://www.awwwards.com/websites/portfolio/?page=27","https://assets.awwwards.com/awards/media/cache/thumb_880_660/submissions/2025/07/6880db3d942aa539478891.png","2025-09-05T00:00:00Z"
"cluebinders","cluebinders","submission","Design Agencies | Web & Interactive | Portfolio | Responsive | Interaction Design | Footer Design | Framer","https://www.awwwards.com/sites/cluebinders","https://www.awwwards.com/websites/portfolio/?page=39","https://assets.awwwards.com/awards/media/cache/thumb_880_660/submissions/2025/02/67b1ea114b263136658761.jpg","2025-02-26T06:36:05Z"
"COACT","coact","submission","Design Agencies | Animation | Graphic design | Portfolio | Scrolling | Filters and Effects | Interaction Design","https://www.awwwards.com/sites/coact","https://www.awwwards.com/websites/portfolio/?page=61","https://assets.awwwards.com/awards/media/cache/thumb_880_660/submissions/2024/03/6603f7fd4d5d8264854129.jpg","2024-03-15T09:17:00Z"
"Coat of Arms","coat-of-arms","submission","Art & Illustration | Business & Corporate | Design Agencies | Animation | Portfolio | Video | Illustration | Responsive | Storytelling | Framer","https://www.awwwards.com/sites/coat-of-arms","https://www.awwwards.com/websites/portfolio/?page=39","https://assets.awwwards.com/awards/media/cache/thumb_880_660/submissions/2025/02/67a7ca2779051216584629.jpg","2025-02-24T05:45:14Z"
"Cocoon Development","cocoon-development-1","submission","Design Agencies | Mobile & Apps | Web & Interactive | Flat Design | Portfolio | Responsive Design | Typography | Copy design | Header Design","https://www.awwwards.com/sites/cocoon-development-1","https://www.awwwards.com/websites/portfolio/?page=66","https://assets.awwwards.com/awards/media/cache/thumb_880_660/submissions/2024/01/659530f2c50d0897064839.png","2024-01-09T09:49:08Z"
"COCOTA","cocota","submission","Design Agencies | Web & Interactive | Animation | Clean | Portfolio | Forms and Input | UI design | Microinteractions","https://www.awwwards.com/sites/cocota","https://www.awwwards.com/websites/portfolio/?page=47","https://assets.awwwards.com/awards/media/cache/thumb_880_660/submissions/2024/08/66c8b7dc447d5032666885.png","2024-10-23T00:00:00Z"
"Code and Core","code-and-core","submission","Design Agencies | Technology | Web & Interactive | App Style | Big Background Images | Graphic design | Portfolio | About Page | Contact Page","https://www.awwwards.com/sites/code-and-core","https://www.awwwards.com/websites/portfolio/?page=38","https://assets.awwwards.com/awards/media/cache/thumb_880_660/submissions/2025/02/67b6bd92cf6d7173652893.jpg","2025-03-07T06:49:00Z"
"Code by Jesse","code-by-jesse","submission","Business & Corporate | Design Agencies | Web & Interactive | Animation | Portfolio | Responsive Design | WebGL | Transitions | Footer Design | BARBA.js | Webflow","https://www.awwwards.com/sites/code-by-jesse","https://www.awwwards.com/websites/portfolio/?page=12","https://assets.awwwards.com/awards/media/cache/thumb_880_660/submissions/2026/05/69f739344fea3459230115.jpg","2026-05-12T10:37:00Z"
"Codedgar","codedgar","submission","Business & Corporate | Technology | Web & Interactive | Animation | Portfolio | Retro | Transitions | GSAP | Microinteractions | Footer Design | Tailwind | Astro","https://www.awwwards.com/sites/codedgar","https://www.awwwards.com/websites/portfolio/?page=11","https://assets.awwwards.com/awards/media/cache/thumb_880_660/submissions/2026/03/69c5b3d947c7b642966001.png","2026-05-22T09:51:00Z"
"Codice Creativo, web designer","codice-creativo-web-designer","submission","Design Agencies | Web & Interactive | Graphic design | Portfolio | Menu - Vertical | Responsive | Interaction Design","https://www.awwwards.com/sites/codice-creativo-web-designer","https://www.awwwards.com/websites/portfolio/?page=56","https://assets.awwwards.com/awards/media/cache/thumb_880_660/submissions/2024/05/664781aff0f87919241837.png","2024-05-27T06:01:14Z"
"Cokau Lab","cokau-lab","submission","Design Agencies | Film & TV | Animation | Portfolio | Photography | Transitions | Gestures / Interaction | Photo & Video | About Page","https://www.awwwards.com/sites/cokau-lab","https://www.awwwards.com/websites/portfolio/?page=66","https://assets.awwwards.com/awards/media/cache/thumb_880_660/submissions/2024/01/65951fd6cfec9108700359.jpg","2024-01-08T09:59:16Z"
"Commissioner of Design","commissioner-of-design","submission","Design Agencies | Web & Interactive | Animation | Parallax | Portfolio | Illustration | Experimental | About Page | Microinteractions","https://www.awwwards.com/sites/commissioner-of-design","https://www.awwwards.com/websites/portfolio/?page=48","https://assets.awwwards.com/awards/media/cache/thumb_880_660/submissions/2024/09/66f2e4667bfdf126694353.jpg","2024-10-07T05:59:00Z"
"Concealed","concealed-2","submission","Design Agencies | Web & Interactive | Animation | Portfolio | Forms and Input | Copy design | About Page | Microinteractions | Figma | Framer","https://www.awwwards.com/sites/concealed-2","https://www.awwwards.com/websites/portfolio/?page=22","https://assets.awwwards.com/awards/media/cache/thumb_880_660/submissions/2025/12/692f26b0deec9462237219.png","2025-12-05T10:36:31Z"
"Connor Holmes' Portfolio","connor-holmes-portfolio","submission","Design Agencies | Web & Interactive | Clean | Portfolio | Experimental | Microinteractions","https://www.awwwards.com/sites/connor-holmes-portfolio","https://www.awwwards.com/websites/portfolio/?page=57","https://assets.awwwards.com/awards/media/cache/thumb_880_660/submissions/2024/05/663194571485f591454766.png","2024-05-08T08:05:24Z"
"Contemporary Type","contemporary-type","submission","Design Agencies | E-Commerce | Web & Interactive | Clean | Colorful | Graphic design | Portfolio | Typography | Web Fonts","https://www.awwwards.com/sites/contemporary-type","https://www.awwwards.com/websites/portfolio/?page=37","https://assets.awwwards.com/awards/media/cache/thumb_880_660/submissions/2025/03/67db31c386877135482736.jpg","2025-04-03T07:08:38Z"
"CONTRAZT MEDIA","contrazt-media","submission","Design Agencies | Portfolio","https://www.awwwards.com/sites/contrazt-media","https://www.awwwards.com/websites/portfolio/?page=43","https://assets.awwwards.com/awards/media/cache/thumb_880_660/submissions/2024/12/674ed7c4586f9702815560.png","2024-12-13T08:20:00Z"
"Conversational AI Portfolio","conversational-ai-portfolio","submission","Technology | Web & Interactive | Portfolio | Unusual Navigation | Video | Experimental | Storytelling | 3D | Interaction Design","https://www.awwwards.com/sites/conversational-ai-portfolio","https://www.awwwards.com/websites/portfolio/?page=64","https://assets.awwwards.com/awards/media/cache/thumb_880_660/submissions/2024/01/65b67a573c80d632147591.png","2024-02-01T08:58:50Z"
"Copenhagen Archive","copenhagen-archive","submission","Culture & Education | Food & Drink | Web & Interactive | Parallax | Portfolio | Menu - Horizontal | Responsive | Storytelling | Microinteractions | Adobe Photoshop | Adobe Illustrator | Framer","https://www.awwwards.com/sites/copenhagen-archive","https://www.awwwards.com/websites/portfolio/?page=26","https://assets.awwwards.com/awards/media/cache/thumb_880_660/submissions/2025/09/68c906116b400974603626.png","2025-09-30T10:07:00Z"
"Corentin Bernadou Portfolio","corentin-bernadou-portfolio","submission","Design Agencies | Web & Interactive | Animation | Clean | Infinite Scroll | Portfolio | Typography | WebGL | GSAP | UI design | Javascript","https://www.awwwards.com/sites/corentin-bernadou-portfolio","https://www.awwwards.com/websites/portfolio/?page=15","https://assets.awwwards.com/awards/media/cache/thumb_880_660/submissions/2026/02/6998254974a85831964533.jpg","2026-03-25T00:00:00Z"
"Cortiz Portfolio","cortiz-portfolio","submission","Art & Illustration | Web & Interactive | Animation | Portfolio | WebGL | Experimental | GSAP | Three.js | 3D","https://www.awwwards.com/sites/cortiz-portfolio","https://www.awwwards.com/websites/portfolio/?page=23","https://assets.awwwards.com/awards/media/cache/thumb_880_660/submissions/2025/11/6908b229b2a91921415938.png","2025-11-12T11:45:00Z"
"Cosmo's Card","cosmos-card","submission","Art & Illustration | Technology | Web & Interactive | Animation | Minimal | Portfolio | Illustration | 3D | next.js","https://www.awwwards.com/sites/cosmos-card","https://www.awwwards.com/websites/portfolio/?page=44","https://assets.awwwards.com/awards/media/cache/thumb_880_660/submissions/2024/11/67354f324b8ed073017989.png","2024-11-22T06:26:06Z"
"Cotta Studio","cotta-studio","submission","Art & Illustration | Clean | Flat Design | Minimal | Portfolio | Menu - Horizontal | Header Design","https://www.awwwards.com/sites/cotta-studio","https://www.awwwards.com/websites/portfolio/?page=41","https://assets.awwwards.com/awards/media/cache/thumb_880_660/submissions/2025/01/678cbdf296f9a400456818.png","2025-01-31T07:24:00Z"
"Crafto HTML5 Template","crafto-html5-template","submission","Business & Corporate | Design Agencies | Web & Interactive | Animation | Clean | Parallax | Photographic | Portfolio | Responsive Design","https://www.awwwards.com/sites/crafto-html5-template","https://www.awwwards.com/websites/portfolio/?page=65","https://assets.awwwards.com/awards/media/cache/thumb_880_660/submissions/2024/01/65b7ab2a96dac900959034.jpg","2024-01-30T10:18:30Z"
"Crafto WordPress Theme","crafto-wordpress-theme","submission","Business & Corporate | E-Commerce | Web & Interactive | Animation | Clean | Parallax | Portfolio | Gallery | Responsive","https://www.awwwards.com/sites/crafto-wordpress-theme","https://www.awwwards.com/websites/portfolio/?page=33","https://assets.awwwards.com/awards/media/cache/thumb_880_660/submissions/2025/05/6825af2d2b99e704130989.jpg","2025-06-02T09:16:17Z"
"Crazy Creative","crazy-creative","submission","Art & Illustration | Design Agencies | Web & Interactive | Animation | Colorful | Portfolio | Vector | Illustration | UI design | Framer","https://www.awwwards.com/sites/crazy-creative","https://www.awwwards.com/websites/portfolio/?page=39","https://assets.awwwards.com/awards/media/cache/thumb_880_660/submissions/2025/01/6788568d3e8d0200136520.jpg","2025-02-21T00:00:00Z"
"creamu Inc.","creamu-inc-2","submission","Business & Corporate | Design Agencies | Web & Interactive | Animation | Parallax | Portfolio | Typography | Transitions | Microinteractions","https://www.awwwards.com/sites/creamu-inc-2","https://www.awwwards.com/websites/portfolio/?page=32","https://assets.awwwards.com/awards/media/cache/thumb_880_660/submissions/2025/06/6847cb8e5789e486395149.jpg","2025-06-26T09:57:00Z"
"Crearist Creative Agency","crearist-creative-agency","submission","Design Agencies | Animation | Clean | Portfolio | Responsive Design | Gallery | Responsive","https://www.awwwards.com/sites/crearist-creative-agency","https://www.awwwards.com/websites/portfolio/?page=33","https://assets.awwwards.com/awards/media/cache/thumb_880_660/submissions/2025/05/682c3fcf16d0d724373104.jpg","2025-06-12T10:04:21Z"
"Creatif Studio","creatif-studio","submission","Art & Illustration | Design Agencies | Web & Interactive | Clean | Graphic design | Minimal | Photographic | Portfolio | Typography","https://www.awwwards.com/sites/creatif-studio","https://www.awwwards.com/websites/portfolio/?page=51","https://assets.awwwards.com/awards/media/cache/thumb_880_660/submissions/2024/08/66bd02fee0a22965428611.png","2024-08-27T05:35:25Z"
"CreativCurrent","creativcurrent","submission","Business & Corporate | Design Agencies | Animation | Big Background Images | Colorful | Portfolio | Responsive Design | React | Filters and Effects | Startups | Typescript | Framer","https://www.awwwards.com/sites/creativcurrent","https://www.awwwards.com/websites/portfolio/?page=10","https://assets.awwwards.com/awards/media/cache/thumb_880_660/submissions/2026/05/6a185777bfa94530098832.png","2026-06-06T23:00:00Z"
"Creative Apes","creative-apes","submission","Art & Illustration | Design Agencies | Web & Interactive | Animation | Graphic design | Portfolio | Responsive Design | Interaction Design | Microinteractions | Figma | Next.js | Framer","https://www.awwwards.com/sites/creative-apes","https://www.awwwards.com/websites/portfolio/?page=21","https://assets.awwwards.com/awards/media/cache/thumb_880_660/submissions/2025/12/6949b43a22834335854825.jpg","2026-01-05T10:56:00Z"
"Creative Developer Portfolio","creative-developer-portfolio-2","submission","Art & Illustration | Design Agencies | Wordpress | CSS | HTML5 | Minimal | Portfolio | Retro | Unusual Navigation | Illustration | Experimental | Contact Page","https://www.awwwards.com/sites/creative-developer-portfolio-2","https://www.awwwards.com/websites/portfolio/?page=28","https://assets.awwwards.com/awards/media/cache/thumb_880_660/submissions/2025/07/688c009e03568467917994.jpg","2025-08-17T12:06:21Z"
"Creative Direction","creative-direction","submission","Architecture | Design Agencies | Animation | Clean | Minimal | Portfolio | Gallery | Project Page","https://www.awwwards.com/sites/creative-direction","https://www.awwwards.com/websites/portfolio/?page=67","https://assets.awwwards.com/awards/media/cache/thumb_880_660/submissions/2023/12/6587114ad5609912038444.png","2024-01-02T08:10:10Z"
"Creative Giants","creative-giants","submission","Architecture | Art & Illustration | Design Agencies | Animation | Big Background Images | Fullscreen | Parallax | Portfolio | Transitions | GSAP | Webflow","https://www.awwwards.com/sites/creative-giants","https://www.awwwards.com/websites/portfolio/?page=22","https://assets.awwwards.com/awards/media/cache/thumb_880_660/submissions/2025/10/68fa8128610a7926725697.png","2025-11-29T00:00:00Z"
"Creative Marketing AI","creative-marketing-ai","submission","Business & Corporate | Technology | Web & Interactive | Portfolio | Single page | WebGL | Storytelling | 3D","https://www.awwwards.com/sites/creative-marketing-ai","https://www.awwwards.com/websites/portfolio/?page=10","https://assets.awwwards.com/awards/media/cache/thumb_880_660/submissions/2026/06/6a2696803b569174714797.jpg","2026-06-19T09:51:00Z"
"Creative Spirit","creative-spirit","submission","Events | Animation | Colorful | Flat Design | Portfolio | Responsive Design | Transitions","https://www.awwwards.com/sites/creative-spirit","https://www.awwwards.com/websites/portfolio/?page=67","https://assets.awwwards.com/awards/media/cache/thumb_880_660/submissions/2023/12/6570e6c28d279705746404.jpg","2023-12-12T09:45:29Z"
"Creativeans","creativeans","submission","Business & Corporate | Design Agencies | Web & Interactive | Animation | Graphic design | Portfolio | SEO | Sound-Audio | GSAP | Interaction Design | Next.js | Tailwind","https://www.awwwards.com/sites/creativeans","https://www.awwwards.com/websites/portfolio/?page=3","https://assets.awwwards.com/awards/media/cache/thumb_880_660/submissions/2026/09/6a9f81de77982336150301.png","2026-09-09T08:29:00Z"
"creativeapproa.ch","creativeapproa-ch","submission","Art & Illustration | Web & Interactive | Animation | CSS | Fullscreen | HTML5 | Portfolio | Experimental | Gallery | Responsive | Gestures / Interaction | Vanilla JS","https://www.awwwards.com/sites/creativeapproa-ch","https://www.awwwards.com/websites/portfolio/?page=10","https://assets.awwwards.com/awards/media/cache/thumb_880_660/submissions/2026/05/6a167467f3481709300386.jpg","2026-06-08T10:55:42Z"
"CREATIVECUE®","creativecue-r","submission","Design Agencies | Technology | Colorful | Graphic design | Minimal | Portfolio | React | Microinteractions | 404 pages | Lottie | Figma","https://www.awwwards.com/sites/creativecue-r","https://www.awwwards.com/websites/portfolio/?page=12","https://assets.awwwards.com/awards/media/cache/thumb_880_660/submissions/2026/05/69f49d2f6148a491050013.jpg","2026-05-11T10:17:00Z"
"CreativeSideJaz","creativesidejaz","submission","Art & Illustration | E-Commerce | Promotional | Animation | Colorful | Graphic design | Minimal | Portfolio | Responsive","https://www.awwwards.com/sites/creativesidejaz","https://www.awwwards.com/websites/portfolio/?page=68","https://assets.awwwards.com/awards/media/cache/thumb_880_660/submissions/2023/12/656e146a8a609863591486.jpg","2023-12-11T09:33:55Z"
"Creatrfilms","creatrfilms","submission","Film & TV | Games & Entertainment | Music & Sound | Animation | Portfolio | Video | Transitions | Storytelling | Photo & Video","https://www.awwwards.com/sites/creatrfilms","https://www.awwwards.com/websites/portfolio/?page=59","https://assets.awwwards.com/awards/media/cache/thumb_880_660/submissions/2024/04/661d49175290a496218680.png","2024-04-22T08:53:01Z"
"CRÈCHE - the tank","creche-the-tank","submission","Web & Interactive | Animation | Fullscreen | Portfolio | Scrolling | WebGL | GSAP | Three.js | 3D | About Page","https://www.awwwards.com/sites/creche-the-tank","https://www.awwwards.com/websites/portfolio/?page=2","https://assets.awwwards.com/awards/media/cache/thumb_880_660/submissions/2026/08/6a8f975c5d626418032789.png","2026-09-10T09:05:37Z"
"Creedz ©","creedz-c","submission","Business & Corporate | Design Agencies | Web & Interactive | Animation | Parallax | Portfolio | Responsive Design | 3D | Interaction Design","https://www.awwwards.com/sites/creedz-c","https://www.awwwards.com/websites/portfolio/?page=49","https://assets.awwwards.com/awards/media/cache/thumb_880_660/submissions/2024/09/66db4bf990963176011228.png","2024-09-17T09:11:32Z"
"Cretivox Broadcasting Network","cretivox-broadcasting-network","submission","Design Agencies | Animation | Portfolio | Contentful","https://www.awwwards.com/sites/cretivox-broadcasting-network","https://www.awwwards.com/websites/portfolio/?page=46","https://assets.awwwards.com/awards/media/cache/thumb_880_660/submissions/2024/10/6718abf2e1af3487340092.png","2024-11-04T06:46:38Z"
"Cris.Araújo","cris-araujo","submission","Mobile & Apps | Web & Interactive | Animation | Portfolio | Photography | Responsive | Microinteractions | 404 pages","https://www.awwwards.com/sites/cris-araujo","https://www.awwwards.com/websites/portfolio/?page=63","https://assets.awwwards.com/awards/media/cache/thumb_880_660/submissions/2024/02/65ccce1b9175c570502529.jpg","2024-02-20T09:42:18Z"
"CRISP Barbershop","crisp-barbershop","submission","Typography | GSAP | Fashion | Photo & Video | Other | Webflow | Clean | Figma | Graphic design | Luxury | Portfolio | Responsive Design","https://www.awwwards.com/sites/crisp-barbershop","https://www.awwwards.com/websites/portfolio/?page=5","https://assets.awwwards.com/awards/media/cache/thumb_880_660/submissions/2026/07/6a67a87c29072700304510.png","2026-08-11T09:55:03Z"
"Critical Developer","critical-developer","submission","Mobile & Apps | Technology | Web & Interactive | Portfolio | Transitions | Three.js | React | 3D | Interaction Design | UI design | Microinteractions | Astro","https://www.awwwards.com/sites/critical-developer","https://www.awwwards.com/websites/portfolio/?page=17","https://assets.awwwards.com/awards/media/cache/thumb_880_660/submissions/2026/03/69a9bb85d31bf952224048.png","2026-03-08T13:32:27Z"
"Crossings at Center","crossings-at-center","submission","Business & Corporate | Web & Interactive | Graphic design | Portfolio | Responsive Design | Scrolling | Real Estate | Header Design","https://www.awwwards.com/sites/crossings-at-center","https://www.awwwards.com/websites/portfolio/?page=40","https://assets.awwwards.com/awards/media/cache/thumb_880_660/submissions/2025/02/67a2cdfb0a1b7105405989.png","2025-02-18T17:20:00Z"
"CRXTIANHUB — PORTFOLIO","crxtianhub-portfolio","submission","Art & Illustration | Technology | Web & Interactive | Animation | Graphic design | Minimal | Portfolio | SVG | GSAP | Microinteractions | Project Page | Vanilla JS","https://www.awwwards.com/sites/crxtianhub-portfolio","https://www.awwwards.com/websites/portfolio/?page=8","https://assets.awwwards.com/awards/media/cache/thumb_880_660/submissions/2026/06/6a348d9158d31783458778.png","2026-07-04T14:10:29Z"
"CRZ.STUDIO","crz-studio","submission","Design Agencies | Web & Interactive | Animation | Minimal | Portfolio | Typography | GSAP | Three.js | Microinteractions | Startups | next.js | Next.js","https://www.awwwards.com/sites/crz-studio","https://www.awwwards.com/websites/portfolio/?page=19","https://assets.awwwards.com/awards/media/cache/thumb_880_660/submissions/2026/01/696ee3515060f754496229.png","2026-01-30T12:23:17Z"
"CSDG Development Group","csdg-development-group","submission","Architecture | Business & Corporate | Fullscreen | Portfolio | Responsive Design | Real Estate | Content architecture | Microinteractions","https://www.awwwards.com/sites/csdg-development-group","https://www.awwwards.com/websites/portfolio/?page=65","https://assets.awwwards.com/awards/media/cache/thumb_880_660/submissions/2024/01/65aa01ef2b1bc389882929.png","2024-01-23T09:18:48Z"
"Cube Agency Portfolio","cube-agency-portfolio","submission","Design Agencies | Web & Interactive | Animation | Big Background Images | Fullscreen | Parallax | Portfolio | Interaction Design | Startups","https://www.awwwards.com/sites/cube-agency-portfolio","https://www.awwwards.com/websites/portfolio/?page=64","https://assets.awwwards.com/awards/media/cache/thumb_880_660/submissions/2024/02/65bd34deb58f7383071226.jpg","2024-02-08T10:26:52Z"
"CUBIFLOW","cubiflow","submission","Design Agencies | Technology | Web & Interactive | Clean | Minimal | Portfolio | Three.js | Filters and Effects | Interaction Design | Photo & Video | Webflow | Figma","https://www.awwwards.com/sites/cubiflow","https://www.awwwards.com/websites/portfolio/?page=20","https://assets.awwwards.com/awards/media/cache/thumb_880_660/submissions/2026/01/69660ed937f70960525734.png","2026-01-23T10:12:00Z"
"CURB","curb","submission","Film & TV | Music & Sound | Clean | Portfolio | Photography | Transitions | Interaction Design","https://www.awwwards.com/sites/curb","https://www.awwwards.com/websites/portfolio/?page=49","https://assets.awwwards.com/awards/media/cache/thumb_880_660/submissions/2024/09/66d560529f156493282366.png","2024-09-24T00:00:00Z"
"Curious Programmer","curious-programmer","submission","Magazine / Newspaper / Blog | Culture & Education | Web & Interactive | Clean | Colorful | Portfolio | Responsive Design | UI design","https://www.awwwards.com/sites/curious-programmer","https://www.awwwards.com/websites/portfolio/?page=66","https://assets.awwwards.com/awards/media/cache/thumb_880_660/submissions/2023/12/658e9e1044923048998744.jpg","2024-01-04T12:32:31Z"
"CURTIS DESIGNR","curtis-designr","submission","Promotional | Web & Interactive | Portfolio | Scrolling | Sound-Audio | GSAP | Header Design | next.js | Next.js | Typescript","https://www.awwwards.com/sites/curtis-designr","https://www.awwwards.com/websites/portfolio/","https://assets.awwwards.com/awards/media/cache/thumb_880_660/submissions/2026/09/6a9ef35137484796630987.png","2026-09-20T10:56:47Z"
"Curve Creative Studio","curve-creative-studio","submission","Design Agencies | Web & Interactive | Animation | Graphic design | Portfolio | Responsive Design | Unusual Navigation | Experimental | 404 pages","https://www.awwwards.com/sites/curve-creative-studio","https://www.awwwards.com/websites/portfolio/?page=59","https://assets.awwwards.com/awards/media/cache/thumb_880_660/submissions/2024/04/660ec3fc608d8557863975.jpg","2024-04-11T07:57:09Z"
"Cyan Banister","cyan-banister","submission","Technology | Web & Interactive | Icons | Portfolio | Retro | Unusual Navigation | Interaction Design | 404 pages | Startups","https://www.awwwards.com/sites/cyan-banister","https://www.awwwards.com/websites/portfolio/?page=36","https://assets.awwwards.com/awards/media/cache/thumb_880_660/submissions/2025/03/67dccb8ac7e94320359681.png","2025-04-03T07:10:00Z"
"Cyd Stumpel | Portfolio 2025","cyd-stumpel-portfolio-2025","submission","Art & Illustration | Design Agencies | Web & Interactive | Animation | Portfolio | Scrolling | Transitions | 3D | 404 pages","https://www.awwwards.com/sites/cyd-stumpel-portfolio-2025","https://www.awwwards.com/websites/portfolio/?page=38","https://assets.awwwards.com/awards/media/cache/thumb_880_660/submissions/2025/02/67a23030df961413870728.jpg","2025-03-09T00:00:00Z"
"Cyphr","cyphr","submission","Culture & Education | Promotional | Web & Interactive | Big Background Images | Clean | Graphic design | Portfolio | Transitions | About Page | BARBA.js | Webflow | Figma","https://www.awwwards.com/sites/cyphr","https://www.awwwards.com/websites/portfolio/?page=28","https://assets.awwwards.com/awards/media/cache/thumb_880_660/submissions/2025/07/6867b23b85585113721964.png","2025-08-19T00:00:00Z"
"Cyprien's Light Concept","cypriens-light-concept","submission","Art & Illustration | Technology | Web & Interactive | Animation | Parallax | Portfolio | Single page | Illustration | Storytelling | Vue.js | Tailwind","https://www.awwwards.com/sites/cypriens-light-concept","https://www.awwwards.com/websites/portfolio/?page=20","https://assets.awwwards.com/awards/media/cache/thumb_880_660/submissions/2026/01/695c2ac2608bb721239117.jpg","2026-01-16T11:09:19Z"
"dabbledee by Deena","dabbledee-by-deena","submission","Art & Illustration | Design Agencies | Colorful | Flat Design | Infinite Scroll | Portfolio | Photography | Menu - Horizontal | UI design","https://www.awwwards.com/sites/dabbledee-by-deena","https://www.awwwards.com/websites/portfolio/?page=60","https://assets.awwwards.com/awards/media/cache/thumb_880_660/submissions/2024/04/660a2b9da677d556723197.jpg","2024-04-09T07:58:40Z"
"Daily Star UK","daily-star-uk","submission","Magazine / Newspaper / Blog | Games & Entertainment | Portfolio | SEO | Project Page","https://www.awwwards.com/sites/daily-star-uk","https://www.awwwards.com/websites/portfolio/?page=45","https://assets.awwwards.com/awards/media/cache/thumb_880_660/submissions/2024/11/672a11ee41da7968704496.jpg","2024-11-18T06:20:00Z"
"Daima® Agency","daima-r-agency","submission","Design Agencies | Web & Interactive | Animation | CSS | Photographic | Portfolio | Responsive Design | Typography | GSAP | UI design | Luxury | Framer","https://www.awwwards.com/sites/daima-r-agency","https://www.awwwards.com/websites/portfolio/?page=9","https://assets.awwwards.com/awards/media/cache/thumb_880_660/submissions/2026/06/6a23e39f14e47461543426.png","2026-06-21T12:51:00Z"
"Dance Festival Malta","dance-festival-malta","submission","Events | Big Background Images | CSS | Portfolio | Interaction Design | Photo & Video | UI design | Contentful | Adobe Photoshop | Adobe Illustrator","https://www.awwwards.com/sites/dance-festival-malta","https://www.awwwards.com/websites/portfolio/?page=29","https://assets.awwwards.com/awards/media/cache/thumb_880_660/submissions/2025/07/687a05ae21fc0619508490.png","2025-08-04T09:52:00Z"
"Danial Siddiki","danial-siddiki","submission","Art & Illustration | Animation | Clean | Minimal | Portfolio | Responsive Design | WebGL | Filters and Effects | After Effects | Framer","https://www.awwwards.com/sites/danial-siddiki","https://www.awwwards.com/websites/portfolio/?page=20","https://assets.awwwards.com/awards/media/cache/thumb_880_660/submissions/2026/01/695f0b3b320de682912030.png","2026-01-19T10:47:30Z"
"Daniel Dungyov - Portfolio","daniel-dungyov-portfolio","submission","Web & Interactive | Parallax | Portfolio | Scrolling | Transitions | Experimental | Three.js | React | 3D | Interaction Design | Vite","https://www.awwwards.com/sites/daniel-dungyov-portfolio","https://www.awwwards.com/websites/portfolio/?page=7","https://assets.awwwards.com/awards/media/cache/thumb_880_660/submissions/2026/07/6a4e2cd919e26865388215.jpg","2026-07-24T07:45:00Z"
"Daniel Kiss - Portfolio","daniel-kiss-portfolio","submission","Web & Interactive | Portfolio | Single page | WebGL | GSAP | Microinteractions | Vite","https://www.awwwards.com/sites/daniel-kiss-portfolio","https://www.awwwards.com/websites/portfolio/?page=2","https://assets.awwwards.com/awards/media/cache/thumb_880_660/submissions/2026/09/6a9bed4a966d9110378833.jpg","2026-09-18T09:29:35Z"
"Daniel Orubo: The Content Nerd","daniel-orubo-the-content-nerd","submission","Magazine / Newspaper / Blog | Technology | Web & Interactive | Portfolio | Responsive Design | Gestures / Interaction | Content architecture | UI design | Contentful","https://www.awwwards.com/sites/daniel-orubo-the-content-nerd","https://www.awwwards.com/websites/portfolio/?page=65","https://assets.awwwards.com/awards/media/cache/thumb_880_660/submissions/2024/01/65a4e9fe8e734691266638.png","2024-01-18T08:42:26Z"
"Daniel Vaszka","daniel-vaszka","submission","Design Agencies | Music & Sound | Web & Interactive | Portfolio | Transitions | Responsive | 3D | Microinteractions | 404 pages","https://www.awwwards.com/sites/daniel-vaszka","https://www.awwwards.com/websites/portfolio/?page=44","https://assets.awwwards.com/awards/media/cache/thumb_880_660/submissions/2024/11/673b2f6b06fc4740441489.jpg","2024-11-27T05:42:43Z"
"Danik Bartolini","danik-bartolini","submission","Design Agencies | Film & TV | Animation | Portfolio | Typography | Video | Photography | Photo & Video | Wix Studio","https://www.awwwards.com/sites/danik-bartolini","https://www.awwwards.com/websites/portfolio/?page=16","https://assets.awwwards.com/awards/media/cache/thumb_880_660/submissions/2026/03/69ae354e0b0b7456861712.png","2026-03-21T12:28:10Z"
"Danilo De Marco 2.0","danilo-de-marco-2-0","submission","Design Agencies | Promotional | Web & Interactive | Animation | Graphic design | Parallax | Portfolio | Typography | UI design","https://www.awwwards.com/sites/danilo-de-marco-2-0","https://www.awwwards.com/websites/portfolio/?page=61","https://assets.awwwards.com/awards/media/cache/thumb_880_660/submissions/2024/03/65e6ccc1e94b5464449706.png","2024-03-11T08:47:26Z"
"dao for design","dao-for-design","submission","Design Agencies | Web & Interactive | Colorful | Fullscreen | Graphic design | Portfolio | Typography | Photography | Project Page | Framer","https://www.awwwards.com/sites/dao-for-design","https://www.awwwards.com/websites/portfolio/?page=43","https://assets.awwwards.com/awards/media/cache/thumb_880_660/submissions/2024/12/6751203701c0f966384671.jpg","2024-12-16T07:06:00Z"
"Darina CG Artist","darina-cg-artist","submission","Architecture | Art & Illustration | Web & Interactive | Minimal | Portfolio | Scrolling | Transitions | Gallery | Menu - Vertical","https://www.awwwards.com/sites/darina-cg-artist","https://www.awwwards.com/websites/portfolio/?page=67","https://assets.awwwards.com/awards/media/cache/thumb_880_660/submissions/2023/11/65578cc1d7e41909354022.png","2023-12-30T00:00:00Z"
"Dark Alley Pictures","dark-alley-pictures","submission","Culture & Education | Film & TV | Fullscreen | Minimal | Portfolio | Unusual Navigation | Photography | Photo & Video","https://www.awwwards.com/sites/dark-alley-pictures","https://www.awwwards.com/websites/portfolio/?page=41","https://assets.awwwards.com/awards/media/cache/thumb_880_660/submissions/2025/01/6787ab8660fb5250409381.jpg","2025-01-28T06:21:05Z"
"Darkroom by Kaploom®","darkroom-by-kaploom-r","submission","Design Agencies | Promotional | Colorful | Portfolio | Single page | 3D","https://www.awwwards.com/sites/darkroom-by-kaploom-r","https://www.awwwards.com/websites/portfolio/?page=55","https://assets.awwwards.com/awards/media/cache/thumb_880_660/submissions/2024/05/6655b0c71d344826857623.png","2024-06-04T06:34:20Z"
"Dash Creative","dash-creative","submission","Design Agencies | E-Commerce | Web & Interactive | Animation | Portfolio | Video | 3D | Filters and Effects | Project Page | Webflow | Figma","https://www.awwwards.com/sites/dash-creative","https://www.awwwards.com/websites/portfolio/?page=10","https://assets.awwwards.com/awards/media/cache/thumb_880_660/submissions/2026/06/6a1d99b333a8c914084111.png","2026-06-15T10:36:00Z"
"Dasupply","dasupply","submission","Art & Illustration | Animation | Minimal | Portfolio | Photography | Photo & Video | About Page | 404 pages | Figma","https://www.awwwards.com/sites/dasupply","https://www.awwwards.com/websites/portfolio/?page=12","https://assets.awwwards.com/awards/media/cache/thumb_880_660/submissions/2026/05/69f3f89c29b75651569659.png","2026-05-10T12:25:44Z"
"Dave Holloway","dave-holloway","submission","Design Agencies | Technology | Web & Interactive | Colorful | Portfolio | Typography | Transitions | Gestures / Interaction | Microinteractions","https://www.awwwards.com/sites/dave-holloway","https://www.awwwards.com/websites/portfolio/?page=68","https://assets.awwwards.com/awards/media/cache/thumb_880_660/submissions/2023/12/656f124436bfe561240573.jpg","2023-12-07T09:09:00Z"
"Dave Holloway - Portfolio","dave-holloway-portfolio","submission","Art & Illustration | Design Agencies | Web & Interactive | Animation | Portfolio | Vector | Illustration | Transitions | GSAP | Three.js | Microinteractions | Astro","https://www.awwwards.com/sites/dave-holloway-portfolio","https://www.awwwards.com/websites/portfolio/?page=15","https://assets.awwwards.com/awards/media/cache/thumb_880_660/submissions/2026/03/69b99b0ee00b4443812987.jpg","2026-03-30T09:40:00Z"
"DaveJ.com","davej-com","submission","Parallax | Portfolio | Gallery | Film & TV | Javascript | Games & Entertainment | Web & Interactive | CSS | HTML5","https://www.awwwards.com/sites/davej-com","https://www.awwwards.com/websites/portfolio/?page=5","https://assets.awwwards.com/awards/media/cache/thumb_880_660/submissions/2026/07/6a67c02c66fbd019342900.png","2026-08-11T09:45:00Z"
"David Anthony Chenault","david-anthony-chenault","submission","Business & Corporate | Other | Animation | Portfolio | Video | Experimental | Content architecture | Copy design | Microinteractions","https://www.awwwards.com/sites/david-anthony-chenault","https://www.awwwards.com/websites/portfolio/?page=65","https://assets.awwwards.com/awards/media/cache/thumb_880_660/submissions/2024/01/659d79c7cda6d616960540.jpg","2024-01-27T00:00:00Z"
"David Langarica","david-langarica","submission","Technology | Web & Interactive | Animation | Portfolio | 3D | UI design | next.js","https://www.awwwards.com/sites/david-langarica","https://www.awwwards.com/websites/portfolio/?page=41","https://assets.awwwards.com/awards/media/cache/thumb_880_660/submissions/2025/01/67903d1230d59570883315.png","2025-01-27T06:34:25Z"
"David Martín Suárez","david-martin-suarez","submission","Web & Interactive | Animation | Clean | Portfolio | Single page | Experimental | React | UI design | Microinteractions | Tailwind","https://www.awwwards.com/sites/david-martin-suarez","https://www.awwwards.com/websites/portfolio/?page=18","https://assets.awwwards.com/awards/media/cache/thumb_880_660/submissions/2026/02/698cbcf191d1a853776546.png","2026-02-24T11:17:26Z"
"David Spaeth","david-spaeth","submission","Fashion | Animation | Graphic design | Portfolio | Typography | Photography | Filters and Effects | Photo & Video | Nuxt.js | Tailwind | Swiper.js | Luxury","https://www.awwwards.com/sites/david-spaeth","https://www.awwwards.com/websites/portfolio/?page=6","https://assets.awwwards.com/awards/media/cache/thumb_880_660/submissions/2026/07/6a54f1a864641144826328.png","2026-07-27T10:08:04Z"
"Davide Baratta 24","davide-baratta-24","submission","Design Agencies | Web & Interactive | Graphic design | Portfolio | Typography | Transitions | About Page | 404 pages","https://www.awwwards.com/sites/davide-baratta-24","https://www.awwwards.com/websites/portfolio/?page=45","https://assets.awwwards.com/awards/media/cache/thumb_880_660/submissions/2024/10/6720adeb1d52e994443681.png","2024-11-18T00:00:00Z"
"Dawn | Website Refresh","dawn-website-refresh","submission","Design Agencies | Web & Interactive | Colorful | Graphic design | Portfolio | Retro | GSAP | Webflow | Vanilla JS","https://www.awwwards.com/sites/dawn-website-refresh","https://www.awwwards.com/websites/portfolio/?page=9","https://assets.awwwards.com/awards/media/cache/thumb_880_660/submissions/2026/06/6a4456606408f811723106.jpg","2026-07-01T09:31:00Z"
"Dazze Studio","dazze-studio-1","submission","Design Agencies | Portfolio | Web Fonts | Responsive | Photo & Video | About Page | Project Page","https://www.awwwards.com/sites/dazze-studio-1","https://www.awwwards.com/websites/portfolio/?page=60","https://assets.awwwards.com/awards/media/cache/thumb_880_660/submissions/2024/04/660a85fec241a844294336.jpg","2024-04-10T08:28:56Z"
"DCP Web Designers","dcp-web-designers","submission","Design Agencies | Clean | Wordpress | Colorful | Infinite Scroll | Portfolio | Responsive Design | Photo & Video | Elementor","https://www.awwwards.com/sites/dcp-web-designers","https://www.awwwards.com/websites/portfolio/?page=9","https://assets.awwwards.com/awards/media/cache/thumb_880_660/submissions/2026/06/6a26ccc0c8ed9907630474.jpg","2026-06-23T09:50:00Z"
"Deadline Communications","deadline-communications","submission","Business & Corporate | Film & TV | Music & Sound | Minimal | Portfolio | Responsive Design | Typography | Photo & Video | UI design | Figma | AWS | Duda","https://www.awwwards.com/sites/deadline-communications","https://www.awwwards.com/websites/portfolio/?page=18","https://assets.awwwards.com/awards/media/cache/thumb_880_660/submissions/2026/02/698b2013cd33e206969518.jpg","2026-02-23T11:57:00Z"
"Decor24","decor24","submission","Architecture | Wordpress | Portfolio | Responsive Design | Storytelling | GSAP | Contact Page | Microinteractions | Footer Design | Elementor","https://www.awwwards.com/sites/decor24","https://www.awwwards.com/websites/portfolio/?page=22","https://assets.awwwards.com/awards/media/cache/thumb_880_660/submissions/2025/11/692981368da0c175228408.png","2025-12-07T12:58:25Z"
"Deed","deed","submission","Business & Corporate | Promotional | Animation | Portfolio | Scrolling | Web Fonts | About Page | Contentful | Webflow | Figma","https://www.awwwards.com/sites/deed","https://www.awwwards.com/websites/portfolio/?page=26","https://assets.awwwards.com/awards/media/cache/thumb_880_660/submissions/2025/09/68c182e68b3d4897594516.png","2025-09-24T09:12:31Z"
"Deeo Studio","deeo-studio","submission","Design Agencies | Web & Interactive | Animation | Portfolio | Responsive Design | Typography | Experimental | 3D | Footer Design | Framer","https://www.awwwards.com/sites/deeo-studio","https://www.awwwards.com/websites/portfolio/?page=43","https://assets.awwwards.com/awards/media/cache/thumb_880_660/submissions/2024/12/674f39c33104a765756407.png","2024-12-13T08:20:37Z"
"Deepesh.Design","deepesh-design","submission","Art & Illustration | Culture & Education | Web & Interactive | Portfolio | Scrolling | 3D | Interaction Design | UI design | About Page","https://www.awwwards.com/sites/deepesh-design","https://www.awwwards.com/websites/portfolio/?page=58","https://assets.awwwards.com/awards/media/cache/thumb_880_660/submissions/2024/04/662c765138c29101262941.jpg","2024-05-07T08:39:45Z"
"definitely jayant","definitely-jayant","submission","Design Agencies | Fashion | Portfolio | Unusual Navigation | Experimental | Responsive | 3D | Filters and Effects | UI design","https://www.awwwards.com/sites/definitely-jayant","https://www.awwwards.com/websites/portfolio/?page=62","https://assets.awwwards.com/awards/media/cache/thumb_880_660/submissions/2024/03/65e2f5f0087d3629241158.png","2024-03-06T08:36:31Z"
"DeGraw & DeHaan Architects","degraw-dehaan-architects","submission","Architecture | Business & Corporate | Web & Interactive | Animation | Portfolio | Scrolling | Transitions | Microinteractions | next.js | Next.js | Locomotive Scroll","https://www.awwwards.com/sites/degraw-dehaan-architects","https://www.awwwards.com/websites/portfolio/?page=22","https://assets.awwwards.com/awards/media/cache/thumb_880_660/submissions/2025/11/6917a37528801221413506.jpg","2025-11-25T12:19:00Z"
"DELAUNAY Inc.","delaunay-inc","submission","Business & Corporate | Design Agencies | Web & Interactive | Colorful | Minimal | Parallax | Portfolio | Responsive | Interaction Design","https://www.awwwards.com/sites/delaunay-inc","https://www.awwwards.com/websites/portfolio/?page=45","https://assets.awwwards.com/awards/media/cache/thumb_880_660/submissions/2024/11/672ae65130d21542703444.png","2024-11-18T06:35:00Z"
"DelightDale","delightdale","submission","E-Commerce | Food & Drink | Technology | Portfolio | About Page | Project Page","https://www.awwwards.com/sites/delightdale","https://www.awwwards.com/websites/portfolio/?page=57","https://assets.awwwards.com/awards/media/cache/thumb_880_660/submissions/2024/05/663a3586de439673573135.png","2024-05-14T08:37:48Z"
"Den Cool","den-cool","submission","Design Agencies | Technology | Web & Interactive | Clean | Portfolio | 3D","https://www.awwwards.com/sites/den-cool","https://www.awwwards.com/websites/portfolio/?page=52","https://assets.awwwards.com/awards/media/cache/thumb_880_660/submissions/2024/07/668c755e91c1c046253239.png","2024-08-05T00:00:00Z"
"Denny Tom Joseph - Portfolio","denny-tom-joseph-portfolio","submission","Film & TV | Portfolio | Scrolling | WebGL | Photography | Interaction Design | Javascript | Canvas API","https://www.awwwards.com/sites/denny-tom-joseph-portfolio","https://www.awwwards.com/websites/portfolio/?page=17","https://assets.awwwards.com/awards/media/cache/thumb_880_660/submissions/2026/02/699c5d4fd191e487190739.jpg","2026-03-08T13:41:27Z"
"Denqid - Deniz Ulmer Portfolio","denqid-deniz-ulmer-portfolio","submission","Design Agencies | Animation | Clean | Portfolio | Adobe XD | Adobe Illustrator | Framer","https://www.awwwards.com/sites/denqid-deniz-ulmer-portfolio","https://www.awwwards.com/websites/portfolio/?page=25","https://assets.awwwards.com/awards/media/cache/thumb_880_660/submissions/2025/09/68d47d254c298925733164.png","2025-10-07T09:33:29Z"
"DENTSU LAB SHOWREEL","dentsu-lab-showreel-1","submission","Business & Corporate | Design Agencies | Technology | Portfolio | Single page | Video | Menu - Horizontal | Interaction Design | About Page","https://www.awwwards.com/sites/dentsu-lab-showreel-1","https://www.awwwards.com/websites/portfolio/?page=46","https://assets.awwwards.com/awards/media/cache/thumb_880_660/submissions/2024/10/671b7c87d29ae976845192.png","2024-10-28T07:15:00Z"
"derekorr.design","derekorr-design","submission","Mobile & Apps | Technology | Web & Interactive | Clean | Colorful | Minimal | Portfolio | Interaction Design | UI design","https://www.awwwards.com/sites/derekorr-design","https://www.awwwards.com/websites/portfolio/?page=32","https://assets.awwwards.com/awards/media/cache/thumb_880_660/submissions/2025/06/683e2f874aae0097811634.png","2025-06-19T10:02:00Z"
"Design By Brandin","design-by-brandin","submission","Design Agencies | Web & Interactive | Clean | Wordpress | Fullscreen | jQuery | Parallax | Portfolio | Scrolling | Single page | GSAP","https://www.awwwards.com/sites/design-by-brandin","https://www.awwwards.com/websites/portfolio/?page=16","https://assets.awwwards.com/awards/media/cache/thumb_880_660/submissions/2026/03/69b019cc00c17116108203.png","2026-03-23T10:29:00Z"
"DESIGN BY YELENN","design-by-yelenn","submission","Design Agencies | Web & Interactive | Clean | Graphic design | HTML5 | Minimal | Portfolio | Gestures / Interaction | UI design | Webflow | Javascript","https://www.awwwards.com/sites/design-by-yelenn","https://www.awwwards.com/websites/portfolio/?page=30","https://assets.awwwards.com/awards/media/cache/thumb_880_660/submissions/2025/06/685eb4dab7a02805624217.png","2025-07-16T10:27:45Z"
"Design Cart","design-cart","submission","Design Agencies | E-Commerce | Web & Interactive | Colorful | Flat Design | Graphic design | Icons | Portfolio | Responsive Design","https://www.awwwards.com/sites/design-cart","https://www.awwwards.com/websites/portfolio/?page=53","https://assets.awwwards.com/awards/media/cache/thumb_880_660/submissions/2024/07/668f9ecfe7ed4964912559.jpg","2024-07-19T03:15:00Z"
"Design Embraced","design-embraced-4","submission","Promotional | Web & Interactive | Animation | Clean | Minimal | Portfolio | Typography | Experimental | Interaction Design","https://www.awwwards.com/sites/design-embraced-4","https://www.awwwards.com/websites/portfolio/?page=61","https://assets.awwwards.com/awards/media/cache/thumb_880_660/submissions/2024/03/65e6e4402f1db487156038.png","2024-03-18T00:00:00Z"
"Design to Development","design-to-development","submission","Design Agencies | Web & Interactive | Minimal | Portfolio | Responsive Design | Typography | Interaction Design | next.js","https://www.awwwards.com/sites/design-to-development","https://www.awwwards.com/websites/portfolio/?page=42","https://assets.awwwards.com/awards/media/cache/thumb_880_660/submissions/2024/12/67735c9230fd4661035421.png","2025-01-15T06:55:27Z"
"Design Waves","design-waves","submission","Design Agencies | Technology | Web & Interactive | Animation | Icons | Portfolio | Responsive Design | Typography | Microinteractions","https://www.awwwards.com/sites/design-waves","https://www.awwwards.com/websites/portfolio/?page=56","https://assets.awwwards.com/awards/media/cache/thumb_880_660/submissions/2024/05/66550d4224b0d596804020.png","2024-05-31T09:50:44Z"
"Design with Daria","design-with-daria","submission","Art & Illustration | Web & Interactive | Flat Design | Portfolio | Vector | Illustration | UI design | 404 pages | Figma | Tilda","https://www.awwwards.com/sites/design-with-daria","https://www.awwwards.com/websites/portfolio/?page=29","https://assets.awwwards.com/awards/media/cache/thumb_880_660/submissions/2025/07/6875633d5d6ae555250461.jpg","2025-07-30T09:58:22Z"
"Designed by Joren — Portfolio","designed-by-joren-portfolio","submission","Mobile & Apps | Technology | Web & Interactive | Clean | Colorful | Portfolio | Single page | UI design | Microinteractions","https://www.awwwards.com/sites/designed-by-joren-portfolio","https://www.awwwards.com/websites/portfolio/?page=48","https://assets.awwwards.com/awards/media/cache/thumb_880_660/submissions/2024/09/66fa6301e621c155693351.png","2024-10-07T05:53:11Z"
"Designer. Surf. Hi.","designer-surf-hi","submission","Design Agencies | Mobile & Apps | Web & Interactive | Clean | Portfolio | Typography | Video | Storytelling | Interaction Design","https://www.awwwards.com/sites/designer-surf-hi","https://www.awwwards.com/websites/portfolio/?page=47","https://assets.awwwards.com/awards/media/cache/thumb_880_660/submissions/2024/10/67079ded8c14d907788529.png","2024-10-22T06:00:00Z"
"DesignThat","designthat","submission","Business & Corporate | Design Agencies | Clean | Portfolio | Scrolling | Single page | Interaction Design | Microinteractions | Startups","https://www.awwwards.com/sites/designthat","https://www.awwwards.com/websites/portfolio/?page=53","https://assets.awwwards.com/awards/media/cache/thumb_880_660/submissions/2024/07/6684ea5b441ab817208477.png","2024-07-11T04:41:57Z"
"Devansh","devansh","submission","Art & Illustration | Design Agencies | Web & Interactive | Colorful | Portfolio | 3D | UI design | About Page | Contact Page","https://www.awwwards.com/sites/devansh","https://www.awwwards.com/websites/portfolio/?page=37","https://assets.awwwards.com/awards/media/cache/thumb_880_660/submissions/2025/03/67d08a5406d45958042919.png","2025-03-26T07:11:07Z"
"Developios","developios","submission","Design Agencies | Web & Interactive | Navigation Menu | Parallax | Portfolio | Responsive Design | GSAP | Interaction Design | UI design | Startups | Webflow | Figma","https://www.awwwards.com/sites/developios","https://www.awwwards.com/websites/portfolio/?page=8","https://assets.awwwards.com/awards/media/cache/thumb_880_660/submissions/2026/06/6a3a27c010d33919300755.png","2026-07-08T09:03:00Z"
"Dgrees Studio","dgrees-studio-2","submission","Architecture | Design Agencies | Web & Interactive | Minimal | Portfolio | Interaction Design | UI design","https://www.awwwards.com/sites/dgrees-studio-2","https://www.awwwards.com/websites/portfolio/?page=36","https://assets.awwwards.com/awards/media/cache/thumb_880_660/submissions/2025/04/67ebd3cde2199984738345.jpg","2025-04-17T00:00:00Z"
"Diana Toloza - Portfolio 2024","diana-toloza-portfolio-2024","submission","Fashion | Promotional | Animation | Minimal | Portfolio | Typography | Photography | Gallery | Microinteractions","https://www.awwwards.com/sites/diana-toloza-portfolio-2024","https://www.awwwards.com/websites/portfolio/?page=47","https://assets.awwwards.com/awards/media/cache/thumb_880_660/submissions/2024/09/66f878de7b5dc274546694.png","2024-10-09T06:50:19Z"
"Diana Weisman","diana-weisman","submission","Design Agencies | Fashion | Portfolio | Experimental | Gallery | Gestures / Interaction | Photo & Video | About Page","https://www.awwwards.com/sites/diana-weisman","https://www.awwwards.com/websites/portfolio/?page=37","https://assets.awwwards.com/awards/media/cache/thumb_880_660/submissions/2025/03/67dc1693e934f240212278.png","2025-04-01T06:05:00Z"
"Diego Sevilla | Portfolio 2025","diego-sevilla-portfolio-2025","submission","Art & Illustration | Technology | Web & Interactive | Animation | Parallax | Portfolio | Responsive Design | Typography | Transitions | GSAP | Three.js | React","https://www.awwwards.com/sites/diego-sevilla-portfolio-2025","https://www.awwwards.com/websites/portfolio/?page=27","https://assets.awwwards.com/awards/media/cache/thumb_880_660/submissions/2025/09/68b4e7b8b8193760076296.png","2025-09-11T10:26:39Z"
"Diegonciox Portfolio","diegonciox-portfolio","submission","Design Agencies | Web & Interactive | Clean | Minimal | Portfolio | Experimental","https://www.awwwards.com/sites/diegonciox-portfolio","https://www.awwwards.com/websites/portfolio/?page=68","https://assets.awwwards.com/awards/media/cache/thumb_880_660/submissions/2023/12/6570925793ffc932023804.png","2023-12-07T09:09:00Z"
"diegostevens.com","diegostevens-com","submission","Business & Corporate | Promotional | Big Background Images | Clean | Parallax | Portfolio | Gestures / Interaction | Filters and Effects | Startups","https://www.awwwards.com/sites/diegostevens-com","https://www.awwwards.com/websites/portfolio/?page=34","https://assets.awwwards.com/awards/media/cache/thumb_880_660/submissions/2025/05/6818948eca7e5258986088.jpg","2025-05-19T09:18:03Z"
"digidop.com","digidop-com","submission","Design Agencies | Technology | Web & Interactive | Portfolio | SEO | Content architecture | UI design | Header Design | Microinteractions","https://www.awwwards.com/sites/digidop-com","https://www.awwwards.com/websites/portfolio/?page=41","https://assets.awwwards.com/awards/media/cache/thumb_880_660/submissions/2025/01/67862b9731502259488708.jpg","2025-01-28T06:16:12Z"
"DIGIT DIGIT","digit-digit","submission","Business & Corporate | Film & TV | Web & Interactive | Animation | Clean | Minimal | Portfolio | Video | Interaction Design","https://www.awwwards.com/sites/digit-digit","https://www.awwwards.com/websites/portfolio/?page=61","https://assets.awwwards.com/awards/media/cache/thumb_880_660/submissions/2024/03/65fd81b5d4e9f535739083.jpg","2024-03-25T09:28:08Z"
"Digital Flagship","digital-flagship","submission","Design Agencies | Technology | Web & Interactive | Wordpress | Colorful | Parallax | Portfolio | Typography | Gallery | Shopify | Elementor","https://www.awwwards.com/sites/digital-flagship","https://www.awwwards.com/websites/portfolio/?page=14","https://assets.awwwards.com/awards/media/cache/thumb_880_660/submissions/2026/04/69d676ec7ee82509321116.jpg","2026-04-09T10:22:43Z"
"Digital Meadow","digital-meadow-1","submission","Technology | Web & Interactive | Colorful | Portfolio | Unusual Navigation | Experimental | 3D | Gestures / Interaction | Microinteractions | Canvas API | Typescript | Astro","https://www.awwwards.com/sites/digital-meadow-1","https://www.awwwards.com/websites/portfolio/","https://assets.awwwards.com/awards/media/cache/thumb_880_660/submissions/2026/09/6aa22882c0797890076654.png","2026-09-23T08:51:40Z"
"digitalhero","digitalhero","submission","Design Agencies | Technology | Web & Interactive | Animation | Clean | Wordpress | Portfolio | Typography | Gallery | GSAP | Interaction Design | Figma","https://www.awwwards.com/sites/digitalhero","https://www.awwwards.com/websites/portfolio/?page=18","https://assets.awwwards.com/awards/media/cache/thumb_880_660/submissions/2026/02/6980f2d39551d958545506.jpg","2026-02-13T12:27:30Z"
"DigitalSaints","digitalsaints","submission","Design Agencies | Web & Interactive | Animation | Infinite Scroll | Portfolio | Scrolling | Microinteractions | Project Page | Framer","https://www.awwwards.com/sites/digitalsaints","https://www.awwwards.com/websites/portfolio/?page=19","https://assets.awwwards.com/awards/media/cache/thumb_880_660/submissions/2026/01/697b5b39ebaf7499077885.png","2026-02-10T11:58:00Z"
"Dima Plotnikov - Design Lead Portfolio","dima-plotnikov-design-lead-portfolio","submission","Business & Corporate | Design Agencies | Web & Interactive | Animation | Clean | Minimal | Portfolio | Storytelling | UI design","https://www.awwwards.com/sites/dima-plotnikov-design-lead-portfolio","https://www.awwwards.com/websites/portfolio/?page=51","https://assets.awwwards.com/awards/media/cache/thumb_880_660/submissions/2024/08/66af404a91a5c905657082.png","2024-08-15T04:53:28Z"
"DIMA SOHO / Landing '25","dima-soho-landing-25","submission","Design Agencies | Web & Interactive | Portfolio | Single page | Transitions | Responsive | 3D","https://www.awwwards.com/sites/dima-soho-landing-25","https://www.awwwards.com/websites/portfolio/?page=42","https://assets.awwwards.com/awards/media/cache/thumb_880_660/submissions/2024/12/6773f9a801344693482985.jpeg","2025-01-14T07:33:00Z"
"Diorama","diorama","submission","Design Agencies | Events | Animation | Infinite Scroll | Portfolio | Scrolling | Gallery | Luxury","https://www.awwwards.com/sites/diorama","https://www.awwwards.com/websites/portfolio/?page=39","https://assets.awwwards.com/awards/media/cache/thumb_880_660/submissions/2025/02/67ab67f71e297314845027.png","2025-02-24T05:47:09Z"
"Disco Frog Studio","disco-frog-studio","submission","Design Agencies | Web & Interactive | Portfolio | Storytelling | GSAP | Gestures / Interaction | Interaction Design | Microinteractions | Startups | next.js | Next.js | Typescript","https://www.awwwards.com/sites/disco-frog-studio","https://www.awwwards.com/websites/portfolio/?page=19","https://assets.awwwards.com/awards/media/cache/thumb_880_660/submissions/2026/01/695b1034cd161244025428.jpg","2026-01-27T11:09:15Z"
"DISCOVER DESIGN","discover-design","submission","Design Agencies | Web & Interactive | Animation | Portfolio | Responsive Design | Illustration | About Page | Contact Page","https://www.awwwards.com/sites/discover-design","https://www.awwwards.com/websites/portfolio/?page=68","https://assets.awwwards.com/awards/media/cache/thumb_880_660/submissions/2023/12/657b15ab65baa610681535.png","2023-12-07T09:08:00Z"
"Dixie Raiz Pacheco","dixie-raiz-pacheco","submission","Web & Interactive | Animation | Clean | CSS | Minimal | Portfolio | Responsive Design | Microinteractions | Svelte | Figma","https://www.awwwards.com/sites/dixie-raiz-pacheco","https://www.awwwards.com/websites/portfolio/?page=20","https://assets.awwwards.com/awards/media/cache/thumb_880_660/submissions/2026/01/695cf890e9ff2789503598.jpg","2026-01-17T15:13:19Z"
"DJ KOVA","dj-kova","submission","Music & Sound | Web & Interactive | Animation | Portfolio | Typography | Transitions | Experimental | Storytelling | GSAP | React | Interaction Design | Tailwind","https://www.awwwards.com/sites/dj-kova","https://www.awwwards.com/websites/portfolio/?page=14","https://assets.awwwards.com/awards/media/cache/thumb_880_660/submissions/2026/03/69c18e5221134428938401.png","2026-04-04T14:15:58Z"
"Dkton","dkton","submission","Film & TV | Music & Sound | Web & Interactive | Animation | Portfolio | Typography | Sound-Audio | GSAP | Gestures / Interaction | Microinteractions | Webflow","https://www.awwwards.com/sites/dkton","https://www.awwwards.com/websites/portfolio/","https://assets.awwwards.com/awards/media/cache/thumb_880_660/submissions/2026/09/6a9f03d8b9e93142034836.png","2026-09-19T09:56:29Z"
"DMB Brandshop","dmb-brandshop","submission","Design Agencies | E-Commerce | Animation | Portfolio | Microinteractions | Contentful","https://www.awwwards.com/sites/dmb-brandshop","https://www.awwwards.com/websites/portfolio/?page=34","https://assets.awwwards.com/awards/media/cache/thumb_880_660/submissions/2025/04/6812106bbd1db109728030.png","2025-05-14T09:40:21Z"
"Dmitriev Design Agency","dmitriev-design-agency","submission","Business & Corporate | Design Agencies | Web & Interactive | Animation | Portfolio | Video | Interaction Design | UI design | About Page","https://www.awwwards.com/sites/dmitriev-design-agency","https://www.awwwards.com/websites/portfolio/?page=34","https://assets.awwwards.com/awards/media/cache/thumb_880_660/submissions/2025/05/681330461cbba808396706.png","2025-05-15T10:00:42Z"
"Dmitry Sergushkin Portfolio","dmitry-sergushkin-portfolio","submission","Business & Corporate | Design Agencies | Web & Interactive | Portfolio | Responsive Design | Interaction Design | UI design | About Page | Contact Page","https://www.awwwards.com/sites/dmitry-sergushkin-portfolio","https://www.awwwards.com/websites/portfolio/?page=61","https://assets.awwwards.com/awards/media/cache/thumb_880_660/submissions/2024/03/65e9ff7d291b0254003326.png","2024-03-13T09:19:50Z"
"DN&CO","https-www-dn-co-in","submission","Design Agencies | Web & Interactive | Colorful | Graphic design | Portfolio | Experimental | Microinteractions | Footer Design | 404 pages","https://www.awwwards.com/sites/https-www-dn-co-in","https://www.awwwards.com/websites/portfolio/?page=48","https://assets.awwwards.com/awards/media/cache/thumb_880_660/submissions/2024/09/66f242c6c0b30063142112.png","2024-09-26T05:41:42Z"
"Dokmeh Creative Agency","dokmeh-creative-agency","submission","Design Agencies | Portfolio | Contact Page | 404 pages","https://www.awwwards.com/sites/dokmeh-creative-agency","https://www.awwwards.com/websites/portfolio/?page=67","https://assets.awwwards.com/awards/media/cache/thumb_880_660/submissions/2023/12/6583e28e331fe625932048.jpg","2023-12-27T10:18:08Z"
"Dokmeh Creative Agency","dokmeh-creative-agency-2","submission","Design Agencies | Web & Interactive | Clean | Portfolio | Scrolling | UI design | About Page | 404 pages","https://www.awwwards.com/sites/dokmeh-creative-agency-2","https://www.awwwards.com/websites/portfolio/?page=49","https://assets.awwwards.com/awards/media/cache/thumb_880_660/submissions/2024/09/66d48e7478710994228259.jpg","2024-09-11T04:15:00Z"
"DomiDex.Design","domidex-design","submission","Design Agencies | Web & Interactive | Portfolio | SEO | Menu - Horizontal | 3D | Copy design | UI design","https://www.awwwards.com/sites/domidex-design","https://www.awwwards.com/websites/portfolio/?page=57","https://assets.awwwards.com/awards/media/cache/thumb_880_660/submissions/2024/05/66320114e1273984509718.png","2024-05-08T08:02:17Z"
"Dominik Tampe","dominik-tampe","submission","Design Agencies | Web & Interactive | Clean | Portfolio | Typography | Transitions | Interaction Design | Footer Design","https://www.awwwards.com/sites/dominik-tampe","https://www.awwwards.com/websites/portfolio/?page=43","https://assets.awwwards.com/awards/media/cache/thumb_880_660/submissions/2024/12/674ef1dcb685b422270657.jpg","2024-12-13T08:21:15Z"
"DominioZero","dominiozero","submission","Business & Corporate | Design Agencies | Web & Interactive | Animation | Graphic design | Portfolio | 3D | Photo & Video | Project Page","https://www.awwwards.com/sites/dominiozero","https://www.awwwards.com/websites/portfolio/?page=33","https://assets.awwwards.com/awards/media/cache/thumb_880_660/submissions/2025/06/683d678e3f212724833424.jpg","2025-06-09T09:51:17Z"
"Door Dennis","door-dennis","submission","Design Agencies | Technology | Web & Interactive | Animation | Wordpress | Colorful | Portfolio | Video | GSAP | Three.js | Project Page","https://www.awwwards.com/sites/door-dennis","https://www.awwwards.com/websites/portfolio/?page=2","https://assets.awwwards.com/awards/media/cache/thumb_880_660/submissions/2026/09/6a9bef7d3894c447104905.jpg","2026-09-18T09:29:47Z"
"Dorian Lods Portfolio 2025","dorian-lods-portfolio-2025","submission","Technology | Web & Interactive | Animation | Minimal | Portfolio | Single page | WebGL | Experimental | GLSL | 3D | Gestures / Interaction | Vue.js","https://www.awwwards.com/sites/dorian-lods-portfolio-2025","https://www.awwwards.com/websites/portfolio/?page=28","https://assets.awwwards.com/awards/media/cache/thumb_880_660/submissions/2025/08/68908dfd26864585394031.png","2025-08-19T09:17:46Z"
"Dot Matrix Landscape","dot-matrix-landscape","submission","Art & Illustration | Web & Interactive | Parallax | Portfolio | Typography | Experimental | Gallery | GSAP | Three.js | 3D | Svelte","https://www.awwwards.com/sites/dot-matrix-landscape","https://www.awwwards.com/websites/portfolio/?page=28","https://assets.awwwards.com/awards/media/cache/thumb_880_660/submissions/2025/07/68888e5d845c0250114389.png","2025-08-13T09:32:16Z"
"DoThings","dothings","submission","Design Agencies | Fashion | Clean | Portfolio | Typography | Interaction Design | About Page | Luxury","https://www.awwwards.com/sites/dothings","https://www.awwwards.com/websites/portfolio/?page=44","https://assets.awwwards.com/awards/media/cache/thumb_880_660/submissions/2024/10/671fa9cde824a781246514.jpg","2024-12-02T00:00:00Z"
"dotsandlines – design agency","dotsandlines-design-agency","submission","Design Agencies | Clean | Photographic | Portfolio | Responsive Design | Scrolling | GSAP | Interaction Design | Next.js | Sanity","https://www.awwwards.com/sites/dotsandlines-design-agency","https://www.awwwards.com/websites/portfolio/?page=24","https://assets.awwwards.com/awards/media/cache/thumb_880_660/submissions/2025/10/68f0e7b6f06eb391339796.jpg","2025-10-21T11:09:06Z"
"Dr. Kevin Zhao","dr-kevin-zhao","submission","Business & Corporate | Other | Promotional | Animation | Clean | Portfolio | Illustration | Microinteractions","https://www.awwwards.com/sites/dr-kevin-zhao","https://www.awwwards.com/websites/portfolio/?page=54","https://assets.awwwards.com/awards/media/cache/thumb_880_660/submissions/2024/06/6671bf02062df712839185.png","2024-06-26T07:29:33Z"
"Dr. Pink Orthodontics","dr-pink-orthodontics","submission","Business & Corporate | Design Agencies | Web & Interactive | Clean | Portfolio | Typography | Figma","https://www.awwwards.com/sites/dr-pink-orthodontics","https://www.awwwards.com/websites/portfolio/?page=30","https://assets.awwwards.com/awards/media/cache/thumb_880_660/submissions/2025/07/686eaa053d772577493701.png","2025-07-26T16:17:48Z"
"Draniki — Digital Studio","draniki-digital-studio","submission","Design Agencies | Technology | Web & Interactive | Animation | Big Background Images | Parallax | Portfolio | 3D | Microinteractions | Figma | Next.js | Blender","https://www.awwwards.com/sites/draniki-digital-studio","https://www.awwwards.com/websites/portfolio/?page=7","https://assets.awwwards.com/awards/media/cache/thumb_880_660/submissions/2026/07/6a4e25946c1e1348691645.jpg","2026-07-24T07:56:00Z"
"Dreivo","dreivo","submission","Web & Interactive | Portfolio | Responsive Design | 3D | About Page | Contact Page | Footer Design","https://www.awwwards.com/sites/dreivo","https://www.awwwards.com/websites/portfolio/?page=32","https://assets.awwwards.com/awards/media/cache/thumb_880_660/submissions/2025/05/68396129bc45b905912882.png","2025-06-17T09:38:26Z"
"Drexler","drexler-site","submission","Design Agencies | Web & Interactive | Animation | Clean | Minimal | Portfolio | Scrolling | Typography","https://www.awwwards.com/sites/drexler-site","https://www.awwwards.com/websites/portfolio/?page=37","https://assets.awwwards.com/awards/media/cache/thumb_880_660/submissions/2025/03/67db31e69696e443454587.png","2025-03-26T07:14:25Z"
"DS - Design Portfolio","ds-design-portfolio","submission","Design Agencies | Web & Interactive | Portfolio | UI design | Framer","https://www.awwwards.com/sites/ds-design-portfolio","https://www.awwwards.com/websites/portfolio/?page=47","https://assets.awwwards.com/awards/media/cache/thumb_880_660/submissions/2024/10/6702c0b6cfe09821033452.jpg","2024-10-16T05:43:13Z"
"dsgn Interior","dsgn-interior","submission","Architecture | Design Agencies | Parallax | Portfolio | Transitions | Responsive | GSAP | PHP | Filters and Effects | Photo & Video | Vanilla JS","https://www.awwwards.com/sites/dsgn-interior","https://www.awwwards.com/websites/portfolio/?page=3","https://assets.awwwards.com/awards/media/cache/thumb_880_660/submissions/2026/08/6a8d6645e1bbc393614152.jpg","2026-09-07T09:04:07Z"
"Dumemearts","dumemearts","submission","Art & Illustration | Design Agencies | Web & Interactive | Animation | Colorful | Graphic design | Portfolio | Illustration | UI design","https://www.awwwards.com/sites/dumemearts","https://www.awwwards.com/websites/portfolio/?page=34","https://assets.awwwards.com/awards/media/cache/thumb_880_660/submissions/2025/05/68187da5ce7cc746590606.jpg","2025-05-19T09:20:03Z"
"Dungbubu - Portfolio","dungbubu-portfolio","submission","Web & Interactive | Clean | Minimal | Portfolio | About Page | 404 pages","https://www.awwwards.com/sites/dungbubu-portfolio","https://www.awwwards.com/websites/portfolio/?page=54","https://assets.awwwards.com/awards/media/cache/thumb_880_660/submissions/2024/06/6678f61b43224397066277.png","2024-07-01T05:46:25Z"
"Duotint","duotint","submission","Art & Illustration | Design Agencies | Web & Interactive | Animation | Clean | Portfolio | Scrolling | Illustration | Storytelling","https://www.awwwards.com/sites/duotint","https://www.awwwards.com/websites/portfolio/?page=52","https://assets.awwwards.com/awards/media/cache/thumb_880_660/submissions/2024/07/66a69a7305f50232126719.jpg","2024-08-07T06:22:03Z"
"Dusted","dusted","submission","Design Agencies | Graphic design | Photographic | Portfolio | Typography | Video | Responsive","https://www.awwwards.com/sites/dusted","https://www.awwwards.com/websites/portfolio/?page=32","https://assets.awwwards.com/awards/media/cache/thumb_880_660/submissions/2025/06/6841ba55abbf6896619935.jpg","2025-06-23T09:24:05Z"
"Duynguyencreative","duynguyencreative-1","submission","Technology | Web & Interactive | Animation | Parallax | Portfolio | 3D | Filters and Effects | Interaction Design","https://www.awwwards.com/sites/duynguyencreative-1","https://www.awwwards.com/websites/portfolio/?page=63","https://assets.awwwards.com/awards/media/cache/thumb_880_660/submissions/2024/02/65cf1f3a78815784388903.jpg","2024-02-22T09:25:20Z"
"Dvdrod","dvdrod","submission","Design Agencies | Mobile & Apps | Web & Interactive | CSS | Minimal | Portfolio | Transitions | GSAP | UI design | Microinteractions | Project Page | Javascript","https://www.awwwards.com/sites/dvdrod","https://www.awwwards.com/websites/portfolio/?page=14","https://assets.awwwards.com/awards/media/cache/thumb_880_660/submissions/2026/04/69ccebca1f40f872177733.png","2026-04-11T12:57:33Z"
"dverso studio","dverso-studio","submission","Design Agencies | Web & Interactive | Graphic design | Portfolio | Single page | Responsive | Sound-Audio | 3D","https://www.awwwards.com/sites/dverso-studio","https://www.awwwards.com/websites/portfolio/?page=43","https://assets.awwwards.com/awards/media/cache/thumb_880_660/submissions/2024/11/6749ed71eabdd024262786.png","2024-12-10T10:25:57Z"
"Dylan Brouwer","dylan-brouwer","submission","Art & Illustration | Design Agencies | Web & Interactive | Navigation Menu | Portfolio | Unusual Navigation | 3D | Gestures / Interaction | Microinteractions","https://www.awwwards.com/sites/dylan-brouwer","https://www.awwwards.com/websites/portfolio/?page=39","https://assets.awwwards.com/awards/media/cache/thumb_880_660/submissions/2025/02/67b09a2e4e634810499060.png","2025-02-26T06:35:28Z"
"Echelon®","echelon-r","submission","Design Agencies | Other | Minimal | Parallax | Portfolio | Responsive Design | Photography | Gallery | Photo & Video | Framer","https://www.awwwards.com/sites/echelon-r","https://www.awwwards.com/websites/portfolio/?page=23","https://assets.awwwards.com/awards/media/cache/thumb_880_660/submissions/2025/11/690f45bc8fd39729799890.png","2025-11-19T11:39:00Z"
"Echo Studio","echo-studio","submission","Design Agencies | Web & Interactive | Clean | Minimal | Portfolio | Video | 3D","https://www.awwwards.com/sites/echo-studio","https://www.awwwards.com/websites/portfolio/?page=59","https://assets.awwwards.com/awards/media/cache/thumb_880_660/submissions/2024/04/6613d80474c57295124547.png","2024-04-15T08:33:53Z"
"Eclipso Studio","eclipso-studio","submission","Design Agencies | Web & Interactive | Animation | Clean | Minimal | Portfolio | Responsive Design","https://www.awwwards.com/sites/eclipso-studio","https://www.awwwards.com/websites/portfolio/?page=45","https://assets.awwwards.com/awards/media/cache/thumb_880_660/submissions/2024/11/6731e4945e4dc075132731.jpg","2024-11-20T10:20:40Z"
"Edge Studio","edge-studio-1","submission","Design Agencies | Web & Interactive | Animation | Wordpress | Portfolio | Video | GSAP | Copy design | UI design | Microinteractions | Lottie","https://www.awwwards.com/sites/edge-studio-1","https://www.awwwards.com/websites/portfolio/?page=17","https://assets.awwwards.com/awards/media/cache/thumb_880_660/submissions/2026/02/6990823f1b4c8713518306.jpg","2026-02-28T18:44:00Z"
"Edge Web Design Studio","edge-web-design-studio","submission","Design Agencies | Mobile & Apps | Web & Interactive | Portfolio | SEO | Video | Content architecture | UI design | Contentful","https://www.awwwards.com/sites/edge-web-design-studio","https://www.awwwards.com/websites/portfolio/?page=63","https://assets.awwwards.com/awards/media/cache/thumb_880_660/submissions/2024/02/65cb9e9d0aeb5311833911.jpg","2024-02-19T08:52:17Z"
"Edition","edition","submission","Design Agencies | Web & Interactive | Big Background Images | Clean | Graphic design | Photographic | Portfolio | Photography | Project Page","https://www.awwwards.com/sites/edition","https://www.awwwards.com/websites/portfolio/?page=67","https://assets.awwwards.com/awards/media/cache/thumb_880_660/submissions/2023/12/656fdcde7efec881645463.jpg","2023-12-12T09:45:08Z"
"Edoardo Lunardi","edoardo-lunardi","submission","Technology | Web & Interactive | Clean | Minimal | Portfolio | Next.js | Tailwind | Sanity","https://www.awwwards.com/sites/edoardo-lunardi","https://www.awwwards.com/websites/portfolio/?page=23","https://assets.awwwards.com/awards/media/cache/thumb_880_660/submissions/2025/09/68cd6da848e0a768905583.jpg","2025-11-22T00:00:00Z"
"Eduard Bodak — Portfolio","eduard-bodak-portfolio","submission","Design Agencies | Animation | Portfolio | Retro | Typography | Transitions | Microinteractions","https://www.awwwards.com/sites/eduard-bodak-portfolio","https://www.awwwards.com/websites/portfolio/?page=32","https://assets.awwwards.com/awards/media/cache/thumb_880_660/submissions/2025/05/681a10392bdb0596885821.png","2025-06-14T00:00:00Z"
"Educational Minecraft Folio","educational-minecraft-folio","submission","Culture & Education | Web & Interactive | Portfolio | 3D","https://www.awwwards.com/sites/educational-minecraft-folio","https://www.awwwards.com/websites/portfolio/?page=42","https://assets.awwwards.com/awards/media/cache/thumb_880_660/submissions/2024/12/67697c6f31a8f225856174.png","2025-01-05T19:40:36Z"
"Edward Spruell","edward-spruell","submission","Film & TV | Promotional | Graphic design | Minimal | Portfolio | Retro | Video | Photography | Photo & Video","https://www.awwwards.com/sites/edward-spruell","https://www.awwwards.com/websites/portfolio/?page=54","https://assets.awwwards.com/awards/media/cache/thumb_880_660/submissions/2024/06/66797cd95721b201132575.png","2024-07-01T05:46:16Z"
"Edwin Le portfolio","edwin-le-portfolio","submission","Mobile & Apps | Technology | Web & Interactive | Portfolio | Responsive Design | Scrolling | Interaction Design | UI design | Typescript | Framer","https://www.awwwards.com/sites/edwin-le-portfolio","https://www.awwwards.com/websites/portfolio/?page=19","https://assets.awwwards.com/awards/media/cache/thumb_880_660/submissions/2026/01/6974cc285aba6036581375.png","2026-02-05T11:22:38Z"
"Ehab Hussein","ehab-hussein","submission","Magazine / Newspaper / Blog | Technology | Animation | App Style | Portfolio | Unusual Navigation | Experimental | Storytelling | UI design | Go | Python","https://www.awwwards.com/sites/ehab-hussein","https://www.awwwards.com/websites/portfolio/?page=12","https://assets.awwwards.com/awards/media/cache/thumb_880_660/submissions/2026/04/69f02cd6430c8795197795.png","2026-05-06T09:30:00Z"
"Eider Investment","eider-investment","submission","Architecture | Business & Corporate | Portfolio | Responsive Design | Transitions | Real Estate | Content architecture | Webflow","https://www.awwwards.com/sites/eider-investment","https://www.awwwards.com/websites/portfolio/?page=29","https://assets.awwwards.com/awards/media/cache/thumb_880_660/submissions/2025/07/688ba2672a878223604213.jpg","2025-08-01T09:36:00Z"
"Elegant Seagulls","elegant-seagulls-5","submission","Business & Corporate | Design Agencies | Web & Interactive | Colorful | Parallax | Portfolio | Video | 3D | About Page","https://www.awwwards.com/sites/elegant-seagulls-5","https://www.awwwards.com/websites/portfolio/?page=36","https://assets.awwwards.com/awards/media/cache/thumb_880_660/submissions/2025/03/67e6b45a2141a087514099.jpg","2025-04-10T06:29:26Z"
"Eleken Agency","eleken-agency-2","submission","Business & Corporate | Design Agencies | Technology | Clean | Minimal | Portfolio | Illustration | Menu - Horizontal | YouTube API | UI design | Webflow","https://www.awwwards.com/sites/eleken-agency-2","https://www.awwwards.com/websites/portfolio/?page=7","https://assets.awwwards.com/awards/media/cache/thumb_880_660/submissions/2026/07/6a4b4c647cff8705615452.png","2026-07-20T11:05:00Z"
"Elementor Expert","elementor-expert","submission","Design Agencies | Web & Interactive | Clean | Graphic design | Portfolio | Startups","https://www.awwwards.com/sites/elementor-expert","https://www.awwwards.com/websites/portfolio/?page=57","https://assets.awwwards.com/awards/media/cache/thumb_880_660/submissions/2024/05/664281f47b6d5398162018.jpg","2024-05-19T10:09:38Z"
"Elena Smirnova","elena-smirnova","submission","Design Agencies | Web & Interactive | Minimal | Portfolio | Typography | Gallery | Photo & Video | About Page","https://www.awwwards.com/sites/elena-smirnova","https://www.awwwards.com/websites/portfolio/?page=46","https://assets.awwwards.com/awards/media/cache/thumb_880_660/submissions/2024/10/67175db347794692426201.jpg","2024-10-25T05:41:54Z"
"Elespacio","elespacio-3","submission","Business & Corporate | Design Agencies | Web & Interactive | Colorful | CSS | Portfolio | Responsive Design | Typography | Unusual Navigation | Project Page | Webflow | Javascript","https://www.awwwards.com/sites/elespacio-3","https://www.awwwards.com/websites/portfolio/","https://assets.awwwards.com/awards/media/cache/thumb_880_660/submissions/2026/09/6aa7e6ec0b7fc330446464.png","2026-09-27T10:50:05Z"
"Eleven Yellow","eleven-yellow","submission","Design Agencies | Technology | Graphic design | Portfolio | Single page | Experimental | Interaction Design","https://www.awwwards.com/sites/eleven-yellow","https://www.awwwards.com/websites/portfolio/?page=40","https://assets.awwwards.com/awards/media/cache/thumb_880_660/submissions/2025/02/67a578c3522ac940318531.png","2025-02-20T11:08:17Z"
"Elicyon","elicyon","submission","Architecture | Animation | Portfolio | Typography | Transitions | Real Estate | Photo & Video | Microinteractions | Vercel | Next.js | Sanity | Luxury","https://www.awwwards.com/sites/elicyon","https://www.awwwards.com/websites/portfolio/?page=24","https://assets.awwwards.com/awards/media/cache/thumb_880_660/submissions/2025/10/68fff4ca47414020716952.jpg","2025-11-03T11:37:41Z"
"Élimane","elimane","submission","Music & Sound | Other | Promotional | Clean | Minimal | Parallax | Portfolio | Single page | Typography","https://www.awwwards.com/sites/elimane","https://www.awwwards.com/websites/portfolio/?page=43","https://assets.awwwards.com/awards/media/cache/thumb_880_660/submissions/2024/12/674da75a07936131898817.jpg","2024-12-12T08:16:13Z"
"Elio","elio","submission","Design Agencies | Web & Interactive | Animation | Parallax | Portfolio | Typography | GSAP | Interaction Design | UI design | Startups | Vercel | Astro","https://www.awwwards.com/sites/elio","https://www.awwwards.com/websites/portfolio/?page=27","https://assets.awwwards.com/awards/media/cache/thumb_880_660/submissions/2025/08/68acba4f922fd830205836.png","2025-09-05T10:57:07Z"
"ELISAVA Degree Show 2022","elisava-degree-show-2022","submission","Culture & Education | Institutions | Promotional | Graphic design | Photographic | Portfolio | Responsive Design | Storytelling | Contentful","https://www.awwwards.com/sites/elisava-degree-show-2022","https://www.awwwards.com/websites/portfolio/?page=44","https://assets.awwwards.com/awards/media/cache/thumb_880_660/submissions/2024/11/6737327d3e8c1387103585.jpg","2024-11-26T06:10:15Z"
"ELITE BATH+KITCHEN","elite-bath-kitchen-1","submission","Business & Corporate | Big Background Images | Fullscreen | Portfolio | Responsive Design | Copy design | Footer Design","https://www.awwwards.com/sites/elite-bath-kitchen-1","https://www.awwwards.com/websites/portfolio/?page=36","https://assets.awwwards.com/awards/media/cache/thumb_880_660/submissions/2025/04/67fccd674d326221416595.jpg","2025-04-23T05:57:50Z"
"Elke Van den Ende","elke-van-den-ende","submission","Minimal | Photographic | Portfolio | Photography | Gallery","https://www.awwwards.com/sites/elke-van-den-ende","https://www.awwwards.com/websites/portfolio/?page=36","https://assets.awwwards.com/awards/media/cache/thumb_880_660/submissions/2025/02/67b719141231a332894465.png","2025-04-10T06:27:37Z"
"ELKRUFF","elkruff","submission","Events | Music & Sound | Animation | Portfolio | Photo & Video","https://www.awwwards.com/sites/elkruff","https://www.awwwards.com/websites/portfolio/?page=61","https://assets.awwwards.com/awards/media/cache/thumb_880_660/submissions/2024/03/65e98c48667ab616035111.jpg","2024-03-13T09:23:00Z"
"Elliott Mangham","elliott-mangham","submission","Other | Web & Interactive | Clean | Portfolio | Single page | Video | GSAP | Gestures / Interaction | Microinteractions | Javascript | Vite","https://www.awwwards.com/sites/elliott-mangham","https://www.awwwards.com/websites/portfolio/?page=22","https://assets.awwwards.com/awards/media/cache/thumb_880_660/submissions/2025/10/69022a5b8259f739506870.png","2025-12-02T00:00:00Z"
"Ellis Digital","ellis-digital","submission","Business & Corporate | Technology | Clean | Wordpress | Graphic design | Navigation Menu | Portfolio | Responsive Design | SVG | UI design | Figma","https://www.awwwards.com/sites/ellis-digital","https://www.awwwards.com/websites/portfolio/?page=25","https://assets.awwwards.com/awards/media/cache/thumb_880_660/submissions/2025/10/68de5014924af386043800.jpg","2025-10-13T09:40:18Z"
"ellusion Creative","ellusion-creative","submission","Design Agencies | HTML5 | Portfolio | Illustration | Storytelling | GSAP | React","https://www.awwwards.com/sites/ellusion-creative","https://www.awwwards.com/websites/portfolio/?page=7","https://assets.awwwards.com/awards/media/cache/thumb_880_660/submissions/2026/07/6a4d6d307398c176955990.jpeg","2026-07-23T09:33:00Z"
"eloyb.design","eloyb-design","submission","Design Agencies | Web & Interactive | Animation | Portfolio | Retro | Single page | Experimental | GSAP | UI design | Microinteractions | Webflow | Figma","https://www.awwwards.com/sites/eloyb-design","https://www.awwwards.com/websites/portfolio/?page=31","https://assets.awwwards.com/awards/media/cache/thumb_880_660/submissions/2025/06/6854014a3de26946904437.png","2025-07-04T09:36:00Z"
"Elvis Mao","elvis-mao","submission","Magazine / Newspaper / Blog | Business & Corporate | Technology | Animation | Minimal | Portfolio | Scrolling | 3D","https://www.awwwards.com/sites/elvis-mao","https://www.awwwards.com/websites/portfolio/?page=44","https://assets.awwwards.com/awards/media/cache/thumb_880_660/submissions/2024/11/6740136209d63750037002.png","2024-12-03T09:55:27Z"
"Emele Collab","emele-collab","submission","Business & Corporate | Design Agencies | Web & Interactive | Animation | Infinite Scroll | Minimal | Portfolio | Responsive | About Page | BARBA.js | Anime.js | Tailwind","https://www.awwwards.com/sites/emele-collab","https://www.awwwards.com/websites/portfolio/?page=23","https://assets.awwwards.com/awards/media/cache/thumb_880_660/submissions/2025/09/68bb0f922b7e5451392469.jpg","2025-11-09T00:00:00Z"
"Emexs Marketing","emexs-marketing","submission","Business & Corporate | Technology | Web & Interactive | Minimal | Portfolio | Transitions | Responsive","https://www.awwwards.com/sites/emexs-marketing","https://www.awwwards.com/websites/portfolio/?page=57","https://assets.awwwards.com/awards/media/cache/thumb_880_660/submissions/2024/05/6645b7475c7ae731524364.png","2024-05-19T10:12:39Z"
"Emilian | Creative Developer","emilian-creative-developer","submission","Promotional | UI design | Web & Interactive | Figma | Animation | Next.js | Minimal | Portfolio | Responsive Design | Storytelling | Design Agencies | GSAP","https://www.awwwards.com/sites/emilian-creative-developer","https://www.awwwards.com/websites/portfolio/?page=6","https://assets.awwwards.com/awards/media/cache/thumb_880_660/submissions/2026/07/6a61e07dba54f902581466.png","2026-08-08T10:46:00Z"
"Emilie Gauvin - Portfolio 2024","emilie-gauvin-portfolio-2024","submission","Web & Interactive | Colorful | Portfolio | Typography | Transitions | 3D | Interaction Design","https://www.awwwards.com/sites/emilie-gauvin-portfolio-2024","https://www.awwwards.com/websites/portfolio/?page=46","https://assets.awwwards.com/awards/media/cache/thumb_880_660/submissions/2024/10/671a572fe2846025140879.png","2024-11-01T07:19:32Z"
"Emma is Social","emma-is-social","submission","Business & Corporate | Design Agencies | Web & Interactive | Horizontal Layout | Minimal | Portfolio | Transitions | Microinteractions | Project Page","https://www.awwwards.com/sites/emma-is-social","https://www.awwwards.com/websites/portfolio/?page=59","https://assets.awwwards.com/awards/media/cache/thumb_880_660/submissions/2024/04/660e81bf84de0707573845.png","2024-04-21T00:00:00Z"
"Emmett Sparling Portfolio","emmett-sparling-portfolio","submission","E-Commerce | Clean | Horizontal Layout | Portfolio | Photography","https://www.awwwards.com/sites/emmett-sparling-portfolio","https://www.awwwards.com/websites/portfolio/?page=39","https://assets.awwwards.com/awards/media/cache/thumb_880_660/submissions/2025/02/67ab518359612767035145.jpg","2025-02-26T06:32:22Z"
"Emotion Agency","emotion-agency-1","submission","Design Agencies | Technology | Web & Interactive | Animation | Portfolio | Typography | Transitions | Sound-Audio | Storytelling | GSAP | Three.js | Nuxt.js","https://www.awwwards.com/sites/emotion-agency-1","https://www.awwwards.com/websites/portfolio/?page=2","https://assets.awwwards.com/awards/media/cache/thumb_880_660/submissions/2026/09/6a9ad27402bed148704137.jpg","2026-09-17T08:23:19Z"
"Emotion Agency | Promo","emotion-agency-promo","submission","Design Agencies | Technology | Web & Interactive | Portfolio | Scrolling | Transitions | Sound-Audio | Storytelling | 3D","https://www.awwwards.com/sites/emotion-agency-promo","https://www.awwwards.com/websites/portfolio/?page=48","https://assets.awwwards.com/awards/media/cache/thumb_880_660/submissions/2024/08/66cc593aba86a206658531.jpg","2024-09-29T00:00:00Z"
"Enric S ⬩ Product Designer","enric-s-product-designer","submission","Art & Illustration | Web & Interactive | Clean | Colorful | Flat Design | Minimal | Portfolio | React | UI design | Figma | Adobe Photoshop","https://www.awwwards.com/sites/enric-s-product-designer","https://www.awwwards.com/websites/portfolio/?page=28","https://assets.awwwards.com/awards/media/cache/thumb_880_660/submissions/2025/08/68a97179b9981380261042.png","2025-08-27T15:40:00Z"
"Ensley Rivers | Design","ensley-rivers-design","submission","Art & Illustration | Design Agencies | Promotional | Colorful | Flat Design | Graphic design | Portfolio | Gestures / Interaction | Microinteractions","https://www.awwwards.com/sites/ensley-rivers-design","https://www.awwwards.com/websites/portfolio/?page=55","https://assets.awwwards.com/awards/media/cache/thumb_880_660/submissions/2024/05/6658cbad2d87d474277898.jpg","2024-06-07T11:32:41Z"
"Enyo.co 360° agency","enyo-co-360deg-agency","submission","Business & Corporate | Design Agencies | Technology | Animation | Portfolio | Data Visualization | 3D | UI design | Project Page","https://www.awwwards.com/sites/enyo-co-360deg-agency","https://www.awwwards.com/websites/portfolio/?page=36","https://assets.awwwards.com/awards/media/cache/thumb_880_660/submissions/2025/03/67e5294ea8ef6892817610.png","2025-04-09T06:00:00Z"
"Enzo Casalini","enzo-casalini","submission","Technology | Web & Interactive | Animation | Portfolio | Single page | Experimental | Responsive | Storytelling | GSAP | Three.js | GLSL | 3D","https://www.awwwards.com/sites/enzo-casalini","https://www.awwwards.com/websites/portfolio/?page=11","https://assets.awwwards.com/awards/media/cache/thumb_880_660/submissions/2026/05/6a0f05df3135b063075997.png","2026-06-03T09:54:10Z"
"Equispace","equispace","submission","Business & Corporate | Animation | Parallax | Portfolio | Scrolling | Responsive | Real Estate | Interaction Design","https://www.awwwards.com/sites/equispace","https://www.awwwards.com/websites/portfolio/?page=32","https://assets.awwwards.com/awards/media/cache/thumb_880_660/submissions/2025/06/684048755d528866752104.png","2025-06-20T10:26:26Z"
"Eric Huguenin - Portfolio 2025","eric-huguenin-portfolio-2025","submission","Design Agencies | Web & Interactive | Animation | Wordpress | Parallax | Portfolio | Transitions | GSAP | PixiJS | Gestures / Interaction | Filters and Effects","https://www.awwwards.com/sites/eric-huguenin-portfolio-2025","https://www.awwwards.com/websites/portfolio/?page=30","https://assets.awwwards.com/awards/media/cache/thumb_880_660/submissions/2025/06/685e97746893a635873424.jpg","2025-07-16T10:29:00Z"
"Erick Velasco","erick-velasco","submission","Business & Corporate | Design Agencies | Web & Interactive | Portfolio | Responsive Design | Typography | Video | Storytelling | Interaction Design","https://www.awwwards.com/sites/erick-velasco","https://www.awwwards.com/websites/portfolio/?page=50","https://assets.awwwards.com/awards/media/cache/thumb_880_660/submissions/2024/08/66d2df2ba0566981661926.jpg","2024-09-05T06:04:00Z"
"ESE Agency","ese-agency","submission","Design Agencies | Graphic design | Parallax | Portfolio | Scrolling | Transitions | Microinteractions | Webflow","https://www.awwwards.com/sites/ese-agency","https://www.awwwards.com/websites/portfolio/?page=57","https://assets.awwwards.com/awards/media/cache/thumb_880_660/submissions/2024/02/65d62d0d73a93134316445.jpg","2024-05-10T00:00:00Z"
"Espanium. Relocate to Spain","espanium-relocate-to-spain","submission","Business & Corporate | Clean | Flat Design | Fullscreen | Minimal | Portfolio | Footer Design","https://www.awwwards.com/sites/espanium-relocate-to-spain","https://www.awwwards.com/websites/portfolio/?page=56","https://assets.awwwards.com/awards/media/cache/thumb_880_660/submissions/2024/05/664c31884ea25081649756.jpg","2024-05-28T06:07:56Z"
"Estudio Manzanero","estudio-manzanero","submission","Fashion | Minimal | Photographic | Portfolio | Photography | Gallery | Photo & Video | Luxury","https://www.awwwards.com/sites/estudio-manzanero","https://www.awwwards.com/websites/portfolio/?page=39","https://assets.awwwards.com/awards/media/cache/thumb_880_660/submissions/2025/02/67acb0f2d8179434829624.png","2025-02-25T06:53:33Z"
"Eszter Bial","eszter-bial","submission","Web & Interactive | HTML5 | Portfolio | Responsive Design | GSAP | Gestures / Interaction | Interaction Design | UI design | Vanilla JS","https://www.awwwards.com/sites/eszter-bial","https://www.awwwards.com/websites/portfolio/?page=21","https://assets.awwwards.com/awards/media/cache/thumb_880_660/submissions/2026/01/6959268749294902399647.jpg","2026-01-13T10:32:49Z"
"Ethan & Tom","ethan-tom","submission","Film & TV | Other | Minimal | Portfolio | Typography | WebGL | Transitions | Photo & Video | Project Page | Sanity","https://www.awwwards.com/sites/ethan-tom","https://www.awwwards.com/websites/portfolio/?page=19","https://assets.awwwards.com/awards/media/cache/thumb_880_660/submissions/2025/12/69483ba80dbc2614118977.jpg","2026-02-02T00:00:00Z"
"Ethan W Photography","ethan-w-photography","submission","Animation | Fullscreen | Portfolio | Typography | Photography | Transitions | GSAP | Photo & Video | Javascript | Astro","https://www.awwwards.com/sites/ethan-w-photography","https://www.awwwards.com/websites/portfolio/?page=2","https://assets.awwwards.com/awards/media/cache/thumb_880_660/submissions/2026/09/6aa8a3fa49374562825984.jpg","2026-09-15T09:32:50Z"
"Ethos Media Agency","ethos-media-agency","submission","Design Agencies | Web & Interactive | Animation | Portfolio | Responsive Design | Video | Storytelling | Interaction Design | Startups","https://www.awwwards.com/sites/ethos-media-agency","https://www.awwwards.com/websites/portfolio/?page=41","https://assets.awwwards.com/awards/media/cache/thumb_880_660/submissions/2025/01/678263064cbad115761975.png","2025-01-24T06:50:37Z"
"Etienne Planeix","etienne-planeix","submission","Design Agencies | Web & Interactive | Animation | Clean | Portfolio | Experimental | Gallery | 3D | About Page | Figma | Framer","https://www.awwwards.com/sites/etienne-planeix","https://www.awwwards.com/websites/portfolio/?page=20","https://assets.awwwards.com/awards/media/cache/thumb_880_660/submissions/2025/12/692ee9b9a7571013332242.jpg","2026-01-25T00:00:00Z"
"Eurecah","eurecah","submission","Design Agencies | Web & Interactive | Animation | Portfolio","https://www.awwwards.com/sites/eurecah","https://www.awwwards.com/websites/portfolio/?page=66","https://assets.awwwards.com/awards/media/cache/thumb_880_660/submissions/2023/12/6580be110c226918304025.png","2024-01-14T00:00:00Z"
"Evan Bartlett","evan-bartlett","submission","Design Agencies | Web & Interactive | Animation | Portfolio | Scrolling | Transitions | Responsive | Microinteractions","https://www.awwwards.com/sites/evan-bartlett","https://www.awwwards.com/websites/portfolio/?page=46","https://assets.awwwards.com/awards/media/cache/thumb_880_660/submissions/2024/10/670ebc44d5e7d596047243.png","2024-10-29T07:12:00Z"
"Evan Fasquelle","evan-fasquelle","submission","Art & Illustration | Design Agencies | Web & Interactive | Infinite Scroll | Portfolio | Typography | Unusual Navigation | Transitions | UI design","https://www.awwwards.com/sites/evan-fasquelle","https://www.awwwards.com/websites/portfolio/?page=66","https://assets.awwwards.com/awards/media/cache/thumb_880_660/submissions/2023/12/658e16af72735882261787.jpg","2024-01-12T00:00:00Z"
"Even/Odd","even-odd","submission","Art & Illustration | E-Commerce | Film & TV | Colorful | Portfolio | Gestures / Interaction | Webflow | Figma","https://www.awwwards.com/sites/even-odd","https://www.awwwards.com/websites/portfolio/?page=29","https://assets.awwwards.com/awards/media/cache/thumb_880_660/submissions/2025/07/68798ac07551c171791967.png","2025-08-03T12:08:00Z"
"Everline Studio","everline-studio","submission","Fashion | Film & TV | Animation | Portfolio | Single page | Photography | Storytelling | Wix Studio","https://www.awwwards.com/sites/everline-studio","https://www.awwwards.com/websites/portfolio/?page=21","https://assets.awwwards.com/awards/media/cache/thumb_880_660/submissions/2025/12/694474df44992765918866.png","2026-01-02T10:43:00Z"
"EverWonder Studio","everwonder-studio","submission","Storytelling | GSAP | Content architecture | Business & Corporate | Photo & Video | Design Agencies | Contentful | Film & TV | Webflow | Portfolio | WebGL","https://www.awwwards.com/sites/everwonder-studio","https://www.awwwards.com/websites/portfolio/?page=5","https://assets.awwwards.com/awards/media/cache/thumb_880_660/submissions/2026/08/6a74305408866910753927.jpg","2026-08-18T13:59:53Z"
"Every Day®  Digital Agency","every-day-r-digital-agency","submission","Business & Corporate | Design Agencies | Technology | Minimal | Portfolio | GSAP | UI design | 404 pages | Vue.js | Nuxt.js","https://www.awwwards.com/sites/every-day-r-digital-agency","https://www.awwwards.com/websites/portfolio/?page=24","https://assets.awwwards.com/awards/media/cache/thumb_880_660/submissions/2025/10/68fa97e1d3529293717036.png","2025-11-03T11:37:06Z"
"EVM®DSGN","evm-r-dsgn","submission","Design Agencies | Web & Interactive | Animation | Clean | Minimal | Portfolio | Typography | UI design | Figma | Wix Studio","https://www.awwwards.com/sites/evm-r-dsgn","https://www.awwwards.com/websites/portfolio/?page=23","https://assets.awwwards.com/awards/media/cache/thumb_880_660/submissions/2025/10/690375c54f27a345140164.png","2025-11-09T14:43:40Z"
"Eyekiller","eyekiller","submission","Design Agencies | Promotional | Web & Interactive | Portfolio | Responsive Design | Gallery | Photo & Video | UI design | Microinteractions","https://www.awwwards.com/sites/eyekiller","https://www.awwwards.com/websites/portfolio/?page=32","https://assets.awwwards.com/awards/media/cache/thumb_880_660/submissions/2025/05/683a1bbec87e9804442205.jpg","2025-06-18T08:43:00Z"
"eyetractive","eyetractive","submission","Design Agencies | Web & Interactive | Animation | Clean | Flat Design | Portfolio | Responsive","https://www.awwwards.com/sites/eyetractive","https://www.awwwards.com/websites/portfolio/?page=33","https://assets.awwwards.com/awards/media/cache/thumb_880_660/submissions/2025/04/6808ce9aeaef0138402822.png","2025-05-30T09:29:44Z"
"F/SPEE","f-spee","submission","Business & Corporate | Design Agencies | Web & Interactive | Animation | Clean | CSS | Portfolio | Typography | PHP | Filters and Effects | Vanilla JS","https://www.awwwards.com/sites/f-spee","https://www.awwwards.com/websites/portfolio/?page=25","https://assets.awwwards.com/awards/media/cache/thumb_880_660/submissions/2025/10/68dcf2f67a081064704205.jpg","2025-10-13T09:42:11Z"
"F7 Media - TYPO3 Agency","f7-media-typo3-agency","submission","Magazine / Newspaper / Blog | Design Agencies | Web & Interactive | Flat Design | Portfolio | Transitions | Interaction Design | UI design | Microinteractions","https://www.awwwards.com/sites/f7-media-typo3-agency","https://www.awwwards.com/websites/portfolio/?page=35","https://assets.awwwards.com/awards/media/cache/thumb_880_660/submissions/2025/05/681b6af65ec79909295776.png","2025-05-08T06:46:56Z"
"Fab and Fab","fab-and-fab","submission","Design Agencies | Film & TV | Portfolio | Video | Gallery | 3D | next.js","https://www.awwwards.com/sites/fab-and-fab","https://www.awwwards.com/websites/portfolio/?page=53","https://assets.awwwards.com/awards/media/cache/thumb_880_660/submissions/2024/07/668fcbe24a885357341184.jpg","2024-07-19T05:14:21Z"
"Fable&Co. Brand Artistry","fable-co-brand-artistry","submission","Business & Corporate | Design Agencies | Web & Interactive | Clean | Wordpress | CSS | HTML5 | Minimal | Portfolio","https://www.awwwards.com/sites/fable-co-brand-artistry","https://www.awwwards.com/websites/portfolio/?page=24","https://assets.awwwards.com/awards/media/cache/thumb_880_660/submissions/2025/10/68e4df87ccfac345527885.jpg","2025-10-17T10:47:12Z"
"Factory42 Creative Studio","factory42-creative-studio","submission","Design Agencies | Web & Interactive | Clean | Graphic design | Horizontal Layout | Minimal | Portfolio | Responsive Design","https://www.awwwards.com/sites/factory42-creative-studio","https://www.awwwards.com/websites/portfolio/?page=48","https://assets.awwwards.com/awards/media/cache/thumb_880_660/submissions/2024/09/66ec5005cc3e2934150664.jpg","2024-10-01T06:08:00Z"
"Faency Studio","faency-studio","submission","Art & Illustration | Design Agencies | Web & Interactive | Portfolio | Unusual Navigation | Vector | Illustration | Transitions | Interaction Design","https://www.awwwards.com/sites/faency-studio","https://www.awwwards.com/websites/portfolio/?page=31","https://assets.awwwards.com/awards/media/cache/thumb_880_660/submissions/2025/06/684848f73207a340949614.png","2025-06-27T09:27:52Z"
"Fahrenheit Marketing","fahrenheit-marketing-2","submission","Design Agencies | Web & Interactive | Animation | Portfolio | SEO | Content architecture | Interaction Design | UI design","https://www.awwwards.com/sites/fahrenheit-marketing-2","https://www.awwwards.com/websites/portfolio/?page=68","https://assets.awwwards.com/awards/media/cache/thumb_880_660/submissions/2023/11/655320f1bdb71766580863.jpg","2023-12-01T08:24:00Z"
"Fakin Studio","fakin-studio","submission","Design Agencies | Web & Interactive | Animation | Clean | Portfolio | Responsive | Gestures / Interaction | 404 pages","https://www.awwwards.com/sites/fakin-studio","https://www.awwwards.com/websites/portfolio/?page=47","https://assets.awwwards.com/awards/media/cache/thumb_880_660/submissions/2024/10/66fd627a1fd76357101771.jpg","2024-10-14T05:32:54Z"
"Falconcept — Portfolio","falconcept-portfolio","submission","Other | Web & Interactive | Animation | Clean | Minimal | Portfolio | Gallery | Microinteractions","https://www.awwwards.com/sites/falconcept-portfolio","https://www.awwwards.com/websites/portfolio/?page=60","https://assets.awwwards.com/awards/media/cache/thumb_880_660/submissions/2024/03/6607f42fe2a78513627149.png","2024-04-09T07:59:05Z"
"Farawayfarers","farawayfarers","submission","Other | Portfolio | Video | Photography | Responsive | Storytelling | Photo & Video","https://www.awwwards.com/sites/farawayfarers","https://www.awwwards.com/websites/portfolio/?page=31","https://assets.awwwards.com/awards/media/cache/thumb_880_660/submissions/2025/06/68496689d85de876674247.jpg","2025-06-27T09:29:30Z"
"Farco Studio","farco-studio-1","submission","Business & Corporate | Design Agencies | Web & Interactive | Minimal | Portfolio | Typography | Storytelling | Interaction Design | Footer Design","https://www.awwwards.com/sites/farco-studio-1","https://www.awwwards.com/websites/portfolio/?page=52","https://assets.awwwards.com/awards/media/cache/thumb_880_660/submissions/2024/08/66acb74969e80718782959.jpg","2024-08-05T06:27:22Z"
"Farrynheight","farrynheight","submission","Design Agencies | Other | Clean | Flat Design | Minimal | Portfolio | Gallery | Storytelling","https://www.awwwards.com/sites/farrynheight","https://www.awwwards.com/websites/portfolio/?page=63","https://assets.awwwards.com/awards/media/cache/thumb_880_660/submissions/2024/02/65c3bb075a001097480952.png","2024-02-14T09:59:13Z"
"Fat Lip","fat-lip","submission","Design Agencies | Other | Promotional | Colorful | Graphic design | Portfolio | Responsive Design | Copy design | Contentful","https://www.awwwards.com/sites/fat-lip","https://www.awwwards.com/websites/portfolio/?page=48","https://assets.awwwards.com/awards/media/cache/thumb_880_660/submissions/2024/09/66dee1f8b34ab818141436.jpg","2024-10-04T06:08:05Z"
"FCINQ","fcinq-2","submission","Design Agencies | Portfolio | UI design","https://www.awwwards.com/sites/fcinq-2","https://www.awwwards.com/websites/portfolio/?page=37","https://assets.awwwards.com/awards/media/cache/thumb_880_660/submissions/2025/03/67d18221bf4ca275227719.jpg","2025-03-26T07:13:00Z"
"Federico Menegoi Portfolio","federico-menegoi-portfolio","submission","Art & Illustration | Web & Interactive | Clean | Graphic design | jQuery | Portfolio | Illustration | Photography | Gallery | Menu - Horizontal | GSAP | Three.js","https://www.awwwards.com/sites/federico-menegoi-portfolio","https://www.awwwards.com/websites/portfolio/?page=28","https://assets.awwwards.com/awards/media/cache/thumb_880_660/submissions/2025/08/689f19cdc8969481452984.jpg","2025-08-29T11:45:28Z"
"Federico Pian / Portfolio 2024","federico-pian-portfolio-2024","submission","Promotional | Web & Interactive | Colorful | Portfolio | Transitions | About Page | Project Page | 404 pages","https://www.awwwards.com/sites/federico-pian-portfolio-2024","https://www.awwwards.com/websites/portfolio/?page=48","https://assets.awwwards.com/awards/media/cache/thumb_880_660/submissions/2024/09/66d7205b4b80f139493613.jpg","2024-09-28T00:00:00Z"
"Federico Rosa - Visual Design","federico-rosa-visual-design","submission","Design Agencies | Web & Interactive | Colorful | Flat Design | Graphic design | Portfolio | Copy design | UI design","https://www.awwwards.com/sites/federico-rosa-visual-design","https://www.awwwards.com/websites/portfolio/?page=53","https://assets.awwwards.com/awards/media/cache/thumb_880_660/submissions/2024/07/6693b0b34fe74252827469.png","2024-07-22T05:11:17Z"
"FEED Agency","feed-agency","submission","Film & TV | Animation | Colorful | Portfolio | Responsive Design | Photography | Transitions | Storytelling | GSAP | BARBA.js | Webflow","https://www.awwwards.com/sites/feed-agency","https://www.awwwards.com/websites/portfolio/?page=17","https://assets.awwwards.com/awards/media/cache/thumb_880_660/submissions/2026/02/6998423fadbfc577902339.png","2026-03-05T11:18:36Z"
"Felix Nieto","felix-nieto","submission","Architecture | Design Agencies | Photographic | Portfolio | Scrolling | Photography | Transitions | Gallery | GSAP | BARBA.js | Webflow","https://www.awwwards.com/sites/felix-nieto","https://www.awwwards.com/websites/portfolio/?page=17","https://assets.awwwards.com/awards/media/cache/thumb_880_660/submissions/2026/02/699b345835910394028851.jpg","2026-03-06T11:13:00Z"
"Félix Péault – Portfolio","felix-peault-portfolio","submission","Art & Illustration | Design Agencies | Web & Interactive | Colorful | Graphic design | Portfolio | Scrolling | Typography | 3D","https://www.awwwards.com/sites/felix-peault-portfolio","https://www.awwwards.com/websites/portfolio/?page=68","https://assets.awwwards.com/awards/media/cache/thumb_880_660/submissions/2023/11/654e45753d34d634463698.jpg","2023-12-02T00:00:00Z"
"Fernando de Campos Portfolio","fernando-de-campos-portfolio","submission","Games & Entertainment | Web & Interactive | Portfolio | Single page | Unusual Navigation | 3D | Interaction Design","https://www.awwwards.com/sites/fernando-de-campos-portfolio","https://www.awwwards.com/websites/portfolio/?page=66","https://assets.awwwards.com/awards/media/cache/thumb_880_660/submissions/2024/01/65993a2e34da3298288575.png","2024-01-11T09:53:40Z"
"Fernando Puente — Portfolio 24","fernando-puente-portfolio-24","submission","Magazine / Newspaper / Blog | Web & Interactive | Animation | Clean | Minimal | Portfolio | About Page","https://www.awwwards.com/sites/fernando-puente-portfolio-24","https://www.awwwards.com/websites/portfolio/?page=59","https://assets.awwwards.com/awards/media/cache/thumb_880_660/submissions/2024/04/660db99d41fa6128029639.jpg","2024-04-11T07:55:40Z"
"Festival Les Francouvertes","festival-les-francouvertes","submission","Events | Games & Entertainment | Promotional | Wordpress | Colorful | Portfolio | GSAP | Content architecture | Photo & Video | Contentful | Javascript","https://www.awwwards.com/sites/festival-les-francouvertes","https://www.awwwards.com/websites/portfolio/?page=11","https://assets.awwwards.com/awards/media/cache/thumb_880_660/submissions/2026/05/6a01fe015a9b2838291275.png","2026-05-23T11:12:00Z"
"Fiddle.Digital Design Agency","fiddle-digital-design-agency","submission","Design Agencies | Technology | Web & Interactive | Animation | Portfolio | Typography | Filters and Effects | UI design | About Page","https://www.awwwards.com/sites/fiddle-digital-design-agency","https://www.awwwards.com/websites/portfolio/?page=39","https://assets.awwwards.com/awards/media/cache/thumb_880_660/submissions/2025/03/67c6b2dc3ccdf631702005.jpg","2025-03-03T00:00:00Z"
"FIFTYSEVEN","fiftyseven","submission","Business & Corporate | Design Agencies | Web & Interactive | Animation | Clean | Fullscreen | Portfolio | Single page | Storytelling","https://www.awwwards.com/sites/fiftyseven","https://www.awwwards.com/websites/portfolio/?page=48","https://assets.awwwards.com/awards/media/cache/thumb_880_660/submissions/2024/09/66f59bdaa96fa978779862.png","2024-10-03T07:08:00Z"
"Figurative Studio","figurative-studio","submission","Design Agencies | Colorful | Parallax | Portfolio | Scrolling | Typography | Transitions","https://www.awwwards.com/sites/figurative-studio","https://www.awwwards.com/websites/portfolio/?page=48","https://assets.awwwards.com/awards/media/cache/thumb_880_660/submissions/2024/09/66f40d553e069354368816.png","2024-10-03T07:08:00Z"
"FIGUREFILM","figurefilm","submission","Film & TV | Animation | Portfolio | Typography | Gestures / Interaction | Interaction Design | Header Design","https://www.awwwards.com/sites/figurefilm","https://www.awwwards.com/websites/portfolio/?page=32","https://assets.awwwards.com/awards/media/cache/thumb_880_660/submissions/2025/06/6847f6e749205746500716.png","2025-06-19T10:07:00Z"
"Fine Thought","fine-thought-site","submission","Technology | Web & Interactive | Portfolio | Scrolling | Typography | Unusual Navigation | Transitions | Experimental | 404 pages","https://www.awwwards.com/sites/fine-thought-site","https://www.awwwards.com/websites/portfolio/?page=30","https://assets.awwwards.com/awards/media/cache/thumb_880_660/submissions/2025/05/6814bdb1d01bf983173203.jpg","2025-07-20T00:00:00Z"
"fio.ai","fio-ai","submission","Art & Illustration | Web & Interactive | Portfolio | WebGL | Experimental | Angular | Blender","https://www.awwwards.com/sites/fio-ai","https://www.awwwards.com/websites/portfolio/?page=22","https://assets.awwwards.com/awards/media/cache/thumb_880_660/submissions/2025/11/6921ab82a7adf337716099.jpg","2025-11-25T12:18:37Z"
"fio.ai","fio-ai-2","submission","Web & Interactive | Portfolio | WebGL | WebSockets | Experimental | Angular","https://www.awwwards.com/sites/fio-ai-2","https://www.awwwards.com/websites/portfolio/?page=20","https://assets.awwwards.com/awards/media/cache/thumb_880_660/submissions/2026/01/696371a6cd1b0042350653.jpg","2026-01-20T11:11:32Z"
"Flabbergast Agency","flabbergast-agency","submission","Design Agencies | Portfolio | Scrolling | Transitions | GSAP | Three.js | 3D | Footer Design | 404 pages | BARBA.js","https://www.awwwards.com/sites/flabbergast-agency","https://www.awwwards.com/websites/portfolio/?page=24","https://assets.awwwards.com/awards/media/cache/thumb_880_660/submissions/2025/09/68c140b526ec9333061234.png","2025-10-19T00:00:00Z"
"Flare Department","flare-department","submission","Architecture | Clean | Graphic design | Portfolio | Photography | Gallery | Photo & Video | Project Page | Luxury","https://www.awwwards.com/sites/flare-department","https://www.awwwards.com/websites/portfolio/?page=50","https://assets.awwwards.com/awards/media/cache/thumb_880_660/submissions/2024/08/66cc96a4ab6ac097695339.png","2024-09-06T05:21:49Z"
"FLEX","flex","submission","Web & Interactive | Animation | Portfolio | 3D | next.js","https://www.awwwards.com/sites/flex","https://www.awwwards.com/websites/portfolio/?page=44","https://assets.awwwards.com/awards/media/cache/thumb_880_660/submissions/2024/11/674412f104b84370024600.jpg","2024-12-04T15:35:50Z"
"Flexlab Studio","flexlab-studio","submission","Business & Corporate | Design Agencies | Minimal | Portfolio | Single page | UI design | About Page | 404 pages | Startups | Framer","https://www.awwwards.com/sites/flexlab-studio","https://www.awwwards.com/websites/portfolio/?page=45","https://assets.awwwards.com/awards/media/cache/thumb_880_660/submissions/2024/10/67231ae6d7386428013739.png","2024-11-12T06:36:38Z"
"Flexxi Design","flexxi-design","submission","Design Agencies | Mobile & Apps | Web & Interactive | Animation | Portfolio | Interaction Design | UI design | About Page | Microinteractions | Lottie | Webflow | Figma","https://www.awwwards.com/sites/flexxi-design","https://www.awwwards.com/websites/portfolio/?page=27","https://assets.awwwards.com/awards/media/cache/thumb_880_660/submissions/2025/08/689a46bf6920a402826577.png","2025-08-30T17:23:00Z"
"Florent CLANET — Portfolio","florent-clanet-portfolio","submission","Design Agencies | Other | Web & Interactive | Portfolio | Typography | Transitions | Storytelling | GSAP | GLSL | Filters and Effects | Microinteractions | Nuxt.js","https://www.awwwards.com/sites/florent-clanet-portfolio","https://www.awwwards.com/websites/portfolio/?page=30","https://assets.awwwards.com/awards/media/cache/thumb_880_660/submissions/2025/07/686422ecb6bac532802031.jpg","2025-07-21T10:18:05Z"
"Florent's portfolio","florents-portfolio","submission","Other | Web & Interactive | Portfolio | Typography","https://www.awwwards.com/sites/florents-portfolio","https://www.awwwards.com/websites/portfolio/?page=51","https://assets.awwwards.com/awards/media/cache/thumb_880_660/submissions/2024/08/66b31e2ac82cc811288519.png","2024-08-16T06:35:47Z"
"Florian Bridoux","florian-bridoux","submission","Art & Illustration | Design Agencies | Web & Interactive | Fullscreen | Graphic design | Portfolio | Retro | Interaction Design | Header Design","https://www.awwwards.com/sites/florian-bridoux","https://www.awwwards.com/websites/portfolio/?page=62","https://assets.awwwards.com/awards/media/cache/thumb_880_660/submissions/2024/02/65de1484d7188486733220.jpg","2024-03-04T09:32:46Z"
"Florian W. Mueller","florian-w-mueller","submission","Big Background Images | Colorful | Fullscreen | Photographic | Portfolio | Photography | Contentful","https://www.awwwards.com/sites/florian-w-mueller","https://www.awwwards.com/websites/portfolio/?page=64","https://assets.awwwards.com/awards/media/cache/thumb_880_660/submissions/2024/01/65b4c8ced2f41839147651.jpg","2024-02-01T08:58:53Z"
"Flowtrix - Web Design Agency","flowtrix-web-design-agency","submission","Design Agencies | Technology | Web & Interactive | Portfolio | Interaction Design | Microinteractions","https://www.awwwards.com/sites/flowtrix-web-design-agency","https://www.awwwards.com/websites/portfolio/?page=55","https://assets.awwwards.com/awards/media/cache/thumb_880_660/submissions/2024/06/6662e2bb82003896776819.png","2024-06-13T08:26:58Z"
"Fluid Glass","fluid-glass","submission","Architecture | Business & Corporate | Clean | Horizontal Layout | Minimal | Portfolio | Unusual Navigation | GSAP | Real Estate | Footer Design | Nuxt.js | Vercel","https://www.awwwards.com/sites/fluid-glass","https://www.awwwards.com/websites/portfolio/?page=15","https://assets.awwwards.com/awards/media/cache/thumb_880_660/submissions/2026/02/699c319db1537012218587.png","2026-03-30T00:00:00Z"
"FM Design Portfolio","fm-design-portfolio","submission","Art & Illustration | Design Agencies | Web & Interactive | Animation | Icons | Minimal | Portfolio | Typography | UI design","https://www.awwwards.com/sites/fm-design-portfolio","https://www.awwwards.com/websites/portfolio/?page=68","https://assets.awwwards.com/awards/media/cache/thumb_880_660/submissions/2023/12/656a5cb4bec23023443558.png","2023-12-07T09:08:19Z"
"folllit","folllit","submission","Art & Illustration | Design Agencies | Web & Interactive | Animation | Wordpress | Colorful | Graphic design | Portfolio | Storytelling | Gestures / Interaction","https://www.awwwards.com/sites/folllit","https://www.awwwards.com/websites/portfolio/?page=24","https://assets.awwwards.com/awards/media/cache/thumb_880_660/submissions/2025/10/68e12f695f5f1922914191.jpg","2025-10-15T10:32:00Z"
"Font Barcelona","font-barcelona","submission","Other | Clean | Wordpress | Flat Design | Graphic design | Minimal | Portfolio | GSAP | Content architecture | Swiper.js | Luxury","https://www.awwwards.com/sites/font-barcelona","https://www.awwwards.com/websites/portfolio/?page=17","https://assets.awwwards.com/awards/media/cache/thumb_880_660/submissions/2026/02/69945cad6567e661367893.jpg","2026-02-28T18:51:49Z"
"Fontwerk","fontwerk","submission","Magazine / Newspaper / Blog | Design Agencies | E-Commerce | Graphic design | Portfolio | Typography | Video | Web Fonts | Storytelling","https://www.awwwards.com/sites/fontwerk","https://www.awwwards.com/websites/portfolio/?page=42","https://assets.awwwards.com/awards/media/cache/thumb_880_660/submissions/2024/12/67628f623466d385755503.jpg","2025-01-02T08:31:03Z"
"Fooror. Event Design Studio","fooror-event-design-studio","submission","Business & Corporate | Design Agencies | Events | Animation | Portfolio | Illustration | Responsive | GSAP | Interaction Design | Microinteractions | Lottie | Webflow","https://www.awwwards.com/sites/fooror-event-design-studio","https://www.awwwards.com/websites/portfolio/?page=19","https://assets.awwwards.com/awards/media/cache/thumb_880_660/submissions/2026/01/696e61dcd9326402205151.png","2026-01-30T12:22:06Z"
"Forever","forever","submission","Design Agencies | Web & Interactive | Animation | Portfolio | Single page | Storytelling | Filters and Effects | UI design","https://www.awwwards.com/sites/forever","https://www.awwwards.com/websites/portfolio/?page=58","https://assets.awwwards.com/awards/media/cache/thumb_880_660/submissions/2024/04/66224ad0943b7435506575.jpg","2024-04-26T08:04:41Z"
"Form&Fun Studio","form-fun-studio","submission","Art & Illustration | Design Agencies | Web & Interactive | Clean | Flat Design | Minimal | Portfolio | 3D | Interaction Design | Lottie | Webflow | Javascript","https://www.awwwards.com/sites/form-fun-studio","https://www.awwwards.com/websites/portfolio/?page=27","https://assets.awwwards.com/awards/media/cache/thumb_880_660/submissions/2025/07/687688b40eda4544983532.jpg","2025-08-30T00:00:00Z"
"FORMA 5","forma-5","submission","Architecture | Business & Corporate | Clean | Wordpress | CSS | Graphic design | HTML5 | Minimal | Photographic | Portfolio | Copy design","https://www.awwwards.com/sites/forma-5","https://www.awwwards.com/websites/portfolio/?page=30","https://assets.awwwards.com/awards/media/cache/thumb_880_660/submissions/2025/06/686266f55c1e0543967965.jpg","2025-07-16T10:25:52Z"
"Forms","forms","submission","Film & TV | Music & Sound | Web & Interactive | Big Background Images | Portfolio | Typography | Video | GSAP | Project Page | Figma","https://www.awwwards.com/sites/forms","https://www.awwwards.com/websites/portfolio/?page=6","https://assets.awwwards.com/awards/media/cache/thumb_880_660/submissions/2026/07/6a51212a44512181458545.jpg","2026-07-26T14:04:10Z"
"FORN Studio","forn-studio","submission","Technology | Web & Interactive | Animation | Clean | Minimal | Portfolio | Scrolling | Single page | SVG | WebGL | Experimental | Svelte","https://www.awwwards.com/sites/forn-studio","https://www.awwwards.com/websites/portfolio/?page=10","https://assets.awwwards.com/awards/media/cache/thumb_880_660/submissions/2026/05/6a161e0f490de444863235.png","2026-06-08T10:53:44Z"
"Four-Chapter Portfolio","four-chapter-portfolio","submission","Art & Illustration | Web & Interactive | Animation | CSS | Portfolio | Scrolling | Illustration | Transitions | Storytelling | Javascript","https://www.awwwards.com/sites/four-chapter-portfolio","https://www.awwwards.com/websites/portfolio/?page=2","https://assets.awwwards.com/awards/media/cache/thumb_880_660/submissions/2026/08/6a8fb58202cd8606604628.jpg","2026-09-10T09:06:20Z"
"Foursets - Digital agency","foursets-digital-agency","submission","Design Agencies | Web & Interactive | Animation | Colorful | Flat Design | Portfolio | Typography","https://www.awwwards.com/sites/foursets-digital-agency","https://www.awwwards.com/websites/portfolio/?page=58","https://assets.awwwards.com/awards/media/cache/thumb_880_660/submissions/2024/04/661fd16df07ef274178903.png","2024-04-24T08:50:07Z"
"FRA! Doodle Artist Portfolio","fra-doodle-artist-portfolio","submission","Art & Illustration | Animation | Portfolio | Scrolling | Illustration","https://www.awwwards.com/sites/fra-doodle-artist-portfolio","https://www.awwwards.com/websites/portfolio/?page=31","https://assets.awwwards.com/awards/media/cache/thumb_880_660/submissions/2025/06/685258aeec059585768542.jpg","2025-07-04T09:33:25Z"
"Frahm Website Agency","frahm-website-agency","submission","Design Agencies | Technology | Web & Interactive | Clean | Colorful | Portfolio | SEO | Copy design | UI design","https://www.awwwards.com/sites/frahm-website-agency","https://www.awwwards.com/websites/portfolio/?page=58","https://assets.awwwards.com/awards/media/cache/thumb_880_660/submissions/2024/04/6622a3efdf05a010190735.png","2024-04-26T08:07:15Z"
"Fraîche Design Thinking","fraiche-design-thinking","submission","Business & Corporate | Colorful | Portfolio | Responsive Design | UI design | Contentful","https://www.awwwards.com/sites/fraiche-design-thinking","https://www.awwwards.com/websites/portfolio/?page=67","https://assets.awwwards.com/awards/media/cache/thumb_880_660/submissions/2023/12/65709604259e3776236287.jpg","2023-12-12T09:46:32Z"
"Francesco Michelini / Folio23","francesco-michelini-folio23","submission","Web & Interactive | Fullscreen | Portfolio | Transitions | About Page | Project Page | 404 pages","https://www.awwwards.com/sites/francesco-michelini-folio23","https://www.awwwards.com/websites/portfolio/?page=67","https://assets.awwwards.com/awards/media/cache/thumb_880_660/submissions/2023/11/655a008adaa25596420752.png","2023-12-19T00:00:00Z"
"François-Xavier Manceau","francois-xavier-manceau","submission","Web & Interactive | Graphic design | Minimal | Photographic | Portfolio | Typography | Photography | Gallery","https://www.awwwards.com/sites/francois-xavier-manceau","https://www.awwwards.com/websites/portfolio/?page=56","https://assets.awwwards.com/awards/media/cache/thumb_880_660/submissions/2024/05/6650b57e4ba17209055099.jpg","2024-05-29T10:50:00Z"
"Fred Bergwitz","fred-bergwitz","submission","Design Agencies | Web & Interactive | Clean | Fullscreen | Portfolio | Scrolling | Unusual Navigation | Filters and Effects","https://www.awwwards.com/sites/fred-bergwitz","https://www.awwwards.com/websites/portfolio/?page=44","https://assets.awwwards.com/awards/media/cache/thumb_880_660/submissions/2024/11/67339df44d906752422180.png","2024-11-21T07:46:02Z"
"Freelance Web Designer","freelance-web-designer-1","submission","Design Agencies | Promotional | Web & Interactive | Clean | CSS | HTML5 | Portfolio | SEO | Typography | PHP","https://www.awwwards.com/sites/freelance-web-designer-1","https://www.awwwards.com/websites/portfolio/?page=15","https://assets.awwwards.com/awards/media/cache/thumb_880_660/submissions/2026/03/69c045d2996fc386808780.png","2026-03-30T09:37:00Z"
"FREELANCE WEB GUY – Portfolio","freelance-web-guy-portfolio","submission","Art & Illustration | Design Agencies | Web & Interactive | Clean | Portfolio | Storytelling | 3D | Interaction Design | UI design","https://www.awwwards.com/sites/freelance-web-guy-portfolio","https://www.awwwards.com/websites/portfolio/?page=34","https://assets.awwwards.com/awards/media/cache/thumb_880_660/submissions/2025/04/680f9b64a36f7691273981.png","2025-05-12T09:32:54Z"
"Fritz Pechmann","fritz-pechmann","submission","Art & Illustration | Clean | Portfolio | Gallery | 3D","https://www.awwwards.com/sites/fritz-pechmann","https://www.awwwards.com/websites/portfolio/?page=54","https://assets.awwwards.com/awards/media/cache/thumb_880_660/submissions/2024/06/667b2301cc19a490860625.jpg","2024-06-27T07:33:46Z"
"fromanother.love","fromanother-love","submission","Design Agencies | Animation | Clean | Colorful | Portfolio | React | Interaction Design | Prismic | Next.js","https://www.awwwards.com/sites/fromanother-love","https://www.awwwards.com/websites/portfolio/?page=12","https://assets.awwwards.com/awards/media/cache/thumb_880_660/submissions/2026/04/69e5f4cf15e99855199696.png","2026-05-14T00:00:00Z"
"Front Desk Dallas","front-desk-dallas","submission","Architecture | Business & Corporate | E-Commerce | Clean | Flat Design | Portfolio | Transitions | Menu - Vertical | Interaction Design","https://www.awwwards.com/sites/front-desk-dallas","https://www.awwwards.com/websites/portfolio/?page=53","https://assets.awwwards.com/awards/media/cache/thumb_880_660/submissions/2024/06/667dde48f137e058651821.jpg","2024-07-08T05:22:04Z"
"FRONT FLIP PORTFOLIO SITE","front-flip-portfolio-site","submission","Other | Web & Interactive | Animation | Portfolio | Responsive Design | Retro | Scrolling | Typography | Vue.js | Typescript | Vite","https://www.awwwards.com/sites/front-flip-portfolio-site","https://www.awwwards.com/websites/portfolio/?page=23","https://assets.awwwards.com/awards/media/cache/thumb_880_660/submissions/2025/10/6903202b45c58227849325.png","2025-11-08T15:21:00Z"
"Front Yard","front-yard","submission","Design Agencies | Web & Interactive | Animation | Clean | Portfolio | WebGL | Illustration | Storytelling | Footer Design | Startups | After Effects | Framer","https://www.awwwards.com/sites/front-yard","https://www.awwwards.com/websites/portfolio/?page=14","https://assets.awwwards.com/awards/media/cache/thumb_880_660/submissions/2026/04/69d482feed2ae729832287.png","2026-04-07T10:06:00Z"
"Frontend-Woman","frontend-woman","submission","Other | Web & Interactive | Animation | Parallax | Portfolio | Scrolling | Transitions | UI design","https://www.awwwards.com/sites/frontend-woman","https://www.awwwards.com/websites/portfolio/?page=49","https://assets.awwwards.com/awards/media/cache/thumb_880_660/submissions/2024/09/66e53d38d1c84458853048.png","2024-09-15T20:25:40Z"
"Frysta — Studio Template","frysta-studio-template","submission","Magazine / Newspaper / Blog | Business & Corporate | Design Agencies | Clean | Portfolio | Responsive Design | Interaction Design | UI design | Header Design | Framer","https://www.awwwards.com/sites/frysta-studio-template","https://www.awwwards.com/websites/portfolio/?page=24","https://assets.awwwards.com/awards/media/cache/thumb_880_660/submissions/2025/10/68f027edefca9817889702.png","2025-11-01T13:22:18Z"
"FSxA","fsxa","submission","Business & Corporate | Film & TV | Promotional | Wordpress | CSS | Graphic design | Portfolio | Unusual Navigation | Transitions | Storytelling | Content architecture | Figma","https://www.awwwards.com/sites/fsxa","https://www.awwwards.com/websites/portfolio/?page=29","https://assets.awwwards.com/awards/media/cache/thumb_880_660/submissions/2025/07/687ff1c2e4ec7719709651.jpg","2025-08-02T18:16:00Z"
"fuch.ai","fuch-ai","submission","Technology | Web & Interactive | Animation | Portfolio | WebGL | Experimental | Sound-Audio | Three.js | GLSL | 3D | Gestures / Interaction | Microinteractions","https://www.awwwards.com/sites/fuch-ai","https://www.awwwards.com/websites/portfolio/?page=7","https://assets.awwwards.com/awards/media/cache/thumb_880_660/submissions/2026/07/6a474d4061f10156137066.png","2026-07-19T10:06:00Z"
"Function & Form Agency Website","function-form-agency-website","submission","Design Agencies | Clean | Minimal | Portfolio | Typography | Video | Project Page","https://www.awwwards.com/sites/function-form-agency-website","https://www.awwwards.com/websites/portfolio/?page=61","https://assets.awwwards.com/awards/media/cache/thumb_880_660/submissions/2024/03/65f47ebbde920536274046.png","2024-03-22T09:44:24Z"
"Fundamental","fundamental","submission","Design Agencies | Technology | Web & Interactive | Animation | Big Background Images | Portfolio | UI design | Project Page | next.js | After Effects | Figma | Next.js","https://www.awwwards.com/sites/fundamental","https://www.awwwards.com/websites/portfolio/?page=30","https://assets.awwwards.com/awards/media/cache/thumb_880_660/submissions/2025/07/6867e00fc3a48467372261.jpg","2025-07-24T10:12:08Z"
"funkhaus Studio","funkhaus-studio","submission","Design Agencies | Technology | Web & Interactive | Clean | Infinite Scroll | Portfolio | Transitions | 3D | Filters and Effects","https://www.awwwards.com/sites/funkhaus-studio","https://www.awwwards.com/websites/portfolio/?page=47","https://assets.awwwards.com/awards/media/cache/thumb_880_660/submissions/2024/09/66f6c4ccda40b885693477.jpg","2024-10-22T00:00:00Z"
"FunTech inc.","funtech-inc","submission","Design Agencies | Web & Interactive | Animation | Portfolio | 3D | Interaction Design | next.js","https://www.awwwards.com/sites/funtech-inc","https://www.awwwards.com/websites/portfolio/?page=52","https://assets.awwwards.com/awards/media/cache/thumb_880_660/submissions/2024/07/66975007c1812719481411.jpg","2024-07-29T08:54:37Z"
"FUROBOT","furobot","submission","Art & Illustration | Technology | Animation | Portfolio | WebGL | Illustration | Experimental | Node.js | 3D | Firebase","https://www.awwwards.com/sites/furobot","https://www.awwwards.com/websites/portfolio/?page=15","https://assets.awwwards.com/awards/media/cache/thumb_880_660/submissions/2026/03/69b96d384cb5f210209750.png","2026-03-30T09:39:57Z"
"Future Marketing para Saúde","future-marketing-para-saude","submission","Business & Corporate | Design Agencies | Web & Interactive | Portfolio | Responsive Design | SEO | Responsive | Project Page","https://www.awwwards.com/sites/future-marketing-para-saude","https://www.awwwards.com/websites/portfolio/?page=30","https://assets.awwwards.com/awards/media/cache/thumb_880_660/submissions/2025/06/685c231625f1e385230228.jpg","2025-07-14T10:20:47Z"
"G. Colombel — Portfolio 2024","g-colombel-portfolio-2024","submission","Promotional | Web & Interactive | Animation | Big Background Images | Infinite Scroll | Portfolio | Experimental | About Page | Microinteractions","https://www.awwwards.com/sites/g-colombel-portfolio-2024","https://www.awwwards.com/websites/portfolio/?page=47","https://assets.awwwards.com/awards/media/cache/thumb_880_660/submissions/2024/09/66e094aa90b54364471470.jpg","2024-10-20T00:00:00Z"
"G. Colombel — Portfolio 2026","g-colombel-portfolio-2026","submission","Promotional | Web & Interactive | Animation | Portfolio | WebGL | Experimental | Gallery | Sound-Audio | Three.js | 3D | About Page | Javascript","https://www.awwwards.com/sites/g-colombel-portfolio-2026","https://www.awwwards.com/websites/portfolio/","https://assets.awwwards.com/awards/media/cache/thumb_880_660/submissions/2026/09/6ab287b7b1b30467092149.png","2026-09-24T09:16:57Z"
"Gabriel Beaugonin","gabriel-beaugonin","submission","App Style | 404 pages | Minimal | Motion | Portfolio | Experimental | Sound-Audio | Three.js | Design Agencies | React | Web & Interactive | 3D","https://www.awwwards.com/sites/gabriel-beaugonin","https://www.awwwards.com/websites/portfolio/?page=6","https://assets.awwwards.com/awards/media/cache/thumb_880_660/submissions/2026/07/6a625d00e8d96781489432.png","2026-08-08T10:54:23Z"
"Gabriel Contassot","gabriel-contassot","submission","Design Agencies | Promotional | Web & Interactive | Clean | Minimal | Portfolio | Scrolling | Single page | Typography","https://www.awwwards.com/sites/gabriel-contassot","https://www.awwwards.com/websites/portfolio/?page=59","https://assets.awwwards.com/awards/media/cache/thumb_880_660/submissions/2024/03/65f964cfe50c7419870326.jpg","2024-04-14T00:00:00Z"
"Gabriel Veres","gabriel-veres","submission","Design Agencies | Web & Interactive | Infinite Scroll | Portfolio | Transitions | 3D | Microinteractions | next.js","https://www.awwwards.com/sites/gabriel-veres","https://www.awwwards.com/websites/portfolio/?page=31","https://assets.awwwards.com/awards/media/cache/thumb_880_660/submissions/2025/06/685436dfaaf05635697168.png","2025-07-07T09:55:00Z"
"Galaxy of Structures","galaxy-of-structures","submission","Design Agencies | Technology | Web & Interactive | Animation | Minimal | Portfolio | Typography | Interaction Design | Microinteractions | Vanilla JS | Canvas API | Astro","https://www.awwwards.com/sites/galaxy-of-structures","https://www.awwwards.com/websites/portfolio/?page=8","https://assets.awwwards.com/awards/media/cache/thumb_880_660/submissions/2026/06/6a422b1cf0293910008437.png","2026-07-13T09:34:00Z"
"galekto","galekto","submission","Art & Illustration | Web & Interactive | Portfolio | Retro | WebGL | Illustration | Experimental | Gestures / Interaction | Filters and Effects | Interaction Design | Javascript | Sanity","https://www.awwwards.com/sites/galekto","https://www.awwwards.com/websites/portfolio/?page=9","https://assets.awwwards.com/awards/media/cache/thumb_880_660/submissions/2026/06/6a2818bb7325a647186957.png","2026-06-24T10:27:00Z"
"Gallery Play®","gallery-play-r","submission","Sports | Web & Interactive | Animation | Wordpress | Colorful | Portfolio | Photography | Storytelling | GSAP | Interaction Design | Contentful","https://www.awwwards.com/sites/gallery-play-r","https://www.awwwards.com/websites/portfolio/","https://assets.awwwards.com/awards/media/cache/thumb_880_660/submissions/2026/09/6aa3b5e08be54840032920.jpg","2026-09-25T08:40:14Z"
"GamifyCat","gamifycat","submission","Design Agencies | Games & Entertainment | Web & Interactive | Animation | Portfolio | Transitions | Interaction Design | UI design | Project Page","https://www.awwwards.com/sites/gamifycat","https://www.awwwards.com/websites/portfolio/?page=51","https://assets.awwwards.com/awards/media/cache/thumb_880_660/submissions/2024/08/66abd6de18a70391791845.png","2024-08-14T05:54:52Z"
"Gautham UI","gautham-ui","submission","Design Agencies | Games & Entertainment | Mobile & Apps | Clean | Minimal | Portfolio | Responsive | Gestures / Interaction | UI design","https://www.awwwards.com/sites/gautham-ui","https://www.awwwards.com/websites/portfolio/?page=64","https://assets.awwwards.com/awards/media/cache/thumb_880_660/submissions/2024/01/65b5f991cc8d7418492775.png","2024-02-01T08:57:16Z"
"Gavin Schneider Productions","gavin-schneider-productions","submission","Fashion | Film & TV | Minimal | Portfolio | Photography | Photo & Video | Next.js | Sanity | AWS","https://www.awwwards.com/sites/gavin-schneider-productions","https://www.awwwards.com/websites/portfolio/?page=17","https://assets.awwwards.com/awards/media/cache/thumb_880_660/submissions/2026/01/697898787870b765501229.png","2026-03-04T00:00:00Z"
"Gemma Wright Design","gemma-wright-design","submission","Architecture | Clean | Wordpress | Minimal | Portfolio | SEO | Real Estate | Elementor | Luxury","https://www.awwwards.com/sites/gemma-wright-design","https://www.awwwards.com/websites/portfolio/?page=27","https://assets.awwwards.com/awards/media/cache/thumb_880_660/submissions/2025/08/68a58d44e5769966806892.jpg","2025-09-01T10:36:00Z"
"General Condition Studio","general-condition-studio-2","submission","Art & Illustration | Design Agencies | Web & Interactive | Animation | Wordpress | Graphic design | Portfolio | Typography | Illustration | Contact Page | Elementor | Adobe Illustrator","https://www.awwwards.com/sites/general-condition-studio-2","https://www.awwwards.com/websites/portfolio/?page=27","https://assets.awwwards.com/awards/media/cache/thumb_880_660/submissions/2025/09/68b5658d40cad819436018.png","2025-09-12T10:04:30Z"
"Generous Branding","generous-branding","submission","Architecture | Business & Corporate | Design Agencies | Animation | Clean | Minimal | Portfolio | Transitions | Project Page","https://www.awwwards.com/sites/generous-branding","https://www.awwwards.com/websites/portfolio/?page=57","https://assets.awwwards.com/awards/media/cache/thumb_880_660/submissions/2024/05/663b5168809cc343266164.png","2024-05-15T08:17:00Z"
"Genesis Creative","genesis-creative","submission","Business & Corporate | Design Agencies | Web & Interactive | Clean | Portfolio | Typography | UI design","https://www.awwwards.com/sites/genesis-creative","https://www.awwwards.com/websites/portfolio/?page=45","https://assets.awwwards.com/awards/media/cache/thumb_880_660/submissions/2024/11/672b8661c05fc041796723.jpg","2024-11-14T08:00:11Z"
"Genius And Poison","genius-and-poison","submission","Culture & Education | Events | Games & Entertainment | Big Background Images | Portfolio | Retro","https://www.awwwards.com/sites/genius-and-poison","https://www.awwwards.com/websites/portfolio/?page=61","https://assets.awwwards.com/awards/media/cache/thumb_880_660/submissions/2024/03/65e82cc9c537c015075427.jpg","2024-03-12T09:18:00Z"
"Gianluca Gradogna Portfolio","gianluca-gradogna-portfolio","submission","Promotional | Web & Interactive | Horizontal Layout | Infinite Scroll | Portfolio | Typography | Photography | Transitions | UI design","https://www.awwwards.com/sites/gianluca-gradogna-portfolio","https://www.awwwards.com/websites/portfolio/?page=42","https://assets.awwwards.com/awards/media/cache/thumb_880_660/submissions/2025/01/677ecaf5b3892213227330.jpg","2025-01-23T00:00:00Z"
"Giants & Titans","giants-titans","submission","Business & Corporate | Design Agencies | Web & Interactive | Big Background Images | Fullscreen | Horizontal Layout | Portfolio | Storytelling | UI design","https://www.awwwards.com/sites/giants-titans","https://www.awwwards.com/websites/portfolio/?page=64","https://assets.awwwards.com/awards/media/cache/thumb_880_660/submissions/2024/02/65c2194759778447414681.png","2024-02-08T10:26:38Z"
"Giats - Portfolio","https-giats-me","submission","Promotional | Web & Interactive | Portfolio | Transitions | Responsive | 3D | Gestures / Interaction | next.js","https://www.awwwards.com/sites/https-giats-me","https://www.awwwards.com/websites/portfolio/?page=51","https://assets.awwwards.com/awards/media/cache/thumb_880_660/submissions/2024/08/66ad211e47bca795165493.jpg","2024-08-14T05:54:00Z"
"Gil Huybrecht","gil-huybrecht","submission","Design Agencies | Promotional | Web & Interactive | Clean | Infinite Scroll | Portfolio | Typography | WebGL | Gallery | Microinteractions | Next.js | DatoCMS","https://www.awwwards.com/sites/gil-huybrecht","https://www.awwwards.com/websites/portfolio/","https://assets.awwwards.com/awards/media/cache/thumb_880_660/submissions/2026/08/6a70adc581af4163073705.jpg","2026-09-21T00:00:00Z"
"Gionatan Nese '26","gionatan-nese-26","submission","Web & Interactive | Infinite Scroll | Minimal | Portfolio | Typography | WebGL | Sound-Audio | GSAP | Three.js | 3D","https://www.awwwards.com/sites/gionatan-nese-26","https://www.awwwards.com/websites/portfolio/?page=3","https://assets.awwwards.com/awards/media/cache/thumb_880_660/submissions/2026/07/6a6afd8fa7aa4183069845.jpg","2026-09-05T00:00:00Z"
"Glitch&Grit","glitch-grit","submission","Design Agencies | Film & TV | Portfolio | Typography | Video | Transitions | Photo & Video | Footer Design | Webflow | Figma","https://www.awwwards.com/sites/glitch-grit","https://www.awwwards.com/websites/portfolio/?page=7","https://assets.awwwards.com/awards/media/cache/thumb_880_660/submissions/2026/06/6a29dd5a77e7a067789159.jpg","2026-07-19T00:00:00Z"
"Glush - Digital Agency","glush-digital-agency","submission","Business & Corporate | Web & Interactive | Minimal | Portfolio | SEO | Contact Page | Footer Design | 404 pages | Startups","https://www.awwwards.com/sites/glush-digital-agency","https://www.awwwards.com/websites/portfolio/?page=61","https://assets.awwwards.com/awards/media/cache/thumb_880_660/submissions/2024/03/65ef29d15790b021967618.jpg","2024-03-15T09:14:48Z"
"GMB GRAPHIC - PORTFOLIO 25","gmb-graphic-portfolio-25","submission","Art & Illustration | Film & TV | Music & Sound | Colorful | Fullscreen | Graphic design | Horizontal Layout | Portfolio | Retro","https://www.awwwards.com/sites/gmb-graphic-portfolio-25","https://www.awwwards.com/websites/portfolio/?page=40","https://assets.awwwards.com/awards/media/cache/thumb_880_660/submissions/2025/01/679103a4c82d5303812543.png","2025-02-10T07:18:59Z"
"GMX Digital","gmx-digital-1","submission","Architecture | Design Agencies | Film & TV | Animation | CSS | Portfolio | Scrolling | Video | WebGL | Transitions | Storytelling | Vanilla JS","https://www.awwwards.com/sites/gmx-digital-1","https://www.awwwards.com/websites/portfolio/","https://assets.awwwards.com/awards/media/cache/thumb_880_660/submissions/2026/09/6aa6a3629d00f097585666.jpg","2026-09-26T12:38:35Z"
"GNWA Architects","gnwa-architects","submission","Architecture | Business & Corporate | Clean | Horizontal Layout | Minimal | Portfolio | Single page | Gallery","https://www.awwwards.com/sites/gnwa-architects","https://www.awwwards.com/websites/portfolio/?page=58","https://assets.awwwards.com/awards/media/cache/thumb_880_660/submissions/2024/04/662b5c1e35bf6652356666.jpg","2024-05-07T08:42:04Z"
"Goats","goats","submission","Portfolio | Scrolling | UI design | Footer Design | Design Agencies | Javascript | Clean | Figma | Wordpress | Parallax","https://www.awwwards.com/sites/goats","https://www.awwwards.com/websites/portfolio/?page=4","https://assets.awwwards.com/awards/media/cache/thumb_880_660/submissions/2026/08/6a75d27f167ff485520592.jpg","2026-08-21T09:58:32Z"
"GOBOLD™ Agency","goboldtm-agency","submission","Design Agencies | Fashion | Web & Interactive | Animation | Portfolio | WebGL | Three.js | Filters and Effects | Interaction Design | UI design | next.js | Javascript","https://www.awwwards.com/sites/goboldtm-agency","https://www.awwwards.com/websites/portfolio/?page=6","https://assets.awwwards.com/awards/media/cache/thumb_880_660/submissions/2026/07/6a52fc5359ba6197316430.png","2026-07-26T14:03:00Z"
"Gokul krishnan","gokul-krishnan-1","submission","Technology | Web & Interactive | Minimal | Portfolio | Typography | Data Visualization | UI design | Startups | Framer","https://www.awwwards.com/sites/gokul-krishnan-1","https://www.awwwards.com/websites/portfolio/?page=53","https://assets.awwwards.com/awards/media/cache/thumb_880_660/submissions/2024/07/668bed832e929877414814.png","2024-07-16T05:00:20Z"
"GOLDEN THINKING","golden-thinking","submission","Design Agencies | Web & Interactive | Animation | Graphic design | Portfolio | Typography | Experimental | Storytelling | 3D | Webflow | After Effects | Blender","https://www.awwwards.com/sites/golden-thinking","https://www.awwwards.com/websites/portfolio/?page=25","https://assets.awwwards.com/awards/media/cache/thumb_880_660/submissions/2025/09/68d6ac423dd2f391609143.png","2025-10-09T10:37:00Z"
"Gone Fishing Studio","gone-fishing-studio-2","submission","Design Agencies | Technology | Portfolio | Typography","https://www.awwwards.com/sites/gone-fishing-studio-2","https://www.awwwards.com/websites/portfolio/?page=44","https://assets.awwwards.com/awards/media/cache/thumb_880_660/submissions/2024/11/673feb4594ef4331828497.png","2024-12-03T09:55:44Z"
"goned.studio","goned-studio","submission","Design Agencies | Technology | Web & Interactive | Clean | Minimal | Portfolio | Responsive Design | Interaction Design | Footer Design","https://www.awwwards.com/sites/goned-studio","https://www.awwwards.com/websites/portfolio/?page=58","https://assets.awwwards.com/awards/media/cache/thumb_880_660/submissions/2024/04/662562cd40065469542488.png","2024-04-29T08:45:05Z"
"Good Habit - Studio Portfolio","good-habit-studio-portfolio","submission","Design Agencies | Clean | Colorful | Graphic design | Portfolio | Typography | Filters and Effects | Framer","https://www.awwwards.com/sites/good-habit-studio-portfolio","https://www.awwwards.com/websites/portfolio/?page=19","https://assets.awwwards.com/awards/media/cache/thumb_880_660/submissions/2026/01/6970b84d44770848490280.jpg","2026-02-01T12:41:14Z"
"Good Looking Design","good-looking-design","submission","Design Agencies | Web & Interactive | Clean | Colorful | Portfolio | Typography | Microinteractions | Footer Design | Figma | Adobe Photoshop | Framer","https://www.awwwards.com/sites/good-looking-design","https://www.awwwards.com/websites/portfolio/?page=27","https://assets.awwwards.com/awards/media/cache/thumb_880_660/submissions/2025/08/68b05d3f5765b930652324.png","2025-09-09T09:52:35Z"
"Good Measure Studio","good-measure-studio","submission","Design Agencies | Promotional | Web & Interactive | Clean | Flat Design | Portfolio | Responsive Design | Storytelling | Interaction Design","https://www.awwwards.com/sites/good-measure-studio","https://www.awwwards.com/websites/portfolio/?page=50","https://assets.awwwards.com/awards/media/cache/thumb_880_660/submissions/2024/08/66c12ed5ef48d731783566.png","2024-08-29T05:34:44Z"
"GoodBytes — Since '06","goodbytes-since-06","submission","Design Agencies | Web & Interactive | Colorful | Portfolio | Experimental | Sound-Audio | 3D | Filters and Effects | Microinteractions","https://www.awwwards.com/sites/goodbytes-since-06","https://www.awwwards.com/websites/portfolio/?page=51","https://assets.awwwards.com/awards/media/cache/thumb_880_660/submissions/2024/07/669d14bc1b20a563900598.jpg","2024-08-08T07:57:47Z"
"Goodgrowth","goodgrowth","submission","Web & Interactive | Interaction Design | Animation | Cinema 4D | Portfolio | Vite | Responsive Design | Retro | Experimental | Three.js | Promotional | 3D","https://www.awwwards.com/sites/goodgrowth","https://www.awwwards.com/websites/portfolio/?page=6","https://assets.awwwards.com/awards/media/cache/thumb_880_660/submissions/2026/07/6a60edb82b5da099022925.jpg","2026-08-07T09:08:29Z"
"Goodman Gallery","goodman-gallery","submission","Art & Illustration | Business & Corporate | Portfolio | Transitions | React | UI design | Sanity | AWS","https://www.awwwards.com/sites/goodman-gallery","https://www.awwwards.com/websites/portfolio/?page=11","https://assets.awwwards.com/awards/media/cache/thumb_880_660/submissions/2026/05/6a0198f659480757698712.jpg","2026-05-21T10:28:17Z"
"Graffico","graffico","submission","Design Agencies | Web & Interactive | Animation | Clean | Portfolio | SVG | GSAP | UI design | Microinteractions | Next.js","https://www.awwwards.com/sites/graffico","https://www.awwwards.com/websites/portfolio/?page=19","https://assets.awwwards.com/awards/media/cache/thumb_880_660/submissions/2026/01/697c9c0b3851b137797087.jpg","2026-02-11T11:22:00Z"
"Grafik","grafik-4","submission","GSAP | Nuxt.js | Design Agencies | Animation | Clean | Portfolio | Typography","https://www.awwwards.com/sites/grafik-4","https://www.awwwards.com/websites/portfolio/?page=3","https://assets.awwwards.com/awards/media/cache/thumb_880_660/submissions/2026/08/6a8516b88f2d3758161857.jpg","2026-09-02T12:14:23Z"
"Grain & Mortar","grain-mortar-5","submission","Design Agencies | Promotional | Web & Interactive | Animation | Wordpress | Graphic design | Icons | Portfolio | Illustration | Gallery | Figma | Adobe Illustrator","https://www.awwwards.com/sites/grain-mortar-5","https://www.awwwards.com/websites/portfolio/?page=10","https://assets.awwwards.com/awards/media/cache/thumb_880_660/submissions/2026/05/6a19b3c3a6aaf413200462.jpg","2026-06-13T13:51:00Z"
"Granyon - Designing for Good","granyon-designing-for-good","submission","Design Agencies | Technology | Web & Interactive | Clean | Portfolio | Gallery | Webflow | Javascript","https://www.awwwards.com/sites/granyon-designing-for-good","https://www.awwwards.com/websites/portfolio/?page=21","https://assets.awwwards.com/awards/media/cache/thumb_880_660/submissions/2026/01/695e25eb52683498278774.png","2026-01-09T11:05:15Z"
"graphek.de","graphek-de","submission","Design Agencies | Web & Interactive | Animation | Clean | Portfolio | Responsive Design | Scrolling | Interaction Design","https://www.awwwards.com/sites/graphek-de","https://www.awwwards.com/websites/portfolio/?page=62","https://assets.awwwards.com/awards/media/cache/thumb_880_660/submissions/2024/02/65d314a3582c3898848689.jpg","2024-02-26T09:39:04Z"
"Graphic Design Portfolio","graphic-design-portfolio-1","submission","Art & Illustration | Design Agencies | Other | Clean | Wordpress | CSS | Graphic design | Portfolio | Responsive Design | Responsive | PHP | About Page","https://www.awwwards.com/sites/graphic-design-portfolio-1","https://www.awwwards.com/websites/portfolio/?page=28","https://assets.awwwards.com/awards/media/cache/thumb_880_660/submissions/2025/07/6887ac7d5093e985316474.png","2025-08-13T09:33:00Z"
"gravity design","gravity-design","submission","Design Agencies | Animation | Clean | CSS | Minimal | Portfolio | Scrolling | Javascript","https://www.awwwards.com/sites/gravity-design","https://www.awwwards.com/websites/portfolio/","https://assets.awwwards.com/awards/media/cache/thumb_880_660/submissions/2026/09/6aa410ef5684f081016246.jpg","2026-09-25T08:40:37Z"
"Gregor Collienne","gregor-collienne","submission","Art & Illustration | Animation | Clean | Wordpress | Minimal | Portfolio | Photography | Responsive | Vanilla JS","https://www.awwwards.com/sites/gregor-collienne","https://www.awwwards.com/websites/portfolio/?page=9","https://assets.awwwards.com/awards/media/cache/thumb_880_660/submissions/2026/06/6a31302c32b2a848235643.jpg","2026-07-01T09:37:46Z"
"Grégory Lallé — '24","gregory-lalle-24","submission","Web & Interactive | Animation | Minimal | Portfolio | Transitions | About Page","https://www.awwwards.com/sites/gregory-lalle-24","https://www.awwwards.com/websites/portfolio/?page=46","https://assets.awwwards.com/awards/media/cache/thumb_880_660/submissions/2024/10/670106e1d1012259838679.png","2024-10-30T00:00:00Z"
"Gregory Muryn-Mukha Portfolio","gregory-muryn-mukha-portfolio","submission","Other | Web & Interactive | Portfolio | Gestures / Interaction | UI design | P5.js | Javascript","https://www.awwwards.com/sites/gregory-muryn-mukha-portfolio","https://www.awwwards.com/websites/portfolio/?page=13","https://assets.awwwards.com/awards/media/cache/thumb_880_660/submissions/2026/04/69d7f0d3bc9d2439490482.png","2026-04-21T10:18:00Z"
"Griflan","griflan-2","submission","Design Agencies | Animation | Portfolio | Typography | About Page | DatoCMS","https://www.awwwards.com/sites/griflan-2","https://www.awwwards.com/websites/portfolio/?page=17","https://assets.awwwards.com/awards/media/cache/thumb_880_660/submissions/2026/01/69691b35e956b219050311.jpg","2026-03-06T00:00:00Z"
"Griflan","griflan-3","submission","Art & Illustration | Design Agencies | Web & Interactive | Graphic design | Portfolio | Illustration | Interaction Design","https://www.awwwards.com/sites/griflan-3","https://www.awwwards.com/websites/portfolio/?page=66","https://assets.awwwards.com/awards/media/cache/thumb_880_660/submissions/2024/01/659852080e170844962865.jpeg","2024-01-11T09:55:23Z"
"Grigoletti","grigoletti","submission","Flat Design | Portfolio | Typography | Responsive | UI design | Design Agencies | Framer | Web & Interactive | Clean","https://www.awwwards.com/sites/grigoletti","https://www.awwwards.com/websites/portfolio/?page=3","https://assets.awwwards.com/awards/media/cache/thumb_880_660/submissions/2026/08/6a8882536e5e9236251077.png","2026-09-03T10:59:46Z"
"Grilled Pixels","grilled-pixels-2","submission","Business & Corporate | Design Agencies | Web & Interactive | Animation | Portfolio | Storytelling | GSAP | Three.js | 3D | Interaction Design | UI design | Next.js","https://www.awwwards.com/sites/grilled-pixels-2","https://www.awwwards.com/websites/portfolio/?page=20","https://assets.awwwards.com/awards/media/cache/thumb_880_660/submissions/2026/01/69622750e6b09344551448.png","2026-01-21T11:11:00Z"
"Grit Pictures","grit-pictures","submission","Art & Illustration | Film & TV | Web & Interactive | Wordpress | Graphic design | Portfolio | Single page | Video | Illustration | Interaction Design | Elementor | Adobe Illustrator","https://www.awwwards.com/sites/grit-pictures","https://www.awwwards.com/websites/portfolio/?page=27","https://assets.awwwards.com/awards/media/cache/thumb_880_660/submissions/2025/08/68ac3bc156eb5786233963.jpg","2025-09-05T10:58:06Z"
"Groteskly Yours Studio","groteskly-yours-studio","submission","Design Agencies | Clean | Portfolio | Typography | Web Fonts | Framer","https://www.awwwards.com/sites/groteskly-yours-studio","https://www.awwwards.com/websites/portfolio/?page=32","https://assets.awwwards.com/awards/media/cache/thumb_880_660/submissions/2025/06/68406bed63e9b569289842.png","2025-06-16T09:24:00Z"
"GROUND","ground","submission","Design Agencies | Film & TV | Portfolio | Video | Gallery | Social responsibility","https://www.awwwards.com/sites/ground","https://www.awwwards.com/websites/portfolio/?page=45","https://assets.awwwards.com/awards/media/cache/thumb_880_660/submissions/2024/10/672243ad76594900653515.jpg","2024-11-12T06:33:42Z"
"Growon Web Studio","growon-web-studio","submission","Web & Interactive | Navigation Menu | Portfolio | WebGL | Responsive | Three.js | 3D | Interaction Design | next.js | Next.js","https://www.awwwards.com/sites/growon-web-studio","https://www.awwwards.com/websites/portfolio/?page=7","https://assets.awwwards.com/awards/media/cache/thumb_880_660/submissions/2026/07/6a4cf9d80cc68733448284.png","2026-07-22T10:05:00Z"
"gucduck","gucduck","submission","Mobile & Apps | Web & Interactive | Portfolio | Experimental | Responsive | Content architecture | Interaction Design | About Page | Project Page | Vercel | Next.js | Tailwind","https://www.awwwards.com/sites/gucduck","https://www.awwwards.com/websites/portfolio/?page=17","https://assets.awwwards.com/awards/media/cache/thumb_880_660/submissions/2026/02/699845d684889963744607.png","2026-03-05T11:23:00Z"
"Guglielmo Profeti","guglielmo-profeti","submission","Art & Illustration | Fashion | Clean | Minimal | Portfolio | Typography | Photography | Gallery | Photo & Video","https://www.awwwards.com/sites/guglielmo-profeti","https://www.awwwards.com/websites/portfolio/?page=45","https://assets.awwwards.com/awards/media/cache/thumb_880_660/submissions/2024/11/672d02df1436b433617776.jpg","2024-11-19T07:04:44Z"
"Guillaume Dusseux","guillaume-dusseux","submission","Design Agencies | App Style | Navigation Menu | Portfolio | Responsive Design | Retro | Experimental | UI design | Figma | Adobe Photoshop | Framer","https://www.awwwards.com/sites/guillaume-dusseux","https://www.awwwards.com/websites/portfolio/?page=15","https://assets.awwwards.com/awards/media/cache/thumb_880_660/submissions/2026/03/69ba8a507eaad811369287.png","2026-03-31T10:27:00Z"
"Guillaume Nicollet","guillaume-nicollet","submission","Art & Illustration | Games & Entertainment | Web & Interactive | Big Background Images | Fullscreen | HTML5 | Portfolio | Video | 3D | Photo & Video | Unreal Engine | Cinema 4D","https://www.awwwards.com/sites/guillaume-nicollet","https://www.awwwards.com/websites/portfolio/?page=25","https://assets.awwwards.com/awards/media/cache/thumb_880_660/submissions/2025/10/68e4bdf32a05c365806409.png","2025-10-14T10:33:15Z"
"Guillaume Zhu","guillaume-zhu","submission","Web & Interactive | Animation | Portfolio | Scrolling | WebGL | Transitions | Experimental | GSAP | Three.js | 3D | Interaction Design","https://www.awwwards.com/sites/guillaume-zhu","https://www.awwwards.com/websites/portfolio/","https://assets.awwwards.com/awards/media/cache/thumb_880_660/submissions/2026/09/6aa1724bb782c762749011.jpg","2026-09-22T09:41:06Z"
"Gunsmoke","gunsmoke","submission","Film & TV | Big Background Images | Fullscreen | Portfolio | Interaction Design | About Page | Contact Page | Next.js","https://www.awwwards.com/sites/gunsmoke","https://www.awwwards.com/websites/portfolio/?page=28","https://assets.awwwards.com/awards/media/cache/thumb_880_660/submissions/2025/07/686f86d3214fb222883196.jpg","2025-08-19T09:17:24Z"
"Gusta","gusta-2","submission","Design Agencies | Web & Interactive | Colorful | Portfolio | Interaction Design | UI design | About Page | Header Design | Figma | Framer","https://www.awwwards.com/sites/gusta-2","https://www.awwwards.com/websites/portfolio/?page=10","https://assets.awwwards.com/awards/media/cache/thumb_880_660/submissions/2026/05/6a172e85aee04363909416.png","2026-06-10T09:51:00Z"
"Gustaf Furusten Portfolio","gustaf-furusten-portfolio","submission","Other | Web & Interactive | Animation | Clean | Minimal | Portfolio | Typography | Experimental | About Page | Framer","https://www.awwwards.com/sites/gustaf-furusten-portfolio","https://www.awwwards.com/websites/portfolio/?page=10","https://assets.awwwards.com/awards/media/cache/thumb_880_660/submissions/2026/06/6a1dd876a8ff9989229342.jpg","2026-06-16T09:55:26Z"
"Gustavo Batista | Developer","gustavo-batista-developer","submission","Web & Interactive | Gestures / Interaction | Fullscreen | UI design | Portfolio | Storytelling | GSAP | Three.js | Games & Entertainment | GLSL | Technology | 3D","https://www.awwwards.com/sites/gustavo-batista-developer","https://www.awwwards.com/websites/portfolio/?page=4","https://assets.awwwards.com/awards/media/cache/thumb_880_660/submissions/2026/08/6a7b86b1a109b883919916.png","2026-08-24T12:23:25Z"
"gustavwf.com","gustavwf-com","submission","Design Agencies | Mobile & Apps | Web & Interactive | Animation | App Style | Portfolio | Responsive Design | Video | UI design | Framer","https://www.awwwards.com/sites/gustavwf-com","https://www.awwwards.com/websites/portfolio/?page=65","https://assets.awwwards.com/awards/media/cache/thumb_880_660/submissions/2024/01/65ada795000a7185677484.png","2024-01-26T09:55:04Z"
"H&f-Studio","h-f-studio","submission","Design Agencies | Minimal | Portfolio | Typography | UI design","https://www.awwwards.com/sites/h-f-studio","https://www.awwwards.com/websites/portfolio/?page=62","https://assets.awwwards.com/awards/media/cache/thumb_880_660/submissions/2024/03/65e569a2badc1394766150.png","2024-03-07T08:35:39Z"
"Haddon","haddon","submission","E-Commerce | Clean | Graphic design | Minimal | Portfolio | Typography | Luxury","https://www.awwwards.com/sites/haddon","https://www.awwwards.com/websites/portfolio/?page=31","https://assets.awwwards.com/awards/media/cache/thumb_880_660/submissions/2025/06/68556ef0a57d7185066031.png","2025-07-09T10:24:00Z"
"Halaska Studio","halaska-studio","submission","Design Agencies | Web & Interactive | Clean | Flat Design | Graphic design | Minimal | Portfolio | Header Design | Startups | Framer","https://www.awwwards.com/sites/halaska-studio","https://www.awwwards.com/websites/portfolio/?page=48","https://assets.awwwards.com/awards/media/cache/thumb_880_660/submissions/2024/09/66f4d69257c5b067648552.jpg","2024-10-08T06:53:10Z"
"Halston: Architecture template","halston-architecture-template","submission","Architecture | Business & Corporate | Animation | Clean | Minimal | Portfolio | Responsive | GSAP | Real Estate | Interaction Design | Webflow","https://www.awwwards.com/sites/halston-architecture-template","https://www.awwwards.com/websites/portfolio/?page=10","https://assets.awwwards.com/awards/media/cache/thumb_880_660/submissions/2026/05/6a19b40cef933833647808.jpg","2026-06-13T13:56:00Z"
"Hamilton Pictures","hamilton-pictures","submission","Art & Illustration | Film & TV | Games & Entertainment | Animation | Minimal | Portfolio | Filters and Effects | Photo & Video | Microinteractions","https://www.awwwards.com/sites/hamilton-pictures","https://www.awwwards.com/websites/portfolio/?page=35","https://assets.awwwards.com/awards/media/cache/thumb_880_660/submissions/2025/04/67f960463d176163348261.png","2025-04-29T05:41:23Z"
"Hamza Tariq — Design etc.","hamza-tariq-design-etc","submission","Technology | Web & Interactive | Animation | Colorful | CSS | Portfolio | WebGL | Experimental | Gestures / Interaction | About Page | Microinteractions | Framer","https://www.awwwards.com/sites/hamza-tariq-design-etc","https://www.awwwards.com/websites/portfolio/?page=23","https://assets.awwwards.com/awards/media/cache/thumb_880_660/submissions/2025/10/68fb70345bfe6818229385.jpg","2025-11-04T12:02:50Z"
"Hamza Tariq — Design etc.","hamza-tariq-design-etc-1","submission","Design Agencies | Technology | Web & Interactive | Animation | CSS | Infinite Scroll | Portfolio | Transitions | Gallery | GSAP | React | Microinteractions","https://www.awwwards.com/sites/hamza-tariq-design-etc-1","https://www.awwwards.com/websites/portfolio/?page=8","https://assets.awwwards.com/awards/media/cache/thumb_880_660/submissions/2026/06/6a3e3c0ba4aaa864764081.png","2026-07-12T10:51:00Z"
"Hannah Miles","hannah-miles","submission","Fashion | Promotional | Clean | Infinite Scroll | Minimal | Photographic | Portfolio | Photography | Gallery | Node.js | Netlify | Sanity","https://www.awwwards.com/sites/hannah-miles","https://www.awwwards.com/websites/portfolio/?page=26","https://assets.awwwards.com/awards/media/cache/thumb_880_660/submissions/2025/09/68baee3e2ebb9699253831.jpg","2025-09-16T10:32:51Z"
"Hanson Wu Portfolio","hanson-wu-portfolio","submission","Web & Interactive | Horizontal Layout | Portfolio | Scrolling | next.js","https://www.awwwards.com/sites/hanson-wu-portfolio","https://www.awwwards.com/websites/portfolio/?page=66","https://assets.awwwards.com/awards/media/cache/thumb_880_660/submissions/2023/12/658dd307edcf9167779033.jpg","2024-01-04T12:33:46Z"
"HAOQI.DESIGN","haoqi-design","submission","Design Agencies | Web & Interactive | Portfolio | Scrolling | WebGL | Gallery | 3D | UI design | next.js | Figma | Next.js","https://www.awwwards.com/sites/haoqi-design","https://www.awwwards.com/websites/portfolio/?page=5","https://assets.awwwards.com/awards/media/cache/thumb_880_660/submissions/2026/07/6a5622861426a246504763.jpg","2026-08-14T00:00:00Z"
"Harajuku Sun-Ad Corporate Site","harajuku-sun-ad-corporate-site","submission","Business & Corporate | Design Agencies | Web & Interactive | Animation | Colorful | Icons | Minimal | Portfolio | Microinteractions","https://www.awwwards.com/sites/harajuku-sun-ad-corporate-site","https://www.awwwards.com/websites/portfolio/?page=52","https://assets.awwwards.com/awards/media/cache/thumb_880_660/submissions/2024/07/66a064d7da707910625390.jpg","2024-08-02T08:18:43Z"
"Haraldur Thorleifsson","haraldur-thorleifsson-1","submission","Architecture | Music & Sound | Clean | Portfolio | Video | Storytelling | About Page | Project Page | Social responsibility","https://www.awwwards.com/sites/haraldur-thorleifsson-1","https://www.awwwards.com/websites/portfolio/?page=31","https://assets.awwwards.com/awards/media/cache/thumb_880_660/submissions/2025/06/6851e8edd2de1779707997.jpg","2025-07-04T09:33:00Z"
"Hardik Bhansali","hardik-bhansali","submission","Web & Interactive | Animation | Minimal | Portfolio | Scrolling | Single page | Experimental | 3D","https://www.awwwards.com/sites/hardik-bhansali","https://www.awwwards.com/websites/portfolio/?page=54","https://assets.awwwards.com/awards/media/cache/thumb_880_660/submissions/2024/06/666d76c9ec038197038364.png","2024-06-21T06:24:23Z"
"Hardik Bhansali","hardik-bhansali-1","submission","Other | Web & Interactive | Animation | Clean | Minimal | Portfolio | Typography | 3D","https://www.awwwards.com/sites/hardik-bhansali-1","https://www.awwwards.com/websites/portfolio/?page=46","https://assets.awwwards.com/awards/media/cache/thumb_880_660/submissions/2024/10/6710cc3e89129737158742.png","2024-10-25T05:42:00Z"
"Harikrishnan R - Portfolio","harikrishnan-r-portfolio","submission","Technology | Web & Interactive | Animation | CSS | Portfolio | Retro | WebGL | Transitions | Microinteractions | Javascript","https://www.awwwards.com/sites/harikrishnan-r-portfolio","https://www.awwwards.com/websites/portfolio/?page=28","https://assets.awwwards.com/awards/media/cache/thumb_880_660/submissions/2025/07/688486792c380091207109.jpg","2025-08-12T10:43:30Z"
"Haroon Malik","haroon-malik","submission","Design Agencies | Promotional | Web & Interactive | Animation | Graphic design | Portfolio | Video | Interaction Design | UI design | Framer","https://www.awwwards.com/sites/haroon-malik","https://www.awwwards.com/websites/portfolio/?page=39","https://assets.awwwards.com/awards/media/cache/thumb_880_660/submissions/2025/02/67aa81522cb37928669500.png","2025-02-26T06:32:00Z"
"Harry Atkins","harry-atkins-portfolio","submission","Design Agencies | Web & Interactive | Clean | Minimal | Portfolio | Typography","https://www.awwwards.com/sites/harry-atkins-portfolio","https://www.awwwards.com/websites/portfolio/?page=47","https://assets.awwwards.com/awards/media/cache/thumb_880_660/submissions/2024/09/66db08c214850993168483.jpg","2024-10-13T00:00:00Z"
"Hau Studio","hau-studio","submission","Design Agencies | Clean | CSS | HTML5 | Minimal | Photographic | Portfolio | Interaction Design | Javascript","https://www.awwwards.com/sites/hau-studio","https://www.awwwards.com/websites/portfolio/?page=29","https://assets.awwwards.com/awards/media/cache/thumb_880_660/submissions/2025/07/6877a0ee34c4f048202699.png","2025-08-02T18:17:09Z"
"HAULK","haulk","submission","E-Commerce | Portfolio | UI design","https://www.awwwards.com/sites/haulk","https://www.awwwards.com/websites/portfolio/?page=37","https://assets.awwwards.com/awards/media/cache/thumb_880_660/submissions/2025/03/67d19e3962d83884320970.jpg","2025-03-27T07:33:08Z"
"Hawk Style Design","hawk-style-design","submission","Design Agencies | Web & Interactive | Animation | Fullscreen | Minimal | Portfolio | Typography | Project Page","https://www.awwwards.com/sites/hawk-style-design","https://www.awwwards.com/websites/portfolio/?page=48","https://assets.awwwards.com/awards/media/cache/thumb_880_660/submissions/2024/09/66f1af8458dea704734574.png","2024-10-04T06:08:00Z"
"Hayler Studio","hayler-studio","submission","Design Agencies | Web & Interactive | Animation | Big Background Images | HTML5 | Infinite Scroll | Portfolio | Typography | Experimental | GSAP | Microinteractions | Vanilla JS","https://www.awwwards.com/sites/hayler-studio","https://www.awwwards.com/websites/portfolio/","https://assets.awwwards.com/awards/media/cache/thumb_880_660/submissions/2026/09/6aa850f276780275260048.jpg","2026-09-27T10:49:26Z"
"Hays Woodworking Group Inc.","hays-woodworking-group-inc","submission","Business & Corporate | Clean | Flat Design | Fullscreen | Portfolio | Gallery | UI design","https://www.awwwards.com/sites/hays-woodworking-group-inc","https://www.awwwards.com/websites/portfolio/?page=31","https://assets.awwwards.com/awards/media/cache/thumb_880_660/submissions/2025/06/684f5feeed24e175480495.jpg","2025-06-26T10:04:47Z"
"HEARTLENT Group","heartlent-group","submission","Design Agencies | Sports | Web & Interactive | Clean | Colorful | Portfolio | Menu - Vertical | Responsive | Interaction Design","https://www.awwwards.com/sites/heartlent-group","https://www.awwwards.com/websites/portfolio/?page=56","https://assets.awwwards.com/awards/media/cache/thumb_880_660/submissions/2024/05/664df7f62f8cf436068285.png","2024-05-29T10:23:56Z"
"Heco Partners","heco-partners-1","submission","Business & Corporate | Design Agencies | Web & Interactive | Animation | Graphic design | Portfolio | Unusual Navigation | Illustration | Microinteractions | Lottie | Webflow | Figma","https://www.awwwards.com/sites/heco-partners-1","https://www.awwwards.com/websites/portfolio/?page=9","https://assets.awwwards.com/awards/media/cache/thumb_880_660/submissions/2026/06/6a318c94213be857892936.png","2026-07-02T09:10:00Z"
"HEEYEUN WEB PORTFOLIO","heeyeun-web-portfolio","submission","Art & Illustration | Business & Corporate | Web & Interactive | Animation | Graphic design | Portfolio | UI design | Contact Page | Microinteractions | Figma | Adobe Photoshop | Framer","https://www.awwwards.com/sites/heeyeun-web-portfolio","https://www.awwwards.com/websites/portfolio/?page=21","https://assets.awwwards.com/awards/media/cache/thumb_880_660/submissions/2025/12/695258d502268386357703.png","2026-01-11T11:27:08Z"
"Helemaal de bom","helemaal-de-bom-3","submission","Design Agencies | Technology | Web & Interactive | Portfolio | SEO | Responsive | Contact Page | Project Page","https://www.awwwards.com/sites/helemaal-de-bom-3","https://www.awwwards.com/websites/portfolio/?page=49","https://assets.awwwards.com/awards/media/cache/thumb_880_660/submissions/2024/09/66deb7da0e8ad153822290.png","2024-09-20T05:21:46Z"
"Helga Digital Agency","helga-digital-agency","submission","Design Agencies | Web & Interactive | Animation | Minimal | Portfolio | UI design | Microinteractions","https://www.awwwards.com/sites/helga-digital-agency","https://www.awwwards.com/websites/portfolio/?page=43","https://assets.awwwards.com/awards/media/cache/thumb_880_660/submissions/2024/12/67572866a5223667577126.png","2024-12-13T08:20:34Z"
"Hello Robo","hello-robo-2","submission","Design Agencies | Web & Interactive | Portfolio","https://www.awwwards.com/sites/hello-robo-2","https://www.awwwards.com/websites/portfolio/?page=32","https://assets.awwwards.com/awards/media/cache/thumb_880_660/submissions/2025/06/6840a608a08a3171433577.png","2025-06-23T09:26:46Z"
"Hello-World","hello-world-2","submission","Design Agencies | Icons | Portfolio | Retro | Experimental | UI design | Microinteractions | Footer Design","https://www.awwwards.com/sites/hello-world-2","https://www.awwwards.com/websites/portfolio/?page=33","https://assets.awwwards.com/awards/media/cache/thumb_880_660/submissions/2025/05/682e8c2612c76552698907.png","2025-05-28T09:45:29Z"
"HelloDesign","hellodesign","submission","Design Agencies | Web & Interactive | Clean | Icons | Portfolio | Typography | 3D","https://www.awwwards.com/sites/hellodesign","https://www.awwwards.com/websites/portfolio/?page=63","https://assets.awwwards.com/awards/media/cache/thumb_880_660/submissions/2024/02/65cf6bf55d701934731588.png","2024-02-22T09:25:08Z"
"HellowSTD","hellowstd","submission","Design Agencies | Web & Interactive | Clean | Graphic design | Minimal | Portfolio | Single page | UI design | Startups","https://www.awwwards.com/sites/hellowstd","https://www.awwwards.com/websites/portfolio/?page=32","https://assets.awwwards.com/awards/media/cache/thumb_880_660/submissions/2025/06/6845bc631983b035749101.png","2025-06-24T09:46:53Z"
"Héloïse Thibodeau Architecte","heloise-thibodeau-architecte-1","submission","Architecture | Clean | Minimal | Portfolio | Gallery | Microinteractions | Project Page","https://www.awwwards.com/sites/heloise-thibodeau-architecte-1","https://www.awwwards.com/websites/portfolio/?page=47","https://assets.awwwards.com/awards/media/cache/thumb_880_660/submissions/2024/09/66ef2acc78294066435894.jpg","2024-10-14T00:00:00Z"
"Henning Larsen","henning-larsen","submission","Architecture | Business & Corporate | Promotional | Graphic design | Photographic | Portfolio | Typography | 3D | Content architecture","https://www.awwwards.com/sites/henning-larsen","https://www.awwwards.com/websites/portfolio/?page=56","https://assets.awwwards.com/awards/media/cache/thumb_880_660/submissions/2024/05/66473dd258d84358076344.png","2024-05-24T07:21:47Z"
"Henning Tillmann","henning-tillmann","submission","Design Agencies | Technology | Web & Interactive | Graphic design | Portfolio | Single page | GSAP | Angular | UI design | Tailwind","https://www.awwwards.com/sites/henning-tillmann","https://www.awwwards.com/websites/portfolio/?page=29","https://assets.awwwards.com/awards/media/cache/thumb_880_660/submissions/2025/07/687e0cb5e385e560171070.jpg","2025-08-03T12:03:00Z"
"Henri Heymans '25","henri-heymans-25","submission","Design Agencies | Promotional | Web & Interactive | Animation | Minimal | Portfolio | Gallery | About Page","https://www.awwwards.com/sites/henri-heymans-25","https://www.awwwards.com/websites/portfolio/?page=39","https://assets.awwwards.com/awards/media/cache/thumb_880_660/submissions/2025/02/67b86463f3f66993332342.jpg","2025-02-25T00:00:00Z"
"Hero Collective","hero-collective","submission","Culture & Education | Design Agencies | Film & TV | Animation | Portfolio | Typography | Transitions | Gallery | Microinteractions","https://www.awwwards.com/sites/hero-collective","https://www.awwwards.com/websites/portfolio/?page=62","https://assets.awwwards.com/awards/media/cache/thumb_880_660/submissions/2024/02/65d5dfa86d2bc920892586.png","2024-03-04T00:00:00Z"
"Hero Studios","hero-studios","submission","Art & Illustration | Design Agencies | Clean | Colorful | Portfolio | Craft CMS | After Effects | Figma","https://www.awwwards.com/sites/hero-studios","https://www.awwwards.com/websites/portfolio/?page=10","https://assets.awwwards.com/awards/media/cache/thumb_880_660/submissions/2026/06/6a1f2ef8e5eee142958569.png","2026-06-16T09:58:15Z"
"Hey, You Did It!","hey-you-did-it","submission","Culture & Education | Web & Interactive | Portfolio | Experimental | 3D","https://www.awwwards.com/sites/hey-you-did-it","https://www.awwwards.com/websites/portfolio/?page=45","https://assets.awwwards.com/awards/media/cache/thumb_880_660/submissions/2024/10/671f78921f10e502599781.jpg","2024-11-07T06:36:00Z"
"heydaysss company website","heydaysss-company-website","submission","Design Agencies | Web & Interactive | Clean | Minimal | Portfolio | Responsive","https://www.awwwards.com/sites/heydaysss-company-website","https://www.awwwards.com/websites/portfolio/?page=48","https://assets.awwwards.com/awards/media/cache/thumb_880_660/submissions/2024/09/66fa67e05078a333536918.jpg","2024-10-07T05:51:00Z"
"Heyia STUDIO","heyia-studio","submission","Art & Illustration | Design Agencies | Web & Interactive | Animation | Minimal | Portfolio | Scrolling | Responsive | Project Page","https://www.awwwards.com/sites/heyia-studio","https://www.awwwards.com/websites/portfolio/?page=36","https://assets.awwwards.com/awards/media/cache/thumb_880_660/submissions/2025/04/67ef99e620f98535151245.jpg","2025-04-07T05:46:22Z"
"HG/DES — Portfolio©26","hg-des-portfolio-c-26","submission","Design Agencies | Technology | Animation | Minimal | Portfolio | Responsive Design | Typography | Experimental | GSAP | Interaction Design | Lottie | Webflow","https://www.awwwards.com/sites/hg-des-portfolio-c-26","https://www.awwwards.com/websites/portfolio/?page=17","https://assets.awwwards.com/awards/media/cache/thumb_880_660/submissions/2026/02/699f3b210839d408897043.png","2026-03-09T11:44:00Z"
"hhart.studio","hhart-studio","submission","Design Agencies | Web & Interactive | Minimal | Portfolio | Typography | Photography | Illustration | Gestures / Interaction","https://www.awwwards.com/sites/hhart-studio","https://www.awwwards.com/websites/portfolio/?page=58","https://assets.awwwards.com/awards/media/cache/thumb_880_660/submissions/2024/04/66294f7f1dfd1942746985.png","2024-05-03T08:45:03Z"
"Hiroto Sato","hiroto-sato","submission","Web & Interactive | Portfolio | WebGL | GSAP | 3D | Blender","https://www.awwwards.com/sites/hiroto-sato","https://www.awwwards.com/websites/portfolio/?page=7","https://assets.awwwards.com/awards/media/cache/thumb_880_660/submissions/2026/06/6a2350e835c25552416805.png","2026-07-17T00:00:00Z"
"HJM Studio","hjm-studio","submission","Design Agencies | Web & Interactive | Animation | Clean | Minimal | Portfolio | Responsive Design | Typography","https://www.awwwards.com/sites/hjm-studio","https://www.awwwards.com/websites/portfolio/?page=55","https://assets.awwwards.com/awards/media/cache/thumb_880_660/submissions/2024/06/666370ac2c831747921128.png","2024-06-17T05:28:19Z"
"HKI.Paris","hki-paris-2","submission","Design Agencies | Technology | Web & Interactive | Animation | Graphic design | Portfolio | Storytelling | 3D | Photo & Video","https://www.awwwards.com/sites/hki-paris-2","https://www.awwwards.com/websites/portfolio/?page=41","https://assets.awwwards.com/awards/media/cache/thumb_880_660/submissions/2025/01/6790d2958eb2b604246812.png","2025-02-05T07:36:00Z"
"Hocus Pocus Studio","hocus-pocus-studio-2","submission","Film & TV | Games & Entertainment | Music & Sound | Clean | Minimal | Parallax | Portfolio | 3D | Photo & Video","https://www.awwwards.com/sites/hocus-pocus-studio-2","https://www.awwwards.com/websites/portfolio/?page=43","https://assets.awwwards.com/awards/media/cache/thumb_880_660/submissions/2024/12/674de3744dcbd844779145.jpg","2024-12-12T08:19:51Z"
"HODO HODO DESIGN ®","hodo-hodo-design-r","submission","Design Agencies | Colorful | Minimal | Parallax | Portfolio | Responsive Design | Experimental | Interaction Design | Startups","https://www.awwwards.com/sites/hodo-hodo-design-r","https://www.awwwards.com/websites/portfolio/?page=47","https://assets.awwwards.com/awards/media/cache/thumb_880_660/submissions/2024/10/67077d6017e0c911334768.jpg","2024-10-16T05:39:21Z"
"Holmes PTA","holmes-pta","submission","Culture & Education | Portfolio | Webflow","https://www.awwwards.com/sites/holmes-pta","https://www.awwwards.com/websites/portfolio/?page=7","https://assets.awwwards.com/awards/media/cache/thumb_880_660/submissions/2026/07/6a4655376abed033301582.png","2026-07-18T09:25:00Z"
"Hoot and a Half","hoot-and-a-half","submission","Art & Illustration | Design Agencies | Web & Interactive | Graphic design | Portfolio | Responsive Design | Gallery | Illustration | Interaction Design","https://www.awwwards.com/sites/hoot-and-a-half","https://www.awwwards.com/websites/portfolio/?page=68","https://assets.awwwards.com/awards/media/cache/thumb_880_660/submissions/2023/12/656ddf8d05a1f677047182.png","2023-12-11T09:35:03Z"
"House of 207","house-of-207","submission","Art & Illustration | Design Agencies | Web & Interactive | Colorful | Parallax | Portfolio | Responsive Design | Scrolling | Interaction Design","https://www.awwwards.com/sites/house-of-207","https://www.awwwards.com/websites/portfolio/?page=57","https://assets.awwwards.com/awards/media/cache/thumb_880_660/submissions/2024/05/663c2aa031c07508183885.jpg","2024-05-15T08:20:43Z"
"House of Adjaycent","house-of-adjaycent","submission","Art & Illustration | Design Agencies | Animation | CSS | Graphic design | HTML5 | Minimal | Portfolio | Typography | Video | After Effects","https://www.awwwards.com/sites/house-of-adjaycent","https://www.awwwards.com/websites/portfolio/?page=14","https://assets.awwwards.com/awards/media/cache/thumb_880_660/submissions/2026/04/69d527b801ef9061417912.jpg","2026-04-18T10:22:00Z"
"House of Honey","house-of-honey-1","submission","Architecture | Culture & Education | Minimal | Portfolio | Typography | Copy design | Interaction Design | Microinteractions | Motion | Next.js | Sanity | Luxury","https://www.awwwards.com/sites/house-of-honey-1","https://www.awwwards.com/websites/portfolio/?page=8","https://assets.awwwards.com/awards/media/cache/thumb_880_660/submissions/2026/05/6a1c09bf6c5f3457361940.jpg","2026-07-14T00:00:00Z"
"Hovig Hagopian","hovig-hagopian","submission","Film & TV | Portfolio | Video | Gallery","https://www.awwwards.com/sites/hovig-hagopian","https://www.awwwards.com/websites/portfolio/?page=38","https://assets.awwwards.com/awards/media/cache/thumb_880_660/submissions/2025/02/67bd91d5793ba114174467.png","2025-03-13T07:26:40Z"
"HPPY Agency Website","hppy-agency-website","submission","Business & Corporate | Design Agencies | Web & Interactive | Colorful | Parallax | Portfolio | Responsive Design | 3D | Photo & Video","https://www.awwwards.com/sites/hppy-agency-website","https://www.awwwards.com/websites/portfolio/?page=58","https://assets.awwwards.com/awards/media/cache/thumb_880_660/submissions/2024/04/66295707032a0028036416.jpg","2024-04-25T08:29:54Z"
"http://elghalbzouriadnan.com/","http-elghalbzouriadnan-com","submission","Mobile & Apps | Technology | Web & Interactive | Portfolio","https://www.awwwards.com/sites/http-elghalbzouriadnan-com","https://www.awwwards.com/websites/portfolio/?page=59","https://assets.awwwards.com/awards/media/cache/thumb_880_660/submissions/2024/04/6620c00dd07ba038785755.png","2024-04-22T08:55:44Z"
"https://aquirin.com/","https-aquirin-com","submission","Art & Illustration | Web & Interactive | Graphic design | Portfolio | Responsive Design | Illustration | Experimental | Gallery | PixiJS | UI design","https://www.awwwards.com/sites/https-aquirin-com","https://www.awwwards.com/websites/portfolio/?page=3","https://assets.awwwards.com/awards/media/cache/thumb_880_660/submissions/2026/08/6a8db9bae3e27191307682.png","2026-09-07T09:03:42Z"
"https://bfd.su","https-bfd-su","submission","Design Agencies | Web & Interactive | Animation | Colorful | Graphic design | Portfolio | Responsive | UI design","https://www.awwwards.com/sites/https-bfd-su","https://www.awwwards.com/websites/portfolio/?page=68","https://assets.awwwards.com/awards/media/cache/thumb_880_660/submissions/2023/11/65686ab1f26dd454568023.png","2023-12-05T09:33:57Z"
"https://lafiorellaia.it/","https-lafiorellaia-it","submission","E-Commerce | Events | Fashion | Clean | Flat Design | Portfolio | WooCommerce","https://www.awwwards.com/sites/https-lafiorellaia-it","https://www.awwwards.com/websites/portfolio/?page=44","https://assets.awwwards.com/awards/media/cache/thumb_880_660/submissions/2024/11/673b516507ccf302829386.jpg","2024-11-27T05:41:00Z"
"https://madebycat.com/","https-madebycat-com","submission","Design Agencies | Animation | Clean | Portfolio | Three.js | React | Content architecture | Interaction Design | Typescript","https://www.awwwards.com/sites/https-madebycat-com","https://www.awwwards.com/websites/portfolio/?page=12","https://assets.awwwards.com/awards/media/cache/thumb_880_660/submissions/2026/04/69f2573fe37b3660854192.png","2026-05-09T12:00:39Z"
"https://robmaran.com","https-robmaran-com","submission","Technology | Web & Interactive | Clean | Minimal | Portfolio | Single page | Experimental | Craft CMS | Content architecture | Interaction Design | Vanilla JS | Tailwind","https://www.awwwards.com/sites/https-robmaran-com","https://www.awwwards.com/websites/portfolio/?page=20","https://assets.awwwards.com/awards/media/cache/thumb_880_660/submissions/2026/01/696829925bf1a434286466.png","2026-01-25T13:22:58Z"
"https://wearedelta.it/","https-wearedelta-it","submission","Design Agencies | Web & Interactive | Fullscreen | Graphic design | Portfolio | Anime.js | Adobe XD","https://www.awwwards.com/sites/https-wearedelta-it","https://www.awwwards.com/websites/portfolio/?page=29","https://assets.awwwards.com/awards/media/cache/thumb_880_660/submissions/2025/07/687a671def496219596843.png","2025-08-04T09:51:08Z"
"https://www.gargoyle.site/","https-www-gargoyle-site","submission","Art & Illustration | Web & Interactive | Big Background Images | Fullscreen | Minimal | Portfolio | Single page | Wix Studio","https://www.awwwards.com/sites/https-www-gargoyle-site","https://www.awwwards.com/websites/portfolio/?page=21","https://assets.awwwards.com/awards/media/cache/thumb_880_660/submissions/2025/12/6944398500841240047699.png","2026-01-02T10:44:00Z"
"https://www.jeh.it/","https-www-jeh-it","submission","Design Agencies | Wordpress | Graphic design | Infinite Scroll | Portfolio | Scrolling","https://www.awwwards.com/sites/https-www-jeh-it","https://www.awwwards.com/websites/portfolio/?page=16","https://assets.awwwards.com/awards/media/cache/thumb_880_660/submissions/2026/03/69a5c306a0834457309129.jpg","2026-03-12T11:07:24Z"
"https://www.mosaicist.com/","https-www-mosaicist-com","submission","Architecture | Art & Illustration | Business & Corporate | Animation | Portfolio | Gallery | Storytelling | Content architecture | Photo & Video | Webflow | After Effects | Figma","https://www.awwwards.com/sites/https-www-mosaicist-com","https://www.awwwards.com/websites/portfolio/?page=8","https://assets.awwwards.com/awards/media/cache/thumb_880_660/submissions/2026/06/6a355420464bd254380947.png","2026-07-05T10:04:00Z"
"https://www.parinazkassemi.com","https-www-parinazkassemi-com","submission","Business & Corporate | Mobile & Apps | Animation | Portfolio | Transitions | Experimental | 3D | Motion | Figma | Framer","https://www.awwwards.com/sites/https-www-parinazkassemi-com","https://www.awwwards.com/websites/portfolio/?page=14","https://assets.awwwards.com/awards/media/cache/thumb_880_660/submissions/2026/03/69c69ea4baded642476222.png","2026-04-06T10:05:00Z"
"https://www.studiomaker.nl/","https-www-studiomaker-nl","submission","Design Agencies | Animation | Colorful | Graphic design | Portfolio","https://www.awwwards.com/sites/https-www-studiomaker-nl","https://www.awwwards.com/websites/portfolio/?page=42","https://assets.awwwards.com/awards/media/cache/thumb_880_660/submissions/2024/12/676414ce4bd6f083931198.jpg","2025-01-14T07:35:00Z"
"https://www.withradiance.com/","https-www-withradiance-com","submission","Design Agencies | Technology | Web & Interactive | Animation | Portfolio | Data Visualization | Webflow","https://www.awwwards.com/sites/https-www-withradiance-com","https://www.awwwards.com/websites/portfolio/?page=16","https://assets.awwwards.com/awards/media/cache/thumb_880_660/submissions/2026/02/69a22b06b72c2633574991.png","2026-03-14T11:44:18Z"
"HustleJar","hustlejar","submission","Art & Illustration | Design Agencies | Animation | Flat Design | Portfolio | Responsive Design | Illustration | UI design | Startups","https://www.awwwards.com/sites/hustlejar","https://www.awwwards.com/websites/portfolio/?page=61","https://assets.awwwards.com/awards/media/cache/thumb_880_660/submissions/2024/03/65ef63baf1b59817930317.png","2024-03-25T09:28:50Z"
"Huukei-Design.LLC","huukei-design-llc","submission","Architecture | Portfolio | Responsive Design | Transitions","https://www.awwwards.com/sites/huukei-design-llc","https://www.awwwards.com/websites/portfolio/?page=57","https://assets.awwwards.com/awards/media/cache/thumb_880_660/submissions/2024/05/66383774e6fc6443565784.jpg","2024-05-14T08:34:35Z"
"Huy Nguyen Portfolio","huy-nguyen-portfolio","submission","Other | Technology | Web & Interactive | Animation | Minimal | Portfolio | Typography | Microinteractions","https://www.awwwards.com/sites/huy-nguyen-portfolio","https://www.awwwards.com/websites/portfolio/?page=65","https://assets.awwwards.com/awards/media/cache/thumb_880_660/submissions/2024/01/65af17e09f99a629837278.png","2024-01-23T09:18:43Z"
"Huy Phan Vol.2","huy-phan-vol-2","submission","Promotional | Web & Interactive | Clean | Portfolio | Typography | Illustration | GSAP | Three.js | Filters and Effects | About Page | Framer","https://www.awwwards.com/sites/huy-phan-vol-2","https://www.awwwards.com/websites/portfolio/?page=3","https://assets.awwwards.com/awards/media/cache/thumb_880_660/submissions/2026/08/6a8c16494e7ac039645572.jpg","2026-09-05T15:15:27Z"
"Hype Type Studio","hype-type-studio","submission","Design Agencies | Web & Interactive | Clean | Graphic design | Navigation Menu | Portfolio | Typography | Transitions | Experimental","https://www.awwwards.com/sites/hype-type-studio","https://www.awwwards.com/websites/portfolio/?page=54","https://assets.awwwards.com/awards/media/cache/thumb_880_660/submissions/2024/06/6673b23c56c14326003277.jpg","2024-06-28T06:12:53Z"
"Hypsos","hypsos","submission","Architecture | Culture & Education | Events | Graphic design | Navigation Menu | Portfolio | Transitions | Microinteractions","https://www.awwwards.com/sites/hypsos","https://www.awwwards.com/websites/portfolio/?page=61","https://assets.awwwards.com/awards/media/cache/thumb_880_660/submissions/2024/03/65faf7b98df6d402449206.jpg","2024-03-27T08:40:51Z"
"IAMJAMES","iamjames","submission","Design Agencies | Other | Web & Interactive | Clean | Minimal | Portfolio | Responsive Design | Video | UI design","https://www.awwwards.com/sites/iamjames","https://www.awwwards.com/websites/portfolio/?page=37","https://assets.awwwards.com/awards/media/cache/thumb_880_660/submissions/2025/03/67d8faa1beb26239477418.jpg","2025-04-01T05:59:40Z"
"IAMNICOLA.AI","iamnicola-ai","submission","Technology | Web & Interactive | Portfolio | Responsive Design | Experimental | Interaction Design | UI design","https://www.awwwards.com/sites/iamnicola-ai","https://www.awwwards.com/websites/portfolio/?page=64","https://assets.awwwards.com/awards/media/cache/thumb_880_660/submissions/2024/02/65c0a4b8a7677194978263.jpg","2024-02-09T10:22:02Z"
"IamTiago","iamtiago","submission","Design Agencies | Promotional | Web & Interactive | Clean | Graphic design | Portfolio | Scrolling | Transitions | Three.js | UI design | Javascript | Figma","https://www.awwwards.com/sites/iamtiago","https://www.awwwards.com/websites/portfolio/?page=22","https://assets.awwwards.com/awards/media/cache/thumb_880_660/submissions/2025/11/6923a14bac194118907326.jpg","2025-12-02T12:30:14Z"
"Ian Coad DP","ian-coad-dp","submission","Film & TV | Big Background Images | Clean | Infinite Scroll | Portfolio | Transitions | Three.js | React | 3D | Sanity","https://www.awwwards.com/sites/ian-coad-dp","https://www.awwwards.com/websites/portfolio/?page=8","https://assets.awwwards.com/awards/media/cache/thumb_880_660/submissions/2026/06/6a3ed72a5afb7913328076.png","2026-07-14T09:41:11Z"
"ianaldous.com","ianaldous-com","submission","Architecture | Technology | Web & Interactive | Portfolio | Framer","https://www.awwwards.com/sites/ianaldous-com","https://www.awwwards.com/websites/portfolio/?page=11","https://assets.awwwards.com/awards/media/cache/thumb_880_660/submissions/2026/05/6a0bf81ed1bdf226216888.jpg","2026-05-19T10:01:00Z"
"Iara Tavares - Art Director","iara-tavares-art-director","submission","Art & Illustration | Design Agencies | Web & Interactive | Clean | Colorful | CSS | Flat Design | Graphic design | HTML5 | Portfolio | Illustration | Adobe Photoshop","https://www.awwwards.com/sites/iara-tavares-art-director","https://www.awwwards.com/websites/portfolio/?page=30","https://assets.awwwards.com/awards/media/cache/thumb_880_660/submissions/2025/07/6863db2683191054359762.jpg","2025-07-18T10:52:59Z"
"Ibrahem Ghareib – Portfolio","ibrahem-ghareib-portfolio","submission","Film & TV | Other | Animation | Portfolio | Typography | Video | Photography | Photo & Video | UI design | Figma | Tilda","https://www.awwwards.com/sites/ibrahem-ghareib-portfolio","https://www.awwwards.com/websites/portfolio/?page=14","https://assets.awwwards.com/awards/media/cache/thumb_880_660/submissions/2026/03/69c4efd783f2e464373094.png","2026-04-03T12:11:39Z"
"Ibrahim's 3D-Portfolio","ibrahims-3d-portfolio","submission","Games & Entertainment | Web & Interactive | Animation | Portfolio | Transitions | Sound-Audio | 3D | Gestures / Interaction","https://www.awwwards.com/sites/ibrahims-3d-portfolio","https://www.awwwards.com/websites/portfolio/?page=40","https://assets.awwwards.com/awards/media/cache/thumb_880_660/submissions/2025/02/67a0bdd730afa303292647.png","2025-02-13T07:20:08Z"
"ID Studio Web Agency","id-studio-web-agency","submission","Business & Corporate | Design Agencies | Web & Interactive | Animation | Parallax | Portfolio | 3D | Gestures / Interaction | Footer Design","https://www.awwwards.com/sites/id-studio-web-agency","https://www.awwwards.com/websites/portfolio/?page=40","https://assets.awwwards.com/awards/media/cache/thumb_880_660/submissions/2025/01/679c92d598e8d876440824.png","2025-02-13T07:19:14Z"
"ideapeel","ideapeel","submission","Design Agencies | Web & Interactive | Animation | Portfolio | SEO | UI design | Microinteractions | Startups | Contentful","https://www.awwwards.com/sites/ideapeel","https://www.awwwards.com/websites/portfolio/?page=50","https://assets.awwwards.com/awards/media/cache/thumb_880_660/submissions/2024/08/66ce2f3b4bfd3341965147.png","2024-09-03T05:45:40Z"
"iDEAS","ideas","submission","Architecture | Clean | Minimal | Portfolio | Responsive Design | Transitions | Microinteractions","https://www.awwwards.com/sites/ideas","https://www.awwwards.com/websites/portfolio/?page=37","https://assets.awwwards.com/awards/media/cache/thumb_880_660/submissions/2025/03/67d147ea7f750877543302.jpg","2025-03-24T06:51:17Z"
"IDST","idst","submission","Architecture | Art & Illustration | CSS | Portfolio | Illustration | Filters and Effects | Microinteractions | Javascript | Luxury","https://www.awwwards.com/sites/idst","https://www.awwwards.com/websites/portfolio/?page=25","https://assets.awwwards.com/awards/media/cache/thumb_880_660/submissions/2025/10/68ddaad41d616186906702.png","2025-10-12T11:31:22Z"
"Idyllic Disruptive Design","idyllic-disruptive-design","submission","Design Agencies | Web & Interactive | Animation | Wordpress | Graphic design | Portfolio | Photography | GSAP | PHP | Gestures / Interaction | Photo & Video | Contact Page","https://www.awwwards.com/sites/idyllic-disruptive-design","https://www.awwwards.com/websites/portfolio/?page=13","https://assets.awwwards.com/awards/media/cache/thumb_880_660/submissions/2026/04/69e423bfcddb7611113752.png","2026-04-29T09:33:46Z"
"IHEARTCOMIX","iheartcomix","submission","Film & TV | Games & Entertainment | Web & Interactive | Animation | Colorful | Portfolio | Unusual Navigation | Transitions | Gestures / Interaction","https://www.awwwards.com/sites/iheartcomix","https://www.awwwards.com/websites/portfolio/?page=38","https://assets.awwwards.com/awards/media/cache/thumb_880_660/submissions/2025/02/679e90447b5b6549242158.jpg","2025-03-05T00:00:00Z"
"IL CAPO PRODUCTION","il-capo-production","submission","Film & TV | Animation | Portfolio | Photo & Video | Prismic | Next.js | Tailwind","https://www.awwwards.com/sites/il-capo-production","https://www.awwwards.com/websites/portfolio/?page=9","https://assets.awwwards.com/awards/media/cache/thumb_880_660/submissions/2026/05/6a0747c2b755f314329692.jpg","2026-06-25T00:00:00Z"
"Ileana Schinder ARQ","ileana-schinder-arq","submission","Architecture | Portfolio | Gallery | About Page | Project Page","https://www.awwwards.com/sites/ileana-schinder-arq","https://www.awwwards.com/websites/portfolio/?page=44","https://assets.awwwards.com/awards/media/cache/thumb_880_660/submissions/2024/11/673b6f16a3188819719941.png","2024-11-28T06:27:08Z"
"ilithya.rocks","ilithya-rocks-1","submission","Technology | Web & Interactive | CSS | Graphic design | Portfolio | WebGL | Experimental | Responsive | Three.js | 3D | Filters and Effects | Interaction Design","https://www.awwwards.com/sites/ilithya-rocks-1","https://www.awwwards.com/websites/portfolio/?page=14","https://assets.awwwards.com/awards/media/cache/thumb_880_660/submissions/2026/04/69d4e1b1ba2e8465137518.jpeg","2026-04-17T10:41:00Z"
"Imagerie Films","imagerie-films","submission","Art & Illustration | Film & TV | Animation | Wordpress | Portfolio | Video | Transitions | GSAP | Photo & Video | Canvas API","https://www.awwwards.com/sites/imagerie-films","https://www.awwwards.com/websites/portfolio/?page=27","https://assets.awwwards.com/awards/media/cache/thumb_880_660/submissions/2025/08/68a6fa8d065ca207489553.jpg","2025-08-31T16:23:02Z"
"Immersive Branding Portfolio","immersive-branding-portfolio","submission","Design Agencies | Web & Interactive | Fullscreen | Portfolio | Typography | Video | Storytelling | Interaction Design | Figma | Luxury | Wix Studio","https://www.awwwards.com/sites/immersive-branding-portfolio","https://www.awwwards.com/websites/portfolio/?page=21","https://assets.awwwards.com/awards/media/cache/thumb_880_660/submissions/2025/12/694e540a48d82036393569.png","2026-01-04T12:39:57Z"
"Imprint: Hebbia Design Studio","imprint-hebbia-design-studio","submission","Institutions | Web & Interactive | HTML5 | Portfolio | Typography | WebGL | Responsive | Three.js | 3D | Filters and Effects | Footer Design | Startups","https://www.awwwards.com/sites/imprint-hebbia-design-studio","https://www.awwwards.com/websites/portfolio/?page=10","https://assets.awwwards.com/awards/media/cache/thumb_880_660/submissions/2026/05/6a1c632bc2722536682866.jpg","2026-06-13T13:52:00Z"
"Improvs","improvs","submission","Design Agencies | Technology | Web & Interactive | Animation | Portfolio | Responsive Design | 3D | Interaction Design | UI design","https://www.awwwards.com/sites/improvs","https://www.awwwards.com/websites/portfolio/?page=53","https://assets.awwwards.com/awards/media/cache/thumb_880_660/submissions/2024/06/667e22d5b4f85624470261.png","2024-07-09T04:22:00Z"
"In Development Studios","in-development-studios","submission","Design Agencies | Film & TV | Clean | Graphic design | Minimal | Portfolio | Responsive | Photo & Video | Lottie | Webflow | Figma","https://www.awwwards.com/sites/in-development-studios","https://www.awwwards.com/websites/portfolio/?page=2","https://assets.awwwards.com/awards/media/cache/thumb_880_660/submissions/2026/09/6a984b2a0e90b868501862.jpg","2026-09-15T09:33:05Z"
"Indaco","indaco","submission","Design Agencies | Film & TV | Web & Interactive | Colorful | Flat Design | Minimal | Portfolio | Typography | WebGL | Transitions | Figma","https://www.awwwards.com/sites/indaco","https://www.awwwards.com/websites/portfolio/?page=18","https://assets.awwwards.com/awards/media/cache/thumb_880_660/submissions/2026/02/6985efc909e7e207702437.png","2026-02-18T12:24:00Z"
"Inette","inette","submission","Design Agencies | Web & Interactive | Animation | Minimal | Portfolio | Typography | 3D | Header Design | Framer","https://www.awwwards.com/sites/inette","https://www.awwwards.com/websites/portfolio/?page=46","https://assets.awwwards.com/awards/media/cache/thumb_880_660/submissions/2024/10/67176c1bbb626752670143.png","2024-10-31T06:32:03Z"
"infosion","infosion","submission","Design Agencies | Web & Interactive | Clean | Wordpress | Flat Design | Portfolio","https://www.awwwards.com/sites/infosion","https://www.awwwards.com/websites/portfolio/?page=14","https://assets.awwwards.com/awards/media/cache/thumb_880_660/submissions/2026/04/69ced07c7ed98545231253.png","2026-04-15T10:25:00Z"
"Infty Global","infty-global","submission","Design Agencies | Clean | Graphic design | Minimal | Portfolio | Video | Content architecture","https://www.awwwards.com/sites/infty-global","https://www.awwwards.com/websites/portfolio/?page=50","https://assets.awwwards.com/awards/media/cache/thumb_880_660/submissions/2024/08/66cb2539c22e9592218147.png","2024-09-05T06:03:39Z"
"Ingrao","ingrao","submission","Architecture | Design Agencies | Clean | Portfolio | Gallery | Gestures / Interaction | Real Estate | Microinteractions","https://www.awwwards.com/sites/ingrao","https://www.awwwards.com/websites/portfolio/?page=32","https://assets.awwwards.com/awards/media/cache/thumb_880_660/submissions/2025/06/6846f517a5ebe875286533.jpg","2025-06-17T09:42:00Z"
"INKA Architectural Studio","inka-architectural-studio","submission","Architecture | Business & Corporate | Promotional | Clean | Flat Design | Minimal | Portfolio | Responsive Design | Gallery","https://www.awwwards.com/sites/inka-architectural-studio","https://www.awwwards.com/websites/portfolio/?page=56","https://assets.awwwards.com/awards/media/cache/thumb_880_660/submissions/2024/05/664f27ff0f9cc482051303.jpg","2024-05-30T10:34:13Z"
"Innostart","innostart","submission","Business & Corporate | Web & Interactive | Animation | Big Background Images | Colorful | Fullscreen | Portfolio | Responsive Design | Startups | Framer","https://www.awwwards.com/sites/innostart","https://www.awwwards.com/websites/portfolio/?page=23","https://assets.awwwards.com/awards/media/cache/thumb_880_660/submissions/2025/11/69076c9596543030542745.jpg","2025-11-12T11:40:00Z"
"Inspirux Design Studio","inspirux-design-studio","submission","Design Agencies | Web & Interactive | Animation | Parallax | Portfolio | Gallery | Interaction Design | Startups | next.js","https://www.awwwards.com/sites/inspirux-design-studio","https://www.awwwards.com/websites/portfolio/?page=48","https://assets.awwwards.com/awards/media/cache/thumb_880_660/submissions/2024/09/66ea051c77fc7228431903.jpg","2024-09-30T05:43:00Z"
"Intentional Elizabeth","intentional-elizabeth","submission","Web & Interactive | Clean | Minimal | Portfolio | Transitions | Microinteractions | Project Page","https://www.awwwards.com/sites/intentional-elizabeth","https://www.awwwards.com/websites/portfolio/?page=38","https://assets.awwwards.com/awards/media/cache/thumb_880_660/submissions/2025/02/67c05307ed823288786775.png","2025-03-12T07:33:03Z"
"Inter Inter","inter-inter","submission","Design Agencies | Technology | Web & Interactive | Navigation Menu | Portfolio | Responsive Design | Interaction Design | UI design | Microinteractions | Motion | Webflow | Figma","https://www.awwwards.com/sites/inter-inter","https://www.awwwards.com/websites/portfolio/?page=18","https://assets.awwwards.com/awards/media/cache/thumb_880_660/submissions/2026/01/697bc4e2bec6e117618431.png","2026-02-11T11:30:00Z"
"Internalities","internalities","submission","Architecture | Culture & Education | Animation | CSS | Portfolio | Gallery | GSAP","https://www.awwwards.com/sites/internalities","https://www.awwwards.com/websites/portfolio/?page=27","https://assets.awwwards.com/awards/media/cache/thumb_880_660/submissions/2025/07/687f5cd4df5b2443917123.png","2025-09-07T00:00:00Z"
"International Supply","international-supply","submission","Business & Corporate | Hotel / Restaurant | Web & Interactive | Animation | Clean | Navigation Menu | Photographic | Portfolio | Gallery","https://www.awwwards.com/sites/international-supply","https://www.awwwards.com/websites/portfolio/?page=57","https://assets.awwwards.com/awards/media/cache/thumb_880_660/submissions/2024/05/664289a988496408373009.jpg","2024-05-19T10:12:44Z"
"interpreter's personal website","interpreters-personal-website","submission","Culture & Education | Web & Interactive | Animation | Portfolio | Retro | Web Fonts","https://www.awwwards.com/sites/interpreters-personal-website","https://www.awwwards.com/websites/portfolio/?page=45","https://assets.awwwards.com/awards/media/cache/thumb_880_660/submissions/2024/10/672130ed02ee2613466994.png","2024-11-08T05:15:11Z"
"Investor 3D Website I PeachWeb","investor-3d-website-i-peachweb","submission","Technology | Web & Interactive | Animation | Portfolio | 3D | Startups","https://www.awwwards.com/sites/investor-3d-website-i-peachweb","https://www.awwwards.com/websites/portfolio/?page=37","https://assets.awwwards.com/awards/media/cache/thumb_880_660/submissions/2025/03/67d942c25e9e2631949332.png","2025-03-27T07:35:39Z"
"Iper","iper","submission","Design Agencies | Film & TV | Promotional | Animation | Portfolio | Scrolling | Typography | Video | Storytelling | GSAP | Webflow | Figma","https://www.awwwards.com/sites/iper","https://www.awwwards.com/websites/portfolio/?page=9","https://assets.awwwards.com/awards/media/cache/thumb_880_660/submissions/2026/05/6a01587402894490288813.png","2026-06-23T09:57:25Z"
"Irene Butenko – Folio ’24","irene-butenko-folio-24","submission","Web & Interactive | Clean | Minimal | Portfolio | Typography | Responsive","https://www.awwwards.com/sites/irene-butenko-folio-24","https://www.awwwards.com/websites/portfolio/?page=47","https://assets.awwwards.com/awards/media/cache/thumb_880_660/submissions/2024/10/67032a6739bfd270052638.png","2024-10-17T08:38:39Z"
"Irina Moi Portfolio","irina-moi-portfolio","submission","Other | Web & Interactive | Animation | CSS | Portfolio | Typography | Storytelling | GSAP | Microinteractions | Project Page | Javascript","https://www.awwwards.com/sites/irina-moi-portfolio","https://www.awwwards.com/websites/portfolio/?page=9","https://assets.awwwards.com/awards/media/cache/thumb_880_660/submissions/2026/06/6a2814d73da05842324301.jpg","2026-06-24T10:25:00Z"
"Irina's portfolio","irinas-portfolio","submission","Web & Interactive | Fullscreen | Minimal | Portfolio | Web Fonts | 404 pages","https://www.awwwards.com/sites/irinas-portfolio","https://www.awwwards.com/websites/portfolio/?page=63","https://assets.awwwards.com/awards/media/cache/thumb_880_660/submissions/2024/02/65c3b848a6dbb340347302.png","2024-02-14T09:59:22Z"
"Iris Yirei Hu","iris-yirei-hu","submission","Art & Illustration | Web & Interactive | Wordpress | Colorful | CSS | Portfolio | Typography | Experimental | Gallery | Interaction Design | Vue.js","https://www.awwwards.com/sites/iris-yirei-hu","https://www.awwwards.com/websites/portfolio/?page=9","https://assets.awwwards.com/awards/media/cache/thumb_880_660/submissions/2026/06/6a317f972a1a9628715941.jpg","2026-06-30T09:41:00Z"
"Isabel Moranta","isabel-moranta-portfolio","submission","Promotional | Web & Interactive | Clean | Graphic design | Minimal | Portfolio | Experimental | Filters and Effects | About Page","https://www.awwwards.com/sites/isabel-moranta-portfolio","https://www.awwwards.com/websites/portfolio/?page=44","https://assets.awwwards.com/awards/media/cache/thumb_880_660/submissions/2024/11/672cd260e9e0d015330346.jpg","2024-11-26T00:00:00Z"
"ishikawa.co — Walkable Atlas","ishikawa-co-walkable-atlas","submission","Unusual Navigation | Transitions | Storytelling | Web & Interactive | Interaction Design | CSS | Canvas API | HTML5 | Portfolio | Responsive Design","https://www.awwwards.com/sites/ishikawa-co-walkable-atlas","https://www.awwwards.com/websites/portfolio/?page=5","https://assets.awwwards.com/awards/media/cache/thumb_880_660/submissions/2026/08/6a6f4041ad59e399771886.jpg","2026-08-16T19:28:36Z"
"isladjan  |  Portfolio","isladjan-portfolio","submission","Web & Interactive | Animation | Portfolio | Scrolling | Experimental | Storytelling | 3D | Interaction Design","https://www.awwwards.com/sites/isladjan-portfolio","https://www.awwwards.com/websites/portfolio/?page=33","https://assets.awwwards.com/awards/media/cache/thumb_880_660/submissions/2025/05/6823e692e5c17732213748.jpg","2025-05-28T09:46:24Z"
"It's Marco, Who?","its-marco-who","submission","Design Agencies | Other | Web & Interactive | Minimal | Portfolio | Responsive Design | Scrolling | Storytelling | GSAP | React | UI design | Javascript","https://www.awwwards.com/sites/its-marco-who","https://www.awwwards.com/websites/portfolio/?page=22","https://assets.awwwards.com/awards/media/cache/thumb_880_660/submissions/2025/12/692f0874a0866276409456.png","2025-12-11T11:30:17Z"
"ITKOMET","itkomet","submission","Design Agencies | Technology | Animation | Portfolio | Responsive Design | Retro | SEO | Illustration","https://www.awwwards.com/sites/itkomet","https://www.awwwards.com/websites/portfolio/?page=51","https://assets.awwwards.com/awards/media/cache/thumb_880_660/submissions/2024/08/66be4a4082c4b715308001.jpg","2024-08-28T06:42:05Z"
"ITP Renewables","itp-renewables","submission","Business & Corporate | Clean | Wordpress | Portfolio | Responsive Design | Menu - Vertical | React | 3D | Gestures / Interaction | Tailwind","https://www.awwwards.com/sites/itp-renewables","https://www.awwwards.com/websites/portfolio/?page=27","https://assets.awwwards.com/awards/media/cache/thumb_880_660/submissions/2025/08/68b0ef99882cc563316372.jpg","2025-08-29T11:45:46Z"
"Its just a portfolio","its-just-a-portfolio","submission","Design Agencies | Web & Interactive | Clean | Flat Design | Minimal | Portfolio | Retro | Unusual Navigation | Experimental | Framer","https://www.awwwards.com/sites/its-just-a-portfolio","https://www.awwwards.com/websites/portfolio/?page=42","https://assets.awwwards.com/awards/media/cache/thumb_880_660/submissions/2024/12/675e23e89ca5a184454973.png","2024-12-28T07:07:43Z"
"itsforgotham","itsforgotham","submission","Web & Interactive | Animation | Photographic | Portfolio | Photography | Gallery | 3D | Photo & Video","https://www.awwwards.com/sites/itsforgotham","https://www.awwwards.com/websites/portfolio/?page=65","https://assets.awwwards.com/awards/media/cache/thumb_880_660/submissions/2024/01/65a54f6a896f2591408058.png","2024-01-19T08:54:15Z"
"Ivan Duzhak","ivan-duzhak","submission","Art & Illustration | Design Agencies | Web & Interactive | Animation | Clean | Minimal | Portfolio | Typography | Microinteractions","https://www.awwwards.com/sites/ivan-duzhak","https://www.awwwards.com/websites/portfolio/?page=51","https://assets.awwwards.com/awards/media/cache/thumb_880_660/submissions/2024/08/66c06ddc7e6c0929951478.png","2024-08-28T06:44:50Z"
"IZUM","izum","submission","Design Agencies | Web & Interactive | Animation | Graphic design | Parallax | Portfolio | Typography | GSAP | PHP | UI design | Javascript","https://www.awwwards.com/sites/izum","https://www.awwwards.com/websites/portfolio/?page=26","https://assets.awwwards.com/awards/media/cache/thumb_880_660/submissions/2025/09/68c2a559b4beb433243248.png","2025-09-25T09:39:32Z"
"J Davis Construction","j-davis-construction","submission","Portfolio | Menu - Horizontal | Real Estate | UI design | Microinteractions | Nuxt.js | Figma","https://www.awwwards.com/sites/j-davis-construction","https://www.awwwards.com/websites/portfolio/?page=21","https://assets.awwwards.com/awards/media/cache/thumb_880_660/submissions/2025/12/69417307c66f2258491333.png","2025-12-29T11:05:06Z"
"JA8 Arquitetura Viva","ja8-arquitetura-viva","submission","Architecture | Big Background Images | Portfolio | Responsive Design | Scrolling | Photography | Node.js | GSAP | Content architecture | next.js | Figma | Social responsibility","https://www.awwwards.com/sites/ja8-arquitetura-viva","https://www.awwwards.com/websites/portfolio/?page=29","https://assets.awwwards.com/awards/media/cache/thumb_880_660/submissions/2025/07/687ab879a1668755516605.jpg","2025-08-01T09:38:23Z"
"Jack Elder Design","jack-elder-design","submission","Web & Interactive | Minimal | Parallax | Portfolio | Experimental | 3D | Interaction Design | UI design | Framer","https://www.awwwards.com/sites/jack-elder-design","https://www.awwwards.com/websites/portfolio/?page=45","https://assets.awwwards.com/awards/media/cache/thumb_880_660/submissions/2024/10/671f857763e90111460275.jpg","2024-11-07T06:37:00Z"
"Jack Watkins","jack-watkins-2","submission","Art & Illustration | Design Agencies | Music & Sound | Minimal | Portfolio | Typography | Storytelling | GSAP | Content architecture | Interaction Design | Webflow | Sketch","https://www.awwwards.com/sites/jack-watkins-2","https://www.awwwards.com/websites/portfolio/?page=15","https://assets.awwwards.com/awards/media/cache/thumb_880_660/submissions/2026/04/69cf819d472f3491297728.jpg","2026-04-03T12:05:00Z"
"Jack Watkins","jack-watkins-3","submission","Design Agencies | Music & Sound | Web & Interactive | Portfolio | SVG | Typography | Transitions | Storytelling | Interaction Design | Microinteractions | Webflow | Sketch","https://www.awwwards.com/sites/jack-watkins-3","https://www.awwwards.com/websites/portfolio/?page=30","https://assets.awwwards.com/awards/media/cache/thumb_880_660/submissions/2025/04/67f7d272dbda7115402994.jpg","2025-07-23T09:24:00Z"
"Jacknife","jacknife","submission","Art & Illustration | Design Agencies | Web & Interactive | Clean | Colorful | Graphic design | Portfolio | Responsive Design | Interaction Design","https://www.awwwards.com/sites/jacknife","https://www.awwwards.com/websites/portfolio/?page=62","https://assets.awwwards.com/awards/media/cache/thumb_880_660/submissions/2024/02/65dcfd4d290f9191583167.jpg","2024-03-04T09:32:17Z"
"Jacob How Portfolio","jacob-how-portfolio","submission","Art & Illustration | Design Agencies | Music & Sound | Animation | Graphic design | Portfolio | Sound-Audio | Photo & Video | UI design | Figma | Cinema 4D | Adobe Illustrator","https://www.awwwards.com/sites/jacob-how-portfolio","https://www.awwwards.com/websites/portfolio/","https://assets.awwwards.com/awards/media/cache/thumb_880_660/submissions/2026/09/6a9f60963a091966771799.jpg","2026-09-21T08:43:07Z"
"Jaéco - communication agency","jaeco-communication-agency","submission","Design Agencies | Web & Interactive | Animation | Graphic design | Portfolio | Photography | Gestures / Interaction | Interaction Design | Photo & Video | Motion | Webflow | Figma","https://www.awwwards.com/sites/jaeco-communication-agency","https://www.awwwards.com/websites/portfolio/?page=22","https://assets.awwwards.com/awards/media/cache/thumb_880_660/submissions/2025/12/692ee99db1c36468923310.png","2025-12-11T11:32:16Z"
"Jaime Wright Design Portfolio","jaime-wright-design-portfolio","submission","Art & Illustration | Web & Interactive | Graphic design | Minimal | Portfolio | Responsive Design | Typography | Unusual Navigation | Webflow | Figma","https://www.awwwards.com/sites/jaime-wright-design-portfolio","https://www.awwwards.com/websites/portfolio/?page=25","https://assets.awwwards.com/awards/media/cache/thumb_880_660/submissions/2025/09/68d6f07273e6d795162328.png","2025-10-10T09:32:00Z"
"Jam Area","jam-area","submission","Business & Corporate | Design Agencies | Web & Interactive | Clean | Portfolio | Typography","https://www.awwwards.com/sites/jam-area","https://www.awwwards.com/websites/portfolio/?page=29","https://assets.awwwards.com/awards/media/cache/thumb_880_660/submissions/2025/06/6851880bdd413163903270.jpg","2025-08-07T00:00:00Z"
"James Breedlove Portfolio","james-breedlove-portfolio","submission","Technology | Web & Interactive | Animation | Portfolio | Single page | Typography | Storytelling | React | Interaction Design | Tailwind | Framer","https://www.awwwards.com/sites/james-breedlove-portfolio","https://www.awwwards.com/websites/portfolio/?page=10","https://assets.awwwards.com/awards/media/cache/thumb_880_660/submissions/2026/06/6a20e8d41ca98870018411.jpg","2026-06-16T09:46:00Z"
"James Murray | 3D Portfolio","james-murray-3d-portfolio","submission","Promotional | Technology | HTML5 | Portfolio | WebGL | Experimental | Storytelling | Three.js | 3D | Interaction Design","https://www.awwwards.com/sites/james-murray-3d-portfolio","https://www.awwwards.com/websites/portfolio/?page=19","https://assets.awwwards.com/awards/media/cache/thumb_880_660/submissions/2026/01/697c6d20151e1444884796.PNG","2026-01-31T15:31:11Z"
"James Xi - Experience Designer","james-xi-experience-designer","submission","Art & Illustration | Design Agencies | Mobile & Apps | Animation | Parallax | Portfolio | Framer","https://www.awwwards.com/sites/james-xi-experience-designer","https://www.awwwards.com/websites/portfolio/?page=49","https://assets.awwwards.com/awards/media/cache/thumb_880_660/submissions/2024/09/66d9244042845824443520.png","2024-09-17T09:10:07Z"
"Jamie McKaye — The Instrument","jamie-mckaye-the-instrument","submission","Technology | Web & Interactive | Animation | Minimal | Portfolio | SEO | Typography | Experimental | GSAP | Three.js | Interaction Design | Next.js","https://www.awwwards.com/sites/jamie-mckaye-the-instrument","https://www.awwwards.com/websites/portfolio/?page=2","https://assets.awwwards.com/awards/media/cache/thumb_880_660/submissions/2026/08/6a904d3bf0499348701513.jpeg","2026-09-10T09:04:40Z"
"Jamie Windell","jamie-windell","submission","Business & Corporate | Other | Web & Interactive | Minimal | Portfolio | Responsive Design | Single page | Interaction Design | UI design","https://www.awwwards.com/sites/jamie-windell","https://www.awwwards.com/websites/portfolio/?page=50","https://assets.awwwards.com/awards/media/cache/thumb_880_660/submissions/2024/08/66cfb609add0b084360471.png","2024-09-10T05:30:38Z"
"Jamm","jamm","submission","Art & Illustration | Design Agencies | Web & Interactive | Animation | Portfolio | Illustration | UI design | Footer Design","https://www.awwwards.com/sites/jamm","https://www.awwwards.com/websites/portfolio/?page=52","https://assets.awwwards.com/awards/media/cache/thumb_880_660/submissions/2023/10/652550841c18e051525069.png","2024-07-25T06:30:16Z"
"JANIS SNE","janis-sne","submission","Art & Illustration | Fashion | Web & Interactive | Animation | Clean | Fullscreen | Portfolio | React | 3D | Framer","https://www.awwwards.com/sites/janis-sne","https://www.awwwards.com/websites/portfolio/?page=20","https://assets.awwwards.com/awards/media/cache/thumb_880_660/submissions/2026/01/69666fb5c0f48936307233.jpg","2026-01-23T10:15:00Z"
"Jasmine Gunarto","jasmine-gunarto","submission","Art & Illustration | Wordpress | Graphic design | Portfolio | Illustration | Gallery | GSAP | UI design | Vite","https://www.awwwards.com/sites/jasmine-gunarto","https://www.awwwards.com/websites/portfolio/?page=13","https://assets.awwwards.com/awards/media/cache/thumb_880_660/submissions/2026/03/69b5621cc3d2b288957859.png","2026-04-22T00:00:00Z"
"Jason Bergh","jason-bergh","submission","Film & TV | Music & Sound | jQuery | Portfolio | Video | Gallery | GSAP | About Page | Contact Page | 404 pages | Webflow | Luxury","https://www.awwwards.com/sites/jason-bergh","https://www.awwwards.com/websites/portfolio/?page=17","https://assets.awwwards.com/awards/media/cache/thumb_880_660/submissions/2026/01/6978ca836413e253177401.png","2026-03-03T00:00:00Z"
"Jean-Cédrik Dorélas","jean-cedrik-dorelas","submission","Web & Interactive | Animation | Portfolio | Gallery | Responsive | GSAP | React | Interaction Design | UI design | Typescript","https://www.awwwards.com/sites/jean-cedrik-dorelas","https://www.awwwards.com/websites/portfolio/?page=7","https://assets.awwwards.com/awards/media/cache/thumb_880_660/submissions/2026/07/6a505c81c5899946674301.jpg","2026-07-25T13:32:00Z"
"Jehan Legac","jehan-legac","submission","Art & Illustration | Fashion | Photographic | Portfolio | Scrolling | Illustration | Transitions | Gallery | Luxury","https://www.awwwards.com/sites/jehan-legac","https://www.awwwards.com/websites/portfolio/?page=46","https://assets.awwwards.com/awards/media/cache/thumb_880_660/submissions/2024/10/670fe35766f3a106930456.jpg","2024-10-29T07:22:00Z"
"jerimybrown.com","jerimybrown-com","submission","Promotional | Web & Interactive | Animation | CSS | HTML5 | Minimal | Portfolio | Transitions | Experimental | Interaction Design | Microinteractions | Javascript","https://www.awwwards.com/sites/jerimybrown-com","https://www.awwwards.com/websites/portfolio/?page=24","https://assets.awwwards.com/awards/media/cache/thumb_880_660/submissions/2025/10/68fc20736cdd8779874331.png","2025-10-27T11:18:39Z"
"Jery","jery","submission","Design Agencies | Technology | Web & Interactive | Animation | Clean | Navigation Menu | Portfolio | Single page | Footer Design | Framer","https://www.awwwards.com/sites/jery","https://www.awwwards.com/websites/portfolio/?page=61","https://assets.awwwards.com/awards/media/cache/thumb_880_660/submissions/2024/03/65f87da03bc94425755785.png","2024-03-22T09:52:24Z"
"Jesse Ermens","jesse-ermens","submission","Design Agencies | Web & Interactive | Portfolio | 3D | Filters and Effects | UI design | Header Design | Microinteractions","https://www.awwwards.com/sites/jesse-ermens","https://www.awwwards.com/websites/portfolio/?page=52","https://assets.awwwards.com/awards/media/cache/thumb_880_660/submissions/2024/07/669777b4147bf494108537.jpg","2024-07-29T08:54:56Z"
"Jesse Martinez / Frontend Dev","jesse-martinez-frontend-dev","submission","Technology | Web & Interactive | Animation | Minimal | Portfolio | Retro | Typography | 3D","https://www.awwwards.com/sites/jesse-martinez-frontend-dev","https://www.awwwards.com/websites/portfolio/?page=58","https://assets.awwwards.com/awards/media/cache/thumb_880_660/submissions/2024/04/662107367d792335529523.png","2024-04-25T08:33:39Z"
"Jessica Mille Architecte","jessica-mille-architecte","submission","Architecture | Design Agencies | Animation | Parallax | Portfolio | Real Estate | Project Page","https://www.awwwards.com/sites/jessica-mille-architecte","https://www.awwwards.com/websites/portfolio/?page=64","https://assets.awwwards.com/awards/media/cache/thumb_880_660/submissions/2024/01/65b145bd227f8828609738.png","2024-02-07T00:00:00Z"
"Jhosue Mesias — Portfolio","jhosue-mesias-portfolio","submission","Other | Animation | Minimal | Portfolio | Illustration | Transitions | UI design","https://www.awwwards.com/sites/jhosue-mesias-portfolio","https://www.awwwards.com/websites/portfolio/?page=42","https://assets.awwwards.com/awards/media/cache/thumb_880_660/submissions/2024/12/67671ba376033378217775.jpg","2024-12-30T06:29:38Z"
"JIEJOE","jiejoe","submission","Art & Illustration | Web & Interactive | Animation | Flat Design | Portfolio | Transitions | Experimental | Filters and Effects | Interaction Design","https://www.awwwards.com/sites/jiejoe","https://www.awwwards.com/websites/portfolio/?page=43","https://assets.awwwards.com/awards/media/cache/thumb_880_660/submissions/2024/12/675302f5c2f11460774904.png","2024-12-17T07:45:55Z"
"JIII ATELIER","jiii-atelier","submission","Art & Illustration | Design Agencies | Web & Interactive | Animation | Big Background Images | Colorful | Graphic design | Portfolio | WebGL | 3D | Next.js | Blender","https://www.awwwards.com/sites/jiii-atelier","https://www.awwwards.com/websites/portfolio/?page=29","https://assets.awwwards.com/awards/media/cache/thumb_880_660/submissions/2025/07/687f69d2db715044364016.jpg","2025-08-06T09:46:43Z"
"Jili Buro","jili-buro","submission","Design Agencies | Colorful | Minimal | Portfolio | Typography | Experimental | Content architecture | Project Page | Webflow | Javascript | Figma | Luxury","https://www.awwwards.com/sites/jili-buro","https://www.awwwards.com/websites/portfolio/?page=24","https://assets.awwwards.com/awards/media/cache/thumb_880_660/submissions/2025/10/68f5cabee9e6d529732859.png","2025-10-29T11:51:23Z"
"Jingjing Han Portfolio","jingjing-han-portfolio","submission","Design Agencies | Web & Interactive | Animation | Portfolio | Scrolling | WebGL | Responsive | Storytelling | GSAP | UI design | Lottie","https://www.awwwards.com/sites/jingjing-han-portfolio","https://www.awwwards.com/websites/portfolio/?page=7","https://assets.awwwards.com/awards/media/cache/thumb_880_660/submissions/2026/07/6a4ec07bddb5d057501848.jpg","2026-07-24T07:47:00Z"
"JingW's Product Design Works","jingws-product-design-works","submission","Business & Corporate | Mobile & Apps | Web & Interactive | Clean | Portfolio | Data Visualization | Storytelling | Project Page | Contentful","https://www.awwwards.com/sites/jingws-product-design-works","https://www.awwwards.com/websites/portfolio/?page=55","https://assets.awwwards.com/awards/media/cache/thumb_880_660/submissions/2024/05/6656a5a61f097326199666.jpg","2024-06-05T07:55:59Z"
"JM | Portfolio 2024","jm-portfolio-2024","submission","Design Agencies | Technology | Web & Interactive | Portfolio | SEO | Typography | Responsive | UI design | next.js","https://www.awwwards.com/sites/jm-portfolio-2024","https://www.awwwards.com/websites/portfolio/?page=46","https://assets.awwwards.com/awards/media/cache/thumb_880_660/submissions/2024/10/670d079720c1e011180878.jpg","2024-10-25T05:44:18Z"
"Joe Garner ● Portfolio","joe-garner-portfolio","submission","Other | Clean | Portfolio | Typography | GSAP | Webflow","https://www.awwwards.com/sites/joe-garner-portfolio","https://www.awwwards.com/websites/portfolio/?page=25","https://assets.awwwards.com/awards/media/cache/thumb_880_660/submissions/2025/09/68d62ebe2caba892366001.jpg","2025-10-08T10:20:23Z"
"Joe Lee","joe-lee","submission","Art & Illustration | Design Agencies | Web & Interactive | Graphic design | Portfolio | Retro | Typography | Gallery | UI design","https://www.awwwards.com/sites/joe-lee","https://www.awwwards.com/websites/portfolio/?page=36","https://assets.awwwards.com/awards/media/cache/thumb_880_660/submissions/2025/03/67ea8fd8aede4438136498.jpg","2025-04-08T05:37:06Z"
"Joe Presser's Virtual Office","joe-pressers-virtual-office","submission","Art & Illustration | Design Agencies | Games & Entertainment | Animation | Portfolio | Responsive Design | Single page | Photo & Video | UI design","https://www.awwwards.com/sites/joe-pressers-virtual-office","https://www.awwwards.com/websites/portfolio/?page=56","https://assets.awwwards.com/awards/media/cache/thumb_880_660/submissions/2024/05/664b84e5bc213369111538.jpg","2024-05-28T06:07:58Z"
"joeat.xyz","joeat-xyz","submission","Other | Web & Interactive | Animation | Portfolio | Scrolling | Transitions | Experimental | 3D","https://www.awwwards.com/sites/joeat-xyz","https://www.awwwards.com/websites/portfolio/?page=37","https://assets.awwwards.com/awards/media/cache/thumb_880_660/submissions/2025/03/67d952681b62e065138496.png","2025-04-02T06:06:00Z"
"Joel Maynard","joel-maynard","submission","Design Agencies | E-Commerce | Promotional | Parallax | Portfolio | Scrolling | Illustration | Interaction Design | Lottie | Figma","https://www.awwwards.com/sites/joel-maynard","https://www.awwwards.com/websites/portfolio/?page=16","https://assets.awwwards.com/awards/media/cache/thumb_880_660/submissions/2026/03/69aae8ff69d8a488971723.png","2026-03-20T16:57:07Z"
"Joffrey Spitzer","joffrey-spitzer","submission","Technology | Web & Interactive | Animation | Clean | Minimal | Portfolio | Transitions | GSAP | Three.js | Astro","https://www.awwwards.com/sites/joffrey-spitzer","https://www.awwwards.com/websites/portfolio/?page=19","https://assets.awwwards.com/awards/media/cache/thumb_880_660/submissions/2026/01/697e239623915271844727.png","2026-02-11T11:25:46Z"
"Johanna Arrieta","johanna-arrieta","submission","Art & Illustration | Web & Interactive | Colorful | Portfolio | Illustration | Transitions | Gallery | About Page","https://www.awwwards.com/sites/johanna-arrieta","https://www.awwwards.com/websites/portfolio/?page=42","https://assets.awwwards.com/awards/media/cache/thumb_880_660/submissions/2025/01/67783be8ee396453372481.png","2025-01-16T07:59:00Z"
"John Gearhart - Portfolio 2026","john-gearhart-portfolio-2026","submission","Promotional | Technology | Web & Interactive | CSS | HTML5 | Navigation Menu | Portfolio | Responsive | 3D | Gestures / Interaction | Microinteractions | Javascript","https://www.awwwards.com/sites/john-gearhart-portfolio-2026","https://www.awwwards.com/websites/portfolio/","https://assets.awwwards.com/awards/media/cache/thumb_880_660/submissions/2026/09/6aa8e68b51d5f615917090.png","2026-09-28T09:09:53Z"
"John Laing","john-laing","submission","Architecture | Web & Interactive | Big Background Images | Navigation Menu | Parallax | Portfolio | Content architecture | UI design","https://www.awwwards.com/sites/john-laing","https://www.awwwards.com/websites/portfolio/?page=61","https://assets.awwwards.com/awards/media/cache/thumb_880_660/submissions/2024/03/65e7814a4c799476299525.jpg","2024-03-11T08:46:44Z"
"Jokula","jokula","submission","Design Agencies | Promotional | Web & Interactive | Colorful | Fullscreen | Portfolio | Responsive Design | Transitions | Microinteractions | Lottie | Webflow | Figma","https://www.awwwards.com/sites/jokula","https://www.awwwards.com/websites/portfolio/?page=23","https://assets.awwwards.com/awards/media/cache/thumb_880_660/submissions/2025/11/6914a1527427a386953510.jpg","2025-11-21T11:34:22Z"
"Jolly Creative Agency","jolly-creative-agency","submission","Design Agencies | Web & Interactive | Clean | Portfolio | Menu - Horizontal | Responsive | Storytelling | UI design","https://www.awwwards.com/sites/jolly-creative-agency","https://www.awwwards.com/websites/portfolio/?page=35","https://assets.awwwards.com/awards/media/cache/thumb_880_660/submissions/2025/04/680a8623206d4583836970.jpg","2025-05-06T09:41:16Z"
"Jon Brito","jon-brito","submission","Web & Interactive | Clean | Minimal | Portfolio","https://www.awwwards.com/sites/jon-brito","https://www.awwwards.com/websites/portfolio/?page=58","https://assets.awwwards.com/awards/media/cache/thumb_880_660/submissions/2024/01/65a8c39eb4664085959025.png","2024-05-03T08:48:03Z"
"Jon Howell","jon-howell","submission","Art & Illustration | Design Agencies | Web & Interactive | Clean | Minimal | Portfolio | Typography | 3D | Microinteractions | Figma | Framer","https://www.awwwards.com/sites/jon-howell","https://www.awwwards.com/websites/portfolio/?page=24","https://assets.awwwards.com/awards/media/cache/thumb_880_660/submissions/2025/10/68e6fbecf11e3440757490.jpg","2025-10-20T09:53:00Z"
"Jonas Reymondin – Folio:05","jonas-reymondin-folio-05","submission","Promotional | Web & Interactive | Minimal | Portfolio | Responsive | Interaction Design | UI design | Project Page","https://www.awwwards.com/sites/jonas-reymondin-folio-05","https://www.awwwards.com/websites/portfolio/?page=39","https://assets.awwwards.com/awards/media/cache/thumb_880_660/submissions/2025/02/67a7262edbd66636443914.jpg","2025-02-21T15:26:34Z"
"Jonas Reymondin – Folio:06","jonas-reymondin-folio-06","submission","Design Agencies | Web & Interactive | Big Background Images | Navigation Menu | Parallax | Portfolio | Transitions | Experimental | GSAP | UI design | Nuxt.js | Sanity","https://www.awwwards.com/sites/jonas-reymondin-folio-06","https://www.awwwards.com/websites/portfolio/?page=20","https://assets.awwwards.com/awards/media/cache/thumb_880_660/submissions/2026/01/695fd7add52d8298107463.jpg","2026-01-20T11:13:34Z"
"Jonathan Grado","jonathan-grado","submission","Art & Illustration | Clean | Colorful | Portfolio | Typography | Photography | Gallery | Photo & Video","https://www.awwwards.com/sites/jonathan-grado","https://www.awwwards.com/websites/portfolio/?page=49","https://assets.awwwards.com/awards/media/cache/thumb_880_660/submissions/2024/09/66da100eabd43454694950.jpg","2024-09-17T13:57:58Z"
"Jordan Delcros Portfolio","jordan-delcros-portfolio","submission","Promotional | Technology | Web & Interactive | Animation | Clean | Portfolio | Unusual Navigation | 3D | Gestures / Interaction","https://www.awwwards.com/sites/jordan-delcros-portfolio","https://www.awwwards.com/websites/portfolio/?page=33","https://assets.awwwards.com/awards/media/cache/thumb_880_660/submissions/2025/04/681117055ca08533970303.png","2025-05-28T00:00:00Z"
"Jordi Garreta [creative dev]","jordi-garreta-creative-dev","submission","Web & Interactive | Portfolio | WebGL | Next.js | Sanity","https://www.awwwards.com/sites/jordi-garreta-creative-dev","https://www.awwwards.com/websites/portfolio/?page=7","https://assets.awwwards.com/awards/media/cache/thumb_880_660/submissions/2026/07/6a50bb8f44bee514209563.jpg","2026-07-25T13:34:00Z"
"Jorge ML","jorge-ml","submission","Design Agencies | Web & Interactive | Graphic design | Portfolio | Responsive | UI design | Microinteractions","https://www.awwwards.com/sites/jorge-ml","https://www.awwwards.com/websites/portfolio/?page=46","https://assets.awwwards.com/awards/media/cache/thumb_880_660/submissions/2024/10/6718d859cfa3c991415886.png","2024-11-04T06:41:13Z"
"Joris Brianti - Portfolio","joris-brianti-portfolio","submission","Other | Animation | Portfolio | Scrolling | Transitions | 3D | Microinteractions","https://www.awwwards.com/sites/joris-brianti-portfolio","https://www.awwwards.com/websites/portfolio/?page=50","https://assets.awwwards.com/awards/media/cache/thumb_880_660/submissions/2024/08/66cd89721b9aa054078621.png","2024-09-06T05:21:00Z"
"Jose Hurtado","jose-hurtado","submission","Design Agencies | Web & Interactive | Animation | Portfolio | Transitions | Experimental | Storytelling | Interaction Design | About Page","https://www.awwwards.com/sites/jose-hurtado","https://www.awwwards.com/websites/portfolio/?page=64","https://assets.awwwards.com/awards/media/cache/thumb_880_660/submissions/2024/01/65b46ee53d565950447222.png","2024-02-01T08:57:06Z"
"Joseph Pagan's Portfolio Site","joseph-pagans-portfolio-site","submission","Design Agencies | Web & Interactive | Animation | Portfolio | Responsive Design | 3D | Interaction Design | Project Page | Startups","https://www.awwwards.com/sites/joseph-pagans-portfolio-site","https://www.awwwards.com/websites/portfolio/?page=55","https://assets.awwwards.com/awards/media/cache/thumb_880_660/submissions/2024/06/665ca4e7752ee346839484.png","2024-06-10T05:54:49Z"
"Joseph Santamaria","joseph-santamaria","submission","Technology | Web & Interactive | Animation | Portfolio | Responsive Design | Single page | Interaction Design | UI design","https://www.awwwards.com/sites/joseph-santamaria","https://www.awwwards.com/websites/portfolio/?page=44","https://assets.awwwards.com/awards/media/cache/thumb_880_660/submissions/2024/11/673009e519a90715790764.png","2024-11-21T07:47:31Z"
"Joseph Santamaria - Folio '25","joseph-santamaria-folio-25","submission","Web & Interactive | Portfolio | WebGL | Responsive | React | GLSL | 3D | Interaction Design | UI design","https://www.awwwards.com/sites/joseph-santamaria-folio-25","https://www.awwwards.com/websites/portfolio/?page=31","https://assets.awwwards.com/awards/media/cache/thumb_880_660/submissions/2025/06/686216ee60067831384739.jpg","2025-07-07T09:57:00Z"
"Joseph Santamaria '26","joseph-santamaria-26","submission","Web & Interactive | Infinite Scroll | Parallax | Portfolio | Single page | WebGL | Storytelling | GSAP | GLSL | Interaction Design","https://www.awwwards.com/sites/joseph-santamaria-26","https://www.awwwards.com/websites/portfolio/?page=15","https://assets.awwwards.com/awards/media/cache/thumb_880_660/submissions/2026/03/69b360dd6430b640502718.jpg","2026-03-25T23:30:00Z"
"Josh Goldsmith - Director & EP","josh-goldsmith-director-ep","submission","SVG | Video | 3D | Film & TV | Filters and Effects | Web & Interactive | Microinteractions | Animation | Next.js | CSS | Portfolio","https://www.awwwards.com/sites/josh-goldsmith-director-ep","https://www.awwwards.com/websites/portfolio/?page=5","https://assets.awwwards.com/awards/media/cache/thumb_880_660/submissions/2026/07/6a695283599ac303526701.jpg","2026-08-12T09:27:55Z"
"Josh Warren","josh-warren","submission","Games & Entertainment | Technology | Web & Interactive | Animation | Portfolio | Responsive | 3D | next.js","https://www.awwwards.com/sites/josh-warren","https://www.awwwards.com/websites/portfolio/?page=48","https://assets.awwwards.com/awards/media/cache/thumb_880_660/submissions/2024/09/66f30e1fa0076484956999.png","2024-10-07T05:56:18Z"
"Joshua Brigati - Portfolio","joshua-brigati-portfolio","submission","Promotional | Technology | Web & Interactive | Portfolio | Responsive Design | Single page | UI design | next.js","https://www.awwwards.com/sites/joshua-brigati-portfolio","https://www.awwwards.com/websites/portfolio/?page=51","https://assets.awwwards.com/awards/media/cache/thumb_880_660/submissions/2024/08/66b265e373e09054389878.png","2024-08-19T05:41:38Z"
"Joshua Oladiti — Portfoilo ©24","joshua-oladiti-portfoilo-c-24","submission","Design Agencies | Other | Clean | Minimal | Portfolio | Typography | Experimental | Gallery | UI design","https://www.awwwards.com/sites/joshua-oladiti-portfoilo-c-24","https://www.awwwards.com/websites/portfolio/?page=50","https://assets.awwwards.com/awards/media/cache/thumb_880_660/submissions/2024/08/66cd051700a28865723695.jpg","2024-09-04T05:47:36Z"
"Joy Zhong","joy-zhong","submission","Other | Web & Interactive | Animation | Graphic design | Portfolio | Responsive Design | GSAP | Interaction Design | Microinteractions | Lottie | Webflow","https://www.awwwards.com/sites/joy-zhong","https://www.awwwards.com/websites/portfolio/?page=31","https://assets.awwwards.com/awards/media/cache/thumb_880_660/submissions/2025/07/68635db45baa6230266187.jpg","2025-07-10T10:59:00Z"
"JReyes MC Portfolio","jreyes-mc-portfolio","submission","Other | Web & Interactive | Navigation Menu | Portfolio | Responsive Design | 360 | Storytelling | Three.js | React | 3D | Blender","https://www.awwwards.com/sites/jreyes-mc-portfolio","https://www.awwwards.com/websites/portfolio/?page=27","https://assets.awwwards.com/awards/media/cache/thumb_880_660/submissions/2025/08/68a25fa5c1fac952755400.png","2025-08-29T11:46:04Z"
"JRZ '24","jrz-24","submission","Promotional | Technology | Web & Interactive | Graphic design | Portfolio | Typography | Interaction Design","https://www.awwwards.com/sites/jrz-24","https://www.awwwards.com/websites/portfolio/?page=65","https://assets.awwwards.com/awards/media/cache/thumb_880_660/submissions/2024/01/65a06ca84fce9730257471.jpg","2024-01-17T09:03:43Z"
"jSite","jsite","submission","Magazine / Newspaper / Blog | Technology | Web & Interactive | App Style | Portfolio | Responsive Design | Unusual Navigation | React | Gestures / Interaction | Project Page | Tailwind | Framer","https://www.awwwards.com/sites/jsite","https://www.awwwards.com/websites/portfolio/?page=16","https://assets.awwwards.com/awards/media/cache/thumb_880_660/submissions/2026/03/69b2a16f9cd1b027902658.png","2026-03-24T11:33:00Z"
"Juan Mora","juan-mora-1","submission","Design Agencies | Promotional | Web & Interactive | Colorful | Portfolio | Scrolling | GSAP | Interaction Design | About Page | Footer Design | Lottie | Webflow","https://www.awwwards.com/sites/juan-mora-1","https://www.awwwards.com/websites/portfolio/?page=12","https://assets.awwwards.com/awards/media/cache/thumb_880_660/submissions/2026/04/69e5100da08b6201472857.png","2026-05-15T00:00:00Z"
"Juan Mora Romero","juan-mora-romero","submission","Web & Interactive | Portfolio | Gallery | React | About Page | Microinteractions | 404 pages | next.js | Motion | Next.js","https://www.awwwards.com/sites/juan-mora-romero","https://www.awwwards.com/websites/portfolio/?page=2","https://assets.awwwards.com/awards/media/cache/thumb_880_660/submissions/2026/09/6a9ade008a171865678561.jpg","2026-09-17T08:23:13Z"
"Jules Studio","jules-studio","submission","Design Agencies | Clean | Colorful | Minimal | Portfolio | Webflow | Figma","https://www.awwwards.com/sites/jules-studio","https://www.awwwards.com/websites/portfolio/?page=20","https://assets.awwwards.com/awards/media/cache/thumb_880_660/submissions/2026/01/6966f1c1df4df863016938.jpg","2026-01-24T12:19:29Z"
"Julia Krantz","julia-krantz","submission","Fashion | Other | Technology | Animation | CSS | HTML5 | Portfolio | Gallery | About Page | Microinteractions | Javascript","https://www.awwwards.com/sites/julia-krantz","https://www.awwwards.com/websites/portfolio/?page=13","https://assets.awwwards.com/awards/media/cache/thumb_880_660/submissions/2026/04/69e142cf1554b277980528.png","2026-04-23T10:30:28Z"
"Julian Fella Portfolio","julian-fella-portfolio","submission","Technology | Web & Interactive | Animation | Clean | Navigation Menu | Portfolio | Responsive Design | Transitions | Startups","https://www.awwwards.com/sites/julian-fella-portfolio","https://www.awwwards.com/websites/portfolio/?page=50","https://assets.awwwards.com/awards/media/cache/thumb_880_660/submissions/2024/08/66bfb2f3b8e00503001207.jpg","2024-08-29T05:35:36Z"
"juliasloanedesign.com","juliasloanedesign-com","submission","Design Agencies | Promotional | Web & Interactive | Portfolio | Illustration | 3D | Interaction Design | UI design | Project Page","https://www.awwwards.com/sites/juliasloanedesign-com","https://www.awwwards.com/websites/portfolio/?page=67","https://assets.awwwards.com/awards/media/cache/thumb_880_660/submissions/2023/12/6570c3811176b166925103.jpg","2023-12-12T09:44:58Z"
"Julie Shannon","julie-shannon","submission","Culture & Education | Animation | Colorful | Graphic design | Portfolio | UI design","https://www.awwwards.com/sites/julie-shannon","https://www.awwwards.com/websites/portfolio/?page=35","https://assets.awwwards.com/awards/media/cache/thumb_880_660/submissions/2025/04/6806b3e846f17911071799.JPG","2025-04-30T06:20:00Z"
"Julien Calot","julien-calot","submission","Art & Illustration | Animation | Big Background Images | Infinite Scroll | Portfolio | WebGL | Gallery | 404 pages | Webflow | Figma | Luxury","https://www.awwwards.com/sites/julien-calot","https://www.awwwards.com/websites/portfolio/?page=8","https://assets.awwwards.com/awards/media/cache/thumb_880_660/submissions/2026/05/6a176f9fa94ca258684177.jpg","2026-07-08T00:00:00Z"
"juna.se","juna-se","submission","Art & Illustration | Design Agencies | Web & Interactive | Colorful | Graphic design | Portfolio | Illustration | UI design | Project Page","https://www.awwwards.com/sites/juna-se","https://www.awwwards.com/websites/portfolio/?page=59","https://assets.awwwards.com/awards/media/cache/thumb_880_660/submissions/2024/04/66258029cb9b8380619240.png","2024-04-23T08:35:58Z"
"Jungheon Lee - portfolio","jungheon-lee-portfolio","submission","Web & Interactive | Animation | CSS | HTML5 | Portfolio | Experimental | Three.js | About Page | Contact Page","https://www.awwwards.com/sites/jungheon-lee-portfolio","https://www.awwwards.com/websites/portfolio/?page=15","https://assets.awwwards.com/awards/media/cache/thumb_880_660/submissions/2026/03/69b87885b582e304404059.png","2026-03-28T12:27:00Z"
"JUNJI YAMAZAKI PORTFOLIO","junji-yamazaki-portfolio","submission","Web & Interactive | Portfolio | Web Fonts | Gestures / Interaction | Filters and Effects | UI design | Project Page","https://www.awwwards.com/sites/junji-yamazaki-portfolio","https://www.awwwards.com/websites/portfolio/?page=45","https://assets.awwwards.com/awards/media/cache/thumb_880_660/submissions/2024/10/671d149a24888113258056.jpg","2024-11-06T06:39:06Z"
"JUNKBRANDING v4","junkbranding-v4","submission","Design Agencies | Web & Interactive | Portfolio | WebGL | GSAP | 3D | 404 pages | Startups | next.js | Astro","https://www.awwwards.com/sites/junkbranding-v4","https://www.awwwards.com/websites/portfolio/?page=8","https://assets.awwwards.com/awards/media/cache/thumb_880_660/submissions/2026/06/6a32783335a03952367586.jpg","2026-07-02T09:15:00Z"
"JUNNI Corporate Site","junni-corporate-site","submission","Business & Corporate | Design Agencies | Web & Interactive | Animation | Portfolio | Responsive Design | Interaction Design | Contact Page | 404 pages","https://www.awwwards.com/sites/junni-corporate-site","https://www.awwwards.com/websites/portfolio/?page=48","https://assets.awwwards.com/awards/media/cache/thumb_880_660/submissions/2024/09/66daf86cc062b486513597.jpg","2024-10-02T05:39:00Z"
"JUNO","juno","submission","Business & Corporate | Design Agencies | Web & Interactive | Animation | Big Background Images | Clean | Graphic design | Portfolio | Gestures / Interaction","https://www.awwwards.com/sites/juno","https://www.awwwards.com/websites/portfolio/?page=67","https://assets.awwwards.com/awards/media/cache/thumb_880_660/submissions/2023/12/658044185b73e334175945.png","2023-12-21T10:59:04Z"
"Juno studio","juno-studio-2","submission","Design Agencies | Web & Interactive | Clean | Portfolio | Header Design","https://www.awwwards.com/sites/juno-studio-2","https://www.awwwards.com/websites/portfolio/?page=53","https://assets.awwwards.com/awards/media/cache/thumb_880_660/submissions/2024/07/668f8f3aa665d429013669.png","2024-07-19T05:13:22Z"
"Justus John","justus-john","submission","Portfolio | Typography | Data Visualization | Experimental | Technology | Storytelling | Web & Interactive | GSAP | Animation | Vanilla JS | Minimal | Canvas API","https://www.awwwards.com/sites/justus-john","https://www.awwwards.com/websites/portfolio/?page=6","https://assets.awwwards.com/awards/media/cache/thumb_880_660/submissions/2026/07/6a5df73146f40355776910.png","2026-08-03T08:00:00Z"
"Juul Vrasdonk - Portfolio","juul-vrasdonk-portfolio","submission","Web & Interactive | Portfolio | Scrolling | 3D","https://www.awwwards.com/sites/juul-vrasdonk-portfolio","https://www.awwwards.com/websites/portfolio/?page=51","https://assets.awwwards.com/awards/media/cache/thumb_880_660/submissions/2024/08/66b094e3ded49123941478.jpg","2024-08-16T06:35:50Z"
"JXD Studio","jxd-studio","submission","Clean | Wordpress | Portfolio | Photography | GSAP | BARBA.js","https://www.awwwards.com/sites/jxd-studio","https://www.awwwards.com/websites/portfolio/?page=8","https://assets.awwwards.com/awards/media/cache/thumb_880_660/submissions/2026/06/6a36a94554705806316197.jpg","2026-07-06T09:34:00Z"
"K.OS Visuals","k-os-visuals","submission","Business & Corporate | Design Agencies | Big Background Images | Clean | Navigation Menu | Portfolio | Responsive | Gestures / Interaction","https://www.awwwards.com/sites/k-os-visuals","https://www.awwwards.com/websites/portfolio/?page=42","https://assets.awwwards.com/awards/media/cache/thumb_880_660/submissions/2025/01/677bdd599ddb0214693716.jpg","2025-01-17T06:48:00Z"
"K2 DESIGN","k2-design","submission","Design Agencies | Promotional | Minimal | Portfolio | Transitions | Gallery | Photo & Video | Project Page","https://www.awwwards.com/sites/k2-design","https://www.awwwards.com/websites/portfolio/?page=34","https://assets.awwwards.com/awards/media/cache/thumb_880_660/submissions/2025/04/6810cac485116214890539.jpg","2025-05-09T07:54:00Z"
"Kaat DM","kaat-dm","submission","Drupal | Photographic | Portfolio | Photography | Gallery | Storytelling | GSAP | Figma","https://www.awwwards.com/sites/kaat-dm","https://www.awwwards.com/websites/portfolio/?page=31","https://assets.awwwards.com/awards/media/cache/thumb_880_660/submissions/2025/06/6853cfbe1bfef421659489.png","2025-07-04T09:32:02Z"
"Kaisei Sadatoki Portfolio V4","kaisei-sadatoki-portfolio-v4","submission","Design Agencies | Web & Interactive | Clean | Minimal | Portfolio | GSAP | Astro","https://www.awwwards.com/sites/kaisei-sadatoki-portfolio-v4","https://www.awwwards.com/websites/portfolio/?page=9","https://assets.awwwards.com/awards/media/cache/thumb_880_660/submissions/2026/06/6a2f5978e3787718147174.jpg","2026-06-29T09:33:03Z"
"Kaito Note - Portfolio","kaito-note-portfolio","submission","Other | Technology | Web & Interactive | Animation | Portfolio | Scrolling | Typography | Transitions | About Page","https://www.awwwards.com/sites/kaito-note-portfolio","https://www.awwwards.com/websites/portfolio/?page=35","https://assets.awwwards.com/awards/media/cache/thumb_880_660/submissions/2025/04/67ff4de8af61e325280445.jpg","2025-05-01T07:11:12Z"
"Karim Saab - Portfolio","karim-saab-portfolio","submission","Web & Interactive | Animation | Clean | Colorful | Portfolio | Contact Page","https://www.awwwards.com/sites/karim-saab-portfolio","https://www.awwwards.com/websites/portfolio/?page=32","https://assets.awwwards.com/awards/media/cache/thumb_880_660/submissions/2025/06/684062c4ca40f027779127.png","2025-06-20T10:31:00Z"
"KARMA Digital Agency","karma-digital-agency","submission","Design Agencies | Web & Interactive | Clean | Portfolio | UI design | About Page","https://www.awwwards.com/sites/karma-digital-agency","https://www.awwwards.com/websites/portfolio/?page=68","https://assets.awwwards.com/awards/media/cache/thumb_880_660/submissions/2023/11/65665446947ce850617531.png","2023-12-04T12:31:45Z"
"karolbinkow.ski","karolbinkow-ski","submission","Technology | Web & Interactive | Animation | Clean | Minimal | Portfolio | Typography | React | Microinteractions | Motion | Astro","https://www.awwwards.com/sites/karolbinkow-ski","https://www.awwwards.com/websites/portfolio/?page=8","https://assets.awwwards.com/awards/media/cache/thumb_880_660/submissions/2026/06/6a399c4fc0864352449009.png","2026-07-09T08:46:00Z"
"Kasia Siwosz — Coaching for Leaders","kasia-siwosz-coaching-for-leaders","submission","Art & Illustration | Magazine / Newspaper / Blog | Clean | Flat Design | Minimal | Portfolio | SEO | Copy design | Webflow | After Effects | Figma | Luxury","https://www.awwwards.com/sites/kasia-siwosz-coaching-for-leaders","https://www.awwwards.com/websites/portfolio/?page=23","https://assets.awwwards.com/awards/media/cache/thumb_880_660/submissions/2025/10/6902290b460a0187998568.png","2025-11-06T11:57:44Z"
"Katerina Kopytina Studio","katerina-kopytina-studio-1","submission","Culture & Education | Design Agencies | Clean | Colorful | Portfolio | Typography | Project Page | Startups | Contentful","https://www.awwwards.com/sites/katerina-kopytina-studio-1","https://www.awwwards.com/websites/portfolio/?page=52","https://assets.awwwards.com/awards/media/cache/thumb_880_660/submissions/2024/07/66a27d81611cc299738036.png","2024-08-06T06:32:00Z"
"katherine* - Portfolio","katherine-portfolio","submission","Art & Illustration | Clean | Flat Design | Graphic design | Minimal | Portfolio | Responsive","https://www.awwwards.com/sites/katherine-portfolio","https://www.awwwards.com/websites/portfolio/?page=37","https://assets.awwwards.com/awards/media/cache/thumb_880_660/submissions/2025/03/67c7320c119d5863665251.png","2025-03-20T06:54:07Z"
"Katie McIntyre Studio | Feminine Future","katie-mcintyre-studio-feminine-future","submission","Design Agencies | Games & Entertainment | Animation | Portfolio | Responsive Design | Transitions | Experimental | Gallery | UI design","https://www.awwwards.com/sites/katie-mcintyre-studio-feminine-future","https://www.awwwards.com/websites/portfolio/?page=38","https://assets.awwwards.com/awards/media/cache/thumb_880_660/submissions/2025/02/67b2bc0f8c310396318447.jpg","2025-03-04T07:03:00Z"
"Katrine Pil – Portfolio","katrine-pil-portfolio","submission","Film & TV | Other | Animation | Portfolio | Typography | Video | Gallery | About Page","https://www.awwwards.com/sites/katrine-pil-portfolio","https://www.awwwards.com/websites/portfolio/?page=40","https://assets.awwwards.com/awards/media/cache/thumb_880_660/submissions/2025/02/67a52d57c2dc6736097112.png","2025-02-07T06:56:00Z"
"KauStudio","kaustudio","submission","Design Agencies | Web & Interactive | Animation | Clean | CSS | Graphic design | Minimal | Portfolio | Gallery | GSAP","https://www.awwwards.com/sites/kaustudio","https://www.awwwards.com/websites/portfolio/?page=26","https://assets.awwwards.com/awards/media/cache/thumb_880_660/submissions/2025/09/68caa251a9504749272546.png","2025-10-01T10:23:57Z"
"Kavieng Creative","kavieng-creative","submission","Art & Illustration | Animation | Graphic design | HTML5 | Photographic | Portfolio | Typography | Photography | GSAP | About Page | Javascript","https://www.awwwards.com/sites/kavieng-creative","https://www.awwwards.com/websites/portfolio/?page=2","https://assets.awwwards.com/awards/media/cache/thumb_880_660/submissions/2026/08/6a9030b8e4ea4144129134.png","2026-09-10T09:05:58Z"
"Kavimada","kavimada","submission","Design Agencies | Other | Promotional | Animation | Portfolio | Vector | Illustration | GSAP | Microinteractions | next.js | Matter.js | Next.js","https://www.awwwards.com/sites/kavimada","https://www.awwwards.com/websites/portfolio/?page=2","https://assets.awwwards.com/awards/media/cache/thumb_880_660/submissions/2026/08/6a8f40a1d5946950950567.png","2026-09-10T09:06:37Z"
"KAWE.SKI","kawe-ski","submission","Art & Illustration | Magazine / Newspaper / Blog | Web & Interactive | Colorful | Icons | Portfolio | Sound-Audio | React | UI design | Microinteractions | Figma | Sass","https://www.awwwards.com/sites/kawe-ski","https://www.awwwards.com/websites/portfolio/?page=15","https://assets.awwwards.com/awards/media/cache/thumb_880_660/submissions/2026/03/69bd60a5cdb71325909070.png","2026-04-02T12:04:00Z"
"Kei","kei-1","submission","Web & Interactive | Minimal | Portfolio","https://www.awwwards.com/sites/kei-1","https://www.awwwards.com/websites/portfolio/?page=40","https://assets.awwwards.com/awards/media/cache/thumb_880_660/submissions/2025/01/679c4539196b9494808369.png","2025-02-13T07:20:00Z"
"Ken Tang's portfolio","ken-tangs-portfolio","submission","Web & Interactive | Clean | Parallax | Portfolio","https://www.awwwards.com/sites/ken-tangs-portfolio","https://www.awwwards.com/websites/portfolio/?page=31","https://assets.awwwards.com/awards/media/cache/thumb_880_660/submissions/2025/06/684bc28675d22878395188.png","2025-07-01T10:10:00Z"
"Kenichi Aikawa","kenichi-aikawa-1","submission","Animation | Clean | Portfolio | Photography | Gallery | GSAP | Three.js | 3D | Photo & Video | Nuxt.js","https://www.awwwards.com/sites/kenichi-aikawa-1","https://www.awwwards.com/websites/portfolio/?page=9","https://assets.awwwards.com/awards/media/cache/thumb_880_660/submissions/2026/06/6a26d70336f13920733605.jpg","2026-06-23T09:57:54Z"
"Kento Kawazoe - Portfolio","kento-kawazoe-portfolio","submission","Web & Interactive | Clean | Minimal | Parallax | Portfolio | WebGL | React | UI design | Motion","https://www.awwwards.com/sites/kento-kawazoe-portfolio","https://www.awwwards.com/websites/portfolio/?page=16","https://assets.awwwards.com/awards/media/cache/thumb_880_660/submissions/2026/03/69a56fa22e2c6251860111.png","2026-03-14T11:42:54Z"
"Ketchup Marketing","ketchup-marketing","submission","Design Agencies | Web & Interactive | Portfolio | Typography | Video | Content architecture | UI design | Header Design","https://www.awwwards.com/sites/ketchup-marketing","https://www.awwwards.com/websites/portfolio/?page=56","https://assets.awwwards.com/awards/media/cache/thumb_880_660/submissions/2024/05/6644b0dcd6612164786796.jpg","2024-05-21T05:04:24Z"
"Kevin Hilgendorf Portfolio","kevin-hilgendorf-portfolio","submission","Design Agencies | Mobile & Apps | Web & Interactive | Animation | Portfolio | Transitions | 3D | Interaction Design | UI design","https://www.awwwards.com/sites/kevin-hilgendorf-portfolio","https://www.awwwards.com/websites/portfolio/?page=47","https://assets.awwwards.com/awards/media/cache/thumb_880_660/submissions/2024/10/670522020e64a371286530.png","2024-10-18T08:32:15Z"
"Kevin Hipke - Portfolio","kevin-hipke-portfolio","submission","Design Agencies | Graphic design | Minimal | Portfolio | Storytelling | Content architecture | Contentful","https://www.awwwards.com/sites/kevin-hipke-portfolio","https://www.awwwards.com/websites/portfolio/?page=31","https://assets.awwwards.com/awards/media/cache/thumb_880_660/submissions/2025/06/6859705eeacc9130645676.jpg","2025-07-11T10:41:00Z"
"Kevin Tresor Portfolio","kevintresor-portfolio","submission","Art & Illustration | Design Agencies | Colorful | Fullscreen | Portfolio | Filters and Effects | UI design","https://www.awwwards.com/sites/kevintresor-portfolio","https://www.awwwards.com/websites/portfolio/?page=49","https://assets.awwwards.com/awards/media/cache/thumb_880_660/submissions/2024/09/66da814dadbbc996975121.jpg","2024-09-18T14:16:26Z"
"Kevin Valete — Portfolio","kevin-valete-portfolio","submission","Technology | Web & Interactive | Clean | Minimal | Portfolio | Typography | Transitions | Gallery","https://www.awwwards.com/sites/kevin-valete-portfolio","https://www.awwwards.com/websites/portfolio/?page=44","https://assets.awwwards.com/awards/media/cache/thumb_880_660/submissions/2024/11/6736f062efedf533035763.jpg","2024-11-26T06:10:04Z"
"KF ADV","kf-adv","submission","Business & Corporate | Design Agencies | Web & Interactive | Animation | Fullscreen | Graphic design | Portfolio | 3D | Copy design","https://www.awwwards.com/sites/kf-adv","https://www.awwwards.com/websites/portfolio/?page=62","https://assets.awwwards.com/awards/media/cache/thumb_880_660/submissions/2024/03/65e5ed7bda6d0369998264.png","2024-03-08T09:14:09Z"
"Khanh Nguyen Portfolio","khanh-nguyen-portfolio","submission","Design Agencies | Web & Interactive | Animation | CSS | Horizontal Layout | HTML5 | Portfolio | Typography | Transitions | Storytelling | GSAP","https://www.awwwards.com/sites/khanh-nguyen-portfolio","https://www.awwwards.com/websites/portfolio/?page=3","https://assets.awwwards.com/awards/media/cache/thumb_880_660/submissions/2026/08/6a8da4f8bcb69436737553.png","2026-09-07T09:04:20Z"
"KIE","kie","submission","Design Agencies | Animation | Minimal | Portfolio | Transitions | GSAP | UI design | Microinteractions | Next.js","https://www.awwwards.com/sites/kie","https://www.awwwards.com/websites/portfolio/?page=11","https://assets.awwwards.com/awards/media/cache/thumb_880_660/submissions/2026/05/6a0ac9c17b562577320772.jpg","2026-05-29T11:00:26Z"
"Kieran Clarke","kieran-clarke","submission","Film & TV | Other | Fullscreen | Minimal | Portfolio | Typography | Experimental | Photo & Video | UI design","https://www.awwwards.com/sites/kieran-clarke","https://www.awwwards.com/websites/portfolio/?page=59","https://assets.awwwards.com/awards/media/cache/thumb_880_660/submissions/2024/04/6615224939ccd599903858.png","2024-04-12T08:38:28Z"
"Kiko's Playground","kikos-playground","submission","Art & Illustration | Design Agencies | Web & Interactive | Animation | Graphic design | Portfolio | Illustration | Interaction Design | Project Page","https://www.awwwards.com/sites/kikos-playground","https://www.awwwards.com/websites/portfolio/?page=63","https://assets.awwwards.com/awards/media/cache/thumb_880_660/submissions/2024/02/65c44091b0ccf603150581.png","2024-02-15T09:42:49Z"
"Killer Tennis","killer-tennis","submission","Design Agencies | Games & Entertainment | Web & Interactive | Animation | Portfolio | Transitions | Storytelling | 3D | Project Page","https://www.awwwards.com/sites/killer-tennis","https://www.awwwards.com/websites/portfolio/?page=55","https://assets.awwwards.com/awards/media/cache/thumb_880_660/submissions/2024/05/6655967e9e78c174392167.png","2024-06-04T07:26:00Z"
"Killian Herzer","killian-herzer","submission","Technology | Web & Interactive | Portfolio | WebGL | WebSockets | Experimental | Sound-Audio | Storytelling | React | 3D | Filters and Effects | Interaction Design","https://www.awwwards.com/sites/killian-herzer","https://www.awwwards.com/websites/portfolio/?page=14","https://assets.awwwards.com/awards/media/cache/thumb_880_660/submissions/2026/04/69ce1c949137c005528983.png","2026-04-11T12:57:57Z"
"Kimbrandesign","kimbrandesign","submission","Business & Corporate | Design Agencies | Parallax | Portfolio | Single page | GSAP | Figma | Astro","https://www.awwwards.com/sites/kimbrandesign","https://www.awwwards.com/websites/portfolio/?page=14","https://assets.awwwards.com/awards/media/cache/thumb_880_660/submissions/2026/04/69cf795f43626421170222.jpg","2026-04-11T13:04:00Z"
"King O'Holi","king-oholi","submission","Music & Sound | Other | Web & Interactive | Minimal | Portfolio | Single page | Responsive | UI design | Microinteractions | Framer","https://www.awwwards.com/sites/king-oholi","https://www.awwwards.com/websites/portfolio/?page=18","https://assets.awwwards.com/awards/media/cache/thumb_880_660/submissions/2026/02/6980f3924fc60210738687.png","2026-02-13T12:32:59Z"
"Klmnko.","klmnko","submission","Design Agencies | Web & Interactive | Animation | Wordpress | Minimal | Portfolio | GSAP | Elementor","https://www.awwwards.com/sites/klmnko","https://www.awwwards.com/websites/portfolio/?page=28","https://assets.awwwards.com/awards/media/cache/thumb_880_660/submissions/2025/08/689f0b138b255969359251.jpg","2025-08-28T14:20:13Z"
"Koal Studio","koal-studio","submission","Design Agencies | Animation | Clean | Graphic design | Portfolio | Responsive Design | Photography | UI design","https://www.awwwards.com/sites/koal-studio","https://www.awwwards.com/websites/portfolio/?page=58","https://assets.awwwards.com/awards/media/cache/thumb_880_660/submissions/2024/04/6622295e2e155200192532.png","2024-04-25T08:30:18Z"
"Koenvo","koenvo","submission","Design Agencies | E-Commerce | Web & Interactive | Animation | Clean | Minimal | Portfolio | Scrolling | UI design","https://www.awwwards.com/sites/koenvo","https://www.awwwards.com/websites/portfolio/?page=49","https://assets.awwwards.com/awards/media/cache/thumb_880_660/submissions/2024/09/66deeffaa1fc4503488492.png","2024-09-23T06:11:28Z"
"Kolibri","kolibri","submission","Design Agencies | Graphic design | Minimal | Portfolio | Typography | Microinteractions","https://www.awwwards.com/sites/kolibri","https://www.awwwards.com/websites/portfolio/?page=54","https://assets.awwwards.com/awards/media/cache/thumb_880_660/submissions/2024/06/66696f014e1a6653433808.png","2024-06-20T05:36:56Z"
"Komma Komma","komma-komma","submission","Web & Interactive | Animation | Minimal | Portfolio | 3D | Footer Design | 404 pages | BARBA.js | Javascript | Astro","https://www.awwwards.com/sites/komma-komma","https://www.awwwards.com/websites/portfolio/?page=7","https://assets.awwwards.com/awards/media/cache/thumb_880_660/submissions/2026/07/6a5512ba97c66959370757.jpg","2026-07-24T07:53:00Z"
"Konel Inc.","konel-inc","submission","Business & Corporate | Design Agencies | Portfolio | Gallery | Responsive | Photo & Video | UI design | Contentful","https://www.awwwards.com/sites/konel-inc","https://www.awwwards.com/websites/portfolio/?page=33","https://assets.awwwards.com/awards/media/cache/thumb_880_660/submissions/2025/05/6826f2aeee450181629136.png","2025-05-27T10:07:58Z"
"Konpo","konpo","submission","Design Agencies | Web & Interactive | Navigation Menu | Portfolio | Responsive Design | Forms and Input | About Page | 404 pages","https://www.awwwards.com/sites/konpo","https://www.awwwards.com/websites/portfolio/?page=59","https://assets.awwwards.com/awards/media/cache/thumb_880_660/submissions/2024/04/6617ac581bba1029590716.png","2024-04-12T08:36:51Z"
"KONTURE Website/Shop","konture-website-shop","submission","Architecture | E-Commerce | Clean | Portfolio | Interaction Design | Microinteractions | Shopify","https://www.awwwards.com/sites/konture-website-shop","https://www.awwwards.com/websites/portfolio/?page=60","https://assets.awwwards.com/awards/media/cache/thumb_880_660/submissions/2024/03/6603f6358ac61121502971.jpg","2024-04-04T08:36:31Z"
"KOOKIE","kookie","submission","Film & TV | Parallax | Portfolio | Unusual Navigation | Photography | Transitions | 3D | Photo & Video | Webflow | Figma","https://www.awwwards.com/sites/kookie","https://www.awwwards.com/websites/portfolio/?page=15","https://assets.awwwards.com/awards/media/cache/thumb_880_660/submissions/2026/03/69c3f69137539999301886.png","2026-03-31T10:30:00Z"
"Kostya Farber's Website","kostya-farbers-website","submission","Technology | Web & Interactive | Clean | Minimal | Portfolio | Typography | About Page | next.js","https://www.awwwards.com/sites/kostya-farbers-website","https://www.awwwards.com/websites/portfolio/?page=57","https://assets.awwwards.com/awards/media/cache/thumb_880_660/submissions/2024/04/662e968768a1a875452750.jpg","2024-05-07T08:44:02Z"
"KOTA","kota-1","submission","Design Agencies | Web & Interactive | Animation | Colorful | Flat Design | Portfolio | Responsive Design | Transitions","https://www.awwwards.com/sites/kota-1","https://www.awwwards.com/websites/portfolio/?page=51","https://assets.awwwards.com/awards/media/cache/thumb_880_660/submissions/2024/07/6698f5ac7ccb1481881872.jpg","2024-08-09T05:38:13Z"
"Koto","koto","submission","Design Agencies | Web & Interactive | Clean | Portfolio | WebGL | Transitions | UI design | Microinteractions | Project Page | Next.js | Sanity","https://www.awwwards.com/sites/koto","https://www.awwwards.com/websites/portfolio/?page=15","https://assets.awwwards.com/awards/media/cache/thumb_880_660/submissions/2026/03/69b1a69a5199f918819455.jpg","2026-03-24T11:39:00Z"
"Kott Studio The Impossible One","kott-studio-the-impossible-one","submission","Design Agencies | Web & Interactive | Animation | Fullscreen | Portfolio | Typography | Experimental | Three.js | React | UI design | Microinteractions | Next.js","https://www.awwwards.com/sites/kott-studio-the-impossible-one","https://www.awwwards.com/websites/portfolio/?page=2","https://assets.awwwards.com/awards/media/cache/thumb_880_660/submissions/2026/09/6a9d865c11705502597079.png","2026-09-15T09:32:39Z"
"Kreatix","kreatix","submission","Design Agencies | Web & Interactive | Big Background Images | Colorful | Portfolio | Responsive Design | UI design","https://www.awwwards.com/sites/kreatix","https://www.awwwards.com/websites/portfolio/?page=43","https://assets.awwwards.com/awards/media/cache/thumb_880_660/submissions/2024/11/674840a7cc35f777742039.jpg","2024-12-09T17:37:25Z"
"Kreyda.art","kreyda-art","submission","Art & Illustration | Design Agencies | Web & Interactive | Portfolio | Responsive Design | Typography | 3D | Interaction Design | UI design","https://www.awwwards.com/sites/kreyda-art","https://www.awwwards.com/websites/portfolio/?page=61","https://assets.awwwards.com/awards/media/cache/thumb_880_660/submissions/2024/03/65e56bcff3273089143520.jpg","2024-03-08T09:14:30Z"
"Kristina Vilyams","kristina-vilyams","submission","Fashion | Games & Entertainment | Technology | Minimal | Portfolio | Gallery | 3D | Filters and Effects | Project Page","https://www.awwwards.com/sites/kristina-vilyams","https://www.awwwards.com/websites/portfolio/?page=66","https://assets.awwwards.com/awards/media/cache/thumb_880_660/submissions/2024/01/659a7ad38a91b985557714.png","2024-01-12T10:10:16Z"
"Krystof Portfolio Website","krystof-portfolio-website","submission","Design Agencies | Animation | Portfolio | Video | 3D","https://www.awwwards.com/sites/krystof-portfolio-website","https://www.awwwards.com/websites/portfolio/?page=68","https://assets.awwwards.com/awards/media/cache/thumb_880_660/submissions/2023/11/6567ae3ca45e9156988244.png","2023-12-07T09:04:32Z"
"Kunal Rajelli - Portfolio","kunal-rajelli-portfolio","submission","Transitions | Storytelling | GSAP | Design Agencies | React | Technology | UI design | Web & Interactive | Microinteractions | Animation | Figma | Portfolio","https://www.awwwards.com/sites/kunal-rajelli-portfolio","https://www.awwwards.com/websites/portfolio/?page=5","https://assets.awwwards.com/awards/media/cache/thumb_880_660/submissions/2026/08/6a6ea3dcb5f65411105477.png","2026-08-16T19:27:54Z"
"Kunal's Playground","kunals-playground","submission","Art & Illustration | Design Agencies | Web & Interactive | Graphic design | Portfolio | Data Visualization | Interaction Design | UI design","https://www.awwwards.com/sites/kunals-playground","https://www.awwwards.com/websites/portfolio/?page=62","https://assets.awwwards.com/awards/media/cache/thumb_880_660/submissions/2024/03/65e35ba02dbe2140172945.jpg","2024-03-07T08:35:27Z"
"Kurosawa - Design Manager","kurosawa-design-manager","submission","Mobile & Apps | Figma | Web & Interactive | Adobe Photoshop | Graphic design | Parallax | Portfolio | Responsive Design | Scrolling | Business & Corporate | UI design","https://www.awwwards.com/sites/kurosawa-design-manager","https://www.awwwards.com/websites/portfolio/?page=4","https://assets.awwwards.com/awards/media/cache/thumb_880_660/submissions/2026/08/6a76bc71db3ca763870432.png","2026-08-22T15:55:46Z"
"Kusaludhara.com","kusaludhara-com","submission","Design Agencies | Web & Interactive | Portfolio | Responsive Design | Typography | Forms and Input | About Page | Header Design | Startups | Framer","https://www.awwwards.com/sites/kusaludhara-com","https://www.awwwards.com/websites/portfolio/?page=37","https://assets.awwwards.com/awards/media/cache/thumb_880_660/submissions/2025/03/67d6a0af16c52041438057.jpg","2025-03-31T06:49:51Z"
"Kyle Conrad","kyle-conrad-2","submission","Design Agencies | Technology | Web & Interactive | Minimal | Portfolio | Interaction Design | Microinteractions | Contentful","https://www.awwwards.com/sites/kyle-conrad-2","https://www.awwwards.com/websites/portfolio/?page=35","https://assets.awwwards.com/awards/media/cache/thumb_880_660/submissions/2025/04/680683715e220592805322.png","2025-05-05T12:31:27Z"
"KZIADOVA — UI/UX DESIGNER","kziadova-ui-ux-designer","submission","Design Agencies | Other | Clean | Portfolio | Typography | Photography | UI design | Project Page | Figma | Framer","https://www.awwwards.com/sites/kziadova-ui-ux-designer","https://www.awwwards.com/websites/portfolio/?page=13","https://assets.awwwards.com/awards/media/cache/thumb_880_660/submissions/2026/04/69dd1e1831d69640360658.jpg","2026-04-23T10:26:00Z"
"L'épopée de Steven Dieu","lepopee-de-steven-dieu","submission","Art & Illustration | Games & Entertainment | Web & Interactive | Animation | Portfolio | Unusual Navigation | Sound-Audio | Storytelling | Interaction Design | Vanilla JS | Canvas API | Blender","https://www.awwwards.com/sites/lepopee-de-steven-dieu","https://www.awwwards.com/websites/portfolio/?page=2","https://assets.awwwards.com/awards/media/cache/thumb_880_660/submissions/2026/09/6a99c0fe653a4970808252.jpg","2026-09-16T08:33:55Z"
"La Despensa","la-despensa","submission","Business & Corporate | Design Agencies | Film & TV | Animation | Colorful | Portfolio | Copy design | Photo & Video | UI design","https://www.awwwards.com/sites/la-despensa","https://www.awwwards.com/websites/portfolio/?page=59","https://assets.awwwards.com/awards/media/cache/thumb_880_660/submissions/2024/04/6626458028c2a122843340.jpg","2024-04-23T08:37:55Z"
"LAB721","lab721-2","submission","Business & Corporate | Design Agencies | Animation | Minimal | Portfolio | 3D | Header Design | next.js","https://www.awwwards.com/sites/lab721-2","https://www.awwwards.com/websites/portfolio/?page=41","https://assets.awwwards.com/awards/media/cache/thumb_880_660/submissions/2025/01/678e7aa39d710798334303.jpg","2025-02-03T07:25:00Z"
"Lachezar Boyadzhiev","lachezar-boyadzhiev","submission","Art & Illustration | Animation | Portfolio | Video | Gallery | GSAP | Webflow","https://www.awwwards.com/sites/lachezar-boyadzhiev","https://www.awwwards.com/websites/portfolio/?page=22","https://assets.awwwards.com/awards/media/cache/thumb_880_660/submissions/2025/12/692d779806e90510980547.png","2025-12-10T11:51:45Z"
"LaCrapule Studio","lacrapule-studio","submission","Design Agencies | Promotional | Web & Interactive | Portfolio | Transitions | GSAP | Gestures / Interaction | Photo & Video | About Page | Project Page | Nuxt.js | Prismic","https://www.awwwards.com/sites/lacrapule-studio","https://www.awwwards.com/websites/portfolio/?page=24","https://assets.awwwards.com/awards/media/cache/thumb_880_660/submissions/2025/09/68bb0d7f38475413494866.png","2025-10-18T00:00:00Z"
"laksonline","laksonline","submission","Design Agencies | Clean | Flat Design | Minimal | Portfolio | Typography | Storytelling | Framer","https://www.awwwards.com/sites/laksonline","https://www.awwwards.com/websites/portfolio/?page=26","https://assets.awwwards.com/awards/media/cache/thumb_880_660/submissions/2025/09/68cd0ca769dd3895209867.png","2025-09-26T10:22:07Z"
"Lanterne Architectes","lanterne-architectes","submission","Architecture | Business & Corporate | Animation | Colorful | Portfolio | 3D | Content architecture | Webflow","https://www.awwwards.com/sites/lanterne-architectes","https://www.awwwards.com/websites/portfolio/?page=15","https://assets.awwwards.com/awards/media/cache/thumb_880_660/submissions/2026/03/69bd5745d1c6e157092550.jpg","2026-03-25T11:16:27Z"
"Lara Stumpf","lara-stumpf","submission","Other | Colorful | Minimal | Portfolio | Interaction Design | UI design | About Page","https://www.awwwards.com/sites/lara-stumpf","https://www.awwwards.com/websites/portfolio/?page=45","https://assets.awwwards.com/awards/media/cache/thumb_880_660/submissions/2024/11/672548873945b426169224.png","2024-11-13T06:21:00Z"
"Laura González UX Portfolio","laura-gonzalez-ux-portfolio","submission","Design Agencies | Technology | Web & Interactive | Graphic design | Portfolio | Responsive Design | Interaction Design | UI design | Figma","https://www.awwwards.com/sites/laura-gonzalez-ux-portfolio","https://www.awwwards.com/websites/portfolio/?page=17","https://assets.awwwards.com/awards/media/cache/thumb_880_660/submissions/2026/02/698f3a8d65bc2911028364.png","2026-02-26T11:26:58Z"
"Laurenti Web Design Studio","laurenti-web-design-studio","submission","Design Agencies | Web & Interactive | Animation | Portfolio | Typography | GSAP | Interaction Design | UI design | Next.js | Sanity","https://www.awwwards.com/sites/laurenti-web-design-studio","https://www.awwwards.com/websites/portfolio/?page=12","https://assets.awwwards.com/awards/media/cache/thumb_880_660/submissions/2026/05/69fb140364b2b340580762.png","2026-05-15T09:03:00Z"
"Lawted – Immersive 3D Story","lawted-immersive-3d-story","submission","Art & Illustration | Web & Interactive | Portfolio | Scrolling | Transitions | Sound-Audio | Storytelling | Three.js | 3D | Motion | Next.js","https://www.awwwards.com/sites/lawted-immersive-3d-story","https://www.awwwards.com/websites/portfolio/?page=28","https://assets.awwwards.com/awards/media/cache/thumb_880_660/submissions/2025/08/6899d915b50ab103076371.png","2025-08-26T13:31:37Z"
"LAX SPACE","lax-space","submission","Design Agencies | Web & Interactive | Minimal | Portfolio | Three.js | 3D | Filters and Effects | Interaction Design | UI design | Figma | Next.js","https://www.awwwards.com/sites/lax-space","https://www.awwwards.com/websites/portfolio/?page=27","https://assets.awwwards.com/awards/media/cache/thumb_880_660/submissions/2025/08/68a73648b4f4c004867428.png","2025-09-03T09:24:00Z"
"LAYER","layer","submission","Design Agencies | Games & Entertainment | Web & Interactive | Clean | Navigation Menu | Portfolio | Video | Gallery | Footer Design","https://www.awwwards.com/sites/layer","https://www.awwwards.com/websites/portfolio/?page=56","https://assets.awwwards.com/awards/media/cache/thumb_880_660/submissions/2024/05/664b642aa0919567151392.png","2024-05-30T10:38:33Z"
"LAYR Media","layr-media","submission","Gallery | Menu - Horizontal | Business & Corporate | UI design | Events | Figma | Animation | Next.js | Portfolio | Responsive Design | Photography","https://www.awwwards.com/sites/layr-media","https://www.awwwards.com/websites/portfolio/?page=4","https://assets.awwwards.com/awards/media/cache/thumb_880_660/submissions/2026/08/6a7add0e5d0fc372424741.png","2026-08-24T12:23:52Z"
"Leandra Fremont-Smith Design","leandra-fremont-smith-design","submission","Architecture | Business & Corporate | Colorful | Navigation Menu | Portfolio | Responsive Design | Interaction Design","https://www.awwwards.com/sites/leandra-fremont-smith-design","https://www.awwwards.com/websites/portfolio/?page=56","https://assets.awwwards.com/awards/media/cache/thumb_880_660/submissions/2024/05/6647b6716b899689743305.png","2024-05-27T06:06:14Z"
"LEEROY","leeroy-agency","submission","Business & Corporate | Design Agencies | Web & Interactive | Animation | Portfolio | Craft CMS | Filters and Effects | Interaction Design | UI design","https://www.awwwards.com/sites/leeroy-agency","https://www.awwwards.com/websites/portfolio/?page=44","https://assets.awwwards.com/awards/media/cache/thumb_880_660/submissions/2024/10/6723c90d26743151851966.jpg","2024-12-06T00:00:00Z"
"legencymedia.com","legencymedia-com","submission","Design Agencies | Technology | Web & Interactive | Navigation Menu | Portfolio | SEO | GSAP | UI design | BARBA.js | Astro","https://www.awwwards.com/sites/legencymedia-com","https://www.awwwards.com/websites/portfolio/","https://assets.awwwards.com/awards/media/cache/thumb_880_660/submissions/2026/09/6aa81bc1e2a2a309119305.png","2026-09-27T10:49:50Z"
"Lemontree.studio","lemontree-studio","submission","Design Agencies | Web & Interactive | Animation | Graphic design | Portfolio | Responsive Design | Scrolling | UI design | Startups","https://www.awwwards.com/sites/lemontree-studio","https://www.awwwards.com/websites/portfolio/?page=41","https://assets.awwwards.com/awards/media/cache/thumb_880_660/submissions/2025/01/679823506ed3a896127558.png","2025-02-05T07:33:26Z"
"Léo Crouzille","leo-crouzille","submission","Architecture | Animation | Big Background Images | Fullscreen | Photographic | Portfolio | Photography | Experimental | Gallery","https://www.awwwards.com/sites/leo-crouzille","https://www.awwwards.com/websites/portfolio/?page=57","https://assets.awwwards.com/awards/media/cache/thumb_880_660/submissions/2024/05/663cb4805e8ce292195132.png","2024-05-15T08:16:33Z"
"Léo Parpeix - Portfolio 2026","leo-parpeix-portfolio-2026","submission","Promotional | Web & Interactive | Animation | Portfolio | Typography | WebGL | Transitions | Experimental | 3D | Microinteractions | After Effects | Blender","https://www.awwwards.com/sites/leo-parpeix-portfolio-2026","https://www.awwwards.com/websites/portfolio/?page=2","https://assets.awwwards.com/awards/media/cache/thumb_880_660/submissions/2026/07/6a6ba260806b9778960270.jpg","2026-09-14T00:00:00Z"
"LEOLEO","leoleo-2","submission","Design Agencies | Web & Interactive | Portfolio | Video | 3D","https://www.awwwards.com/sites/leoleo-2","https://www.awwwards.com/websites/portfolio/?page=32","https://assets.awwwards.com/awards/media/cache/thumb_880_660/submissions/2025/05/6825f5442e1f0176675923.jpg","2025-06-20T00:00:00Z"
"Leonardo Moreira","leonardo-moreira","submission","Experimental | Storytelling | Three.js | Games & Entertainment | 3D | Web & Interactive | Astro | Portfolio | Retro | WebGL","https://www.awwwards.com/sites/leonardo-moreira","https://www.awwwards.com/websites/portfolio/?page=4","https://assets.awwwards.com/awards/media/cache/thumb_880_660/submissions/2026/08/6a7f5523ce7a9694295923.jpg","2026-08-28T09:25:55Z"
"Léopold Manguette","leopold-manguette","submission","Fashion | Promotional | Minimal | Portfolio | Responsive Design | Photography | Transitions | Photo & Video | UI design","https://www.awwwards.com/sites/leopold-manguette","https://www.awwwards.com/websites/portfolio/?page=45","https://assets.awwwards.com/awards/media/cache/thumb_880_660/submissions/2024/10/671d9216eb49c753416511.jpg","2024-11-06T06:40:00Z"
"LES ARBRES FRUITIERS","les-arbres-fruitiers","submission","Design Agencies | Food & Drink | Animation | Colorful | Portfolio | Illustration | Transitions | Interaction Design","https://www.awwwards.com/sites/les-arbres-fruitiers","https://www.awwwards.com/websites/portfolio/?page=65","https://assets.awwwards.com/awards/media/cache/thumb_880_660/submissions/2024/01/65aa822657098982029879.png","2024-01-30T10:24:54Z"
"Les Marteau Studio","les-marteau-studio","submission","Art & Illustration | Design Agencies | Web & Interactive | Animation | Navigation Menu | Portfolio | Responsive Design | Storytelling | UI design","https://www.awwwards.com/sites/les-marteau-studio","https://www.awwwards.com/websites/portfolio/?page=58","https://assets.awwwards.com/awards/media/cache/thumb_880_660/submissions/2024/04/662bc5cbd5338258879038.jpg","2024-05-07T08:40:50Z"
"Lesse Studio","lesse-studio","submission","Business & Corporate | Design Agencies | Technology | Animation | Portfolio | Three.js | 3D | Forms and Input | Interaction Design | Microinteractions | Svelte","https://www.awwwards.com/sites/lesse-studio","https://www.awwwards.com/websites/portfolio/?page=11","https://assets.awwwards.com/awards/media/cache/thumb_880_660/submissions/2026/05/69fc9cdac44d8048513195.png","2026-05-17T10:51:01Z"
"Linka","linka","submission","Film & TV | Animation | Wordpress | Portfolio | Photography | GSAP | Photo & Video | Figma","https://www.awwwards.com/sites/linka","https://www.awwwards.com/websites/portfolio/?page=9","https://assets.awwwards.com/awards/media/cache/thumb_880_660/submissions/2026/06/6a2fdf46d5cc1152417621.jpg","2026-06-30T09:43:00Z"
"Lisette Donkersloot","lisettedonkersloot","submission","Film & TV | Colorful | Portfolio | Video | Transitions","https://www.awwwards.com/sites/lisettedonkersloot","https://www.awwwards.com/websites/portfolio/?page=48","https://assets.awwwards.com/awards/media/cache/thumb_880_660/submissions/2024/10/66fd3e64ab704966647826.jpg","2024-10-03T07:08:00Z"
"LITESHOP2","liteshop2","submission","Art & Illustration | Design Agencies | Animation | CSS | Portfolio | Gallery | UI design | After Effects | Figma","https://www.awwwards.com/sites/liteshop2","https://www.awwwards.com/websites/portfolio/?page=17","https://assets.awwwards.com/awards/media/cache/thumb_880_660/submissions/2026/02/699446ea8d538388398892.jpg","2026-02-26T11:32:00Z"
"Little Lewis","little-lewis","submission","Art & Illustration | Web & Interactive | Colorful | Graphic design | Portfolio | Experimental | Framer","https://www.awwwards.com/sites/little-lewis","https://www.awwwards.com/websites/portfolio/?page=40","https://assets.awwwards.com/awards/media/cache/thumb_880_660/submissions/2025/01/679ca5ebb2d91021586183.jpeg","2025-02-13T07:20:00Z"
"Little Plains","little-plains","submission","Portfolio | Unusual Navigation | Illustration | Design Agencies | Content architecture | Technology | Interaction Design | Web & Interactive | Lottie | Colorful | Figma | CSS","https://www.awwwards.com/sites/little-plains","https://www.awwwards.com/websites/portfolio/?page=3","https://assets.awwwards.com/awards/media/cache/thumb_880_660/submissions/2026/08/6a847479a3234268385555.jpg","2026-09-02T12:12:02Z"
"Little Studio","little-studio-1","submission","Design Agencies | Promotional | Web & Interactive | Clean | Horizontal Layout | Portfolio | Unusual Navigation | Gallery | Gestures / Interaction","https://www.awwwards.com/sites/little-studio-1","https://www.awwwards.com/websites/portfolio/?page=61","https://assets.awwwards.com/awards/media/cache/thumb_880_660/submissions/2024/03/65e9a73de0117273666479.jpg","2024-03-11T08:46:16Z"
"Livespot360","livespot360","submission","Events | Promotional | Web & Interactive | Animation | Portfolio | Typography | Photo & Video","https://www.awwwards.com/sites/livespot360","https://www.awwwards.com/websites/portfolio/?page=56","https://assets.awwwards.com/awards/media/cache/thumb_880_660/submissions/2024/05/664dd10daff63335476979.png","2024-05-29T10:27:47Z"
"LIVEUP inc.","liveup-inc","submission","Business & Corporate | Design Agencies | Film & TV | Clean | Minimal | Parallax | Portfolio | Typography | WebGL | Photo & Video | Vue.js | Nuxt.js","https://www.awwwards.com/sites/liveup-inc","https://www.awwwards.com/websites/portfolio/?page=9","https://assets.awwwards.com/awards/media/cache/thumb_880_660/submissions/2026/06/6a2a98b9c235e949953642.png","2026-06-27T13:39:00Z"
"Ljoma Studio","ljoma-studio","submission","Events | Other | Clean | Portfolio | Experimental | Gallery | Filters and Effects | Interaction Design | Footer Design","https://www.awwwards.com/sites/ljoma-studio","https://www.awwwards.com/websites/portfolio/?page=67","https://assets.awwwards.com/awards/media/cache/thumb_880_660/submissions/2023/12/65849b65b531c043428185.jpg","2023-12-28T10:14:12Z"
"LML Design Studio","lml-design-studio","submission","Design Agencies | Web & Interactive | Flat Design | Portfolio | Scrolling | Typography | WebGL | Transitions | GSAP | 3D | Next.js","https://www.awwwards.com/sites/lml-design-studio","https://www.awwwards.com/websites/portfolio/?page=18","https://assets.awwwards.com/awards/media/cache/thumb_880_660/submissions/2026/02/698443c7e92a1231102393.png","2026-02-16T13:02:11Z"
"LN STUDIO","ln-studio","submission","Design Agencies | Web & Interactive | Wordpress | Graphic design | Minimal | Portfolio | Responsive Design | Photography | Photo & Video | Project Page | Elementor","https://www.awwwards.com/sites/ln-studio","https://www.awwwards.com/websites/portfolio/?page=16","https://assets.awwwards.com/awards/media/cache/thumb_880_660/submissions/2026/03/69ae9f861832c604176463.png","2026-03-21T12:23:00Z"
"Lo & Behold","lo-behold-1","submission","Design Agencies | Animation | Clean | Minimal | Portfolio | Responsive | GSAP | Three.js | 3D | Startups | Tailwind","https://www.awwwards.com/sites/lo-behold-1","https://www.awwwards.com/websites/portfolio/?page=26","https://assets.awwwards.com/awards/media/cache/thumb_880_660/submissions/2025/09/68dbf3c6d6795833171885.png","2025-10-01T10:25:00Z"
"LO2S","lo2s","submission","Events | Music & Sound | Big Background Images | Portfolio | React | Photo & Video | UI design","https://www.awwwards.com/sites/lo2s","https://www.awwwards.com/websites/portfolio/?page=28","https://assets.awwwards.com/awards/media/cache/thumb_880_660/submissions/2025/07/686ce64bb47d1646420537.png","2025-08-25T00:00:00Z"
"Local Studio","local-studio","submission","Design Agencies | Web & Interactive | Animation | Colorful | Portfolio | Illustration | 3D | UI design","https://www.awwwards.com/sites/local-studio","https://www.awwwards.com/websites/portfolio/?page=56","https://assets.awwwards.com/awards/media/cache/thumb_880_660/submissions/2024/06/665d54271b446950098230.png","2024-06-03T00:00:00Z"
"loehx.com","loehx-com","submission","Technology | Web & Interactive | Animation | Colorful | Parallax | Portfolio | Transitions | Three.js | React | 3D | Astro","https://www.awwwards.com/sites/loehx-com","https://www.awwwards.com/websites/portfolio/","https://assets.awwwards.com/awards/media/cache/thumb_880_660/submissions/2026/09/6aaff34b0b2f1526604773.jpg","2026-09-21T08:42:39Z"
"Logan DeBiase","logan-debiase","submission","Art & Illustration | Promotional | Web & Interactive | Clean | Portfolio | Single page | Typography | Copy design | Footer Design","https://www.awwwards.com/sites/logan-debiase","https://www.awwwards.com/websites/portfolio/?page=68","https://assets.awwwards.com/awards/media/cache/thumb_880_660/submissions/2023/12/6570f0dbeb954669344099.jpg","2023-12-11T09:34:03Z"
"Logotomia","logotomia","submission","Art & Illustration | Design Agencies | Web & Interactive | Minimal | Portfolio | UI design","https://www.awwwards.com/sites/logotomia","https://www.awwwards.com/websites/portfolio/?page=35","https://assets.awwwards.com/awards/media/cache/thumb_880_660/submissions/2025/04/68091636ec581329394751.png","2025-05-07T07:16:37Z"
"Loket Design","loket-design","submission","Business & Corporate | Design Agencies | Promotional | Animation | Clean | Portfolio | Content architecture | Interaction Design | About Page","https://www.awwwards.com/sites/loket-design","https://www.awwwards.com/websites/portfolio/?page=63","https://assets.awwwards.com/awards/media/cache/thumb_880_660/submissions/2024/01/65b91c8e1cb4f844490990.png","2024-02-15T00:00:00Z"
"LOOKSGREAT© 2024","looksgreat-c-2024","submission","Business & Corporate | Design Agencies | E-Commerce | Animation | Portfolio | UI design | About Page | Project Page | Contentful","https://www.awwwards.com/sites/looksgreat-c-2024","https://www.awwwards.com/websites/portfolio/?page=67","https://assets.awwwards.com/awards/media/cache/thumb_880_660/submissions/2023/12/6571d573ef467751824154.jpg","2023-12-13T09:28:28Z"
"loook.ai","loook-ai","submission","Business & Corporate | Technology | Web & Interactive | Animation | Wordpress | Portfolio | SEO | Typography | Illustration | 3D | Figma | Blender","https://www.awwwards.com/sites/loook-ai","https://www.awwwards.com/websites/portfolio/?page=11","https://assets.awwwards.com/awards/media/cache/thumb_880_660/submissions/2026/05/6a06f14e713d5948998978.png","2026-05-28T10:02:24Z"
"Loop Creative Studio","loop-creative-studio","submission","Portfolio | Unusual Navigation | Transitions | Art & Illustration | 3D | Design Agencies | Framer | Web & Interactive | Infinite Scroll | Minimal","https://www.awwwards.com/sites/loop-creative-studio","https://www.awwwards.com/websites/portfolio/?page=4","https://assets.awwwards.com/awards/media/cache/thumb_880_660/submissions/2026/08/6a7df9c6a646d977748407.png","2026-08-27T10:34:33Z"
"Loraine the Libra","loraine-the-libra","submission","Fashion | Film & TV | Animation | Portfolio | Typography | Interaction Design | UI design","https://www.awwwards.com/sites/loraine-the-libra","https://www.awwwards.com/websites/portfolio/?page=43","https://assets.awwwards.com/awards/media/cache/thumb_880_660/submissions/2024/12/6751e4cf2f481054214656.png","2024-12-17T07:49:22Z"
"Lorenzo Lannino","lorenzo-lannino","submission","GSAP | Interaction Design | Contact Page | Web & Interactive | Vercel | Animation | Typescript | Minimal | Portfolio | SEO","https://www.awwwards.com/sites/lorenzo-lannino","https://www.awwwards.com/websites/portfolio/?page=6","https://assets.awwwards.com/awards/media/cache/thumb_880_660/submissions/2026/07/6a5d379ce293b811258899.png","2026-08-02T13:28:00Z"
"LORISBUKVIC.GRAPHICS","lorisbukvic-graphics","submission","Art & Illustration | Design Agencies | Web & Interactive | Portfolio | Transitions | Gallery | GSAP | Three.js | 3D | UI design | Microinteractions | Next.js","https://www.awwwards.com/sites/lorisbukvic-graphics","https://www.awwwards.com/websites/portfolio/?page=18","https://assets.awwwards.com/awards/media/cache/thumb_880_660/submissions/2026/02/6980e833f2d0a479193239.png","2026-02-13T12:31:45Z"
"Lotachi Anidi - Portfolio25","lotachi-anidi-portfolio25","submission","Web & Interactive | Clean | Portfolio | React | Interaction Design | About Page | Startups | Lottie | Figma","https://www.awwwards.com/sites/lotachi-anidi-portfolio25","https://www.awwwards.com/websites/portfolio/?page=25","https://assets.awwwards.com/awards/media/cache/thumb_880_660/submissions/2025/09/68d6d4d8dc124410666774.jpg","2025-10-07T09:33:47Z"
"Louis Ansa","louis-ansa","submission","Design Agencies | Promotional | Web & Interactive | Animation | Portfolio | Typography | Transitions | 3D | Microinteractions","https://www.awwwards.com/sites/louis-ansa","https://www.awwwards.com/websites/portfolio/?page=42","https://assets.awwwards.com/awards/media/cache/thumb_880_660/submissions/2025/01/67879f7fe66f1830643445.jpg","2025-01-22T09:03:00Z"
"Louis Bocquet","louis-bocquet","submission","Other | Animation | Portfolio | Scrolling | Transitions | 3D | Microinteractions","https://www.awwwards.com/sites/louis-bocquet","https://www.awwwards.com/websites/portfolio/?page=46","https://assets.awwwards.com/awards/media/cache/thumb_880_660/submissions/2024/10/670c0c6fa6e3a306792095.png","2024-10-24T06:26:42Z"
"Louis Cuenot - Portfolio 2026","louis-cuenot-portfolio-2026","submission","Web & Interactive | Animation | Parallax | Portfolio | WebGL | Transitions | GSAP | React | 3D | Gestures / Interaction","https://www.awwwards.com/sites/louis-cuenot-portfolio-2026","https://www.awwwards.com/websites/portfolio/?page=20","https://assets.awwwards.com/awards/media/cache/thumb_880_660/submissions/2026/01/6962b9214e4ce343358395.jpg","2026-01-21T11:07:08Z"
"Louise Mertens","louise-mertens","submission","Art & Illustration | Web & Interactive | Clean | Horizontal Layout | Minimal | Portfolio | Gallery","https://www.awwwards.com/sites/louise-mertens","https://www.awwwards.com/websites/portfolio/?page=55","https://assets.awwwards.com/awards/media/cache/thumb_880_660/submissions/2024/06/6666b6012c4ea300820229.jpg","2024-06-18T06:58:10Z"
"Love and Money","love-and-money","submission","Design Agencies | Interaction Design | Clean | Figma | Graphic design | Luxury | HTML5 | Portfolio | Typography | Storytelling | Culture & Education | Craft CMS","https://www.awwwards.com/sites/love-and-money","https://www.awwwards.com/websites/portfolio/?page=4","https://assets.awwwards.com/awards/media/cache/thumb_880_660/submissions/2026/08/6a7b9dd25210d926618736.png","2026-08-25T12:18:00Z"
"Love and Money / work","love-and-money-work","submission","Design Agencies | Web & Interactive | Clean | Colorful | Graphic design | Portfolio","https://www.awwwards.com/sites/love-and-money-work","https://www.awwwards.com/websites/portfolio/?page=45","https://assets.awwwards.com/awards/media/cache/thumb_880_660/submissions/2024/10/670353a8b3bd6865409112.jpg","2024-11-07T00:00:00Z"
"LPAS","lpas","submission","Architecture | Web & Interactive | Wordpress | Portfolio | Responsive Design | GSAP | UI design | About Page | Header Design | Footer Design | Figma","https://www.awwwards.com/sites/lpas","https://www.awwwards.com/websites/portfolio/?page=3","https://assets.awwwards.com/awards/media/cache/thumb_880_660/submissions/2026/08/6a834ca95e78f943693095.jpg","2026-08-30T13:43:18Z"
"Luc Hohler Design","luc-hohler-design","submission","Design Agencies | Web & Interactive | Animation | Clean | Graphic design | Minimal | Portfolio | 3D","https://www.awwwards.com/sites/luc-hohler-design","https://www.awwwards.com/websites/portfolio/?page=34","https://assets.awwwards.com/awards/media/cache/thumb_880_660/submissions/2025/04/6810c668f0b43843115508.jpg","2025-05-12T09:31:53Z"
"Luca - Webflow Developer","luca-webflow-developer","submission","Promotional | Web & Interactive | Clean | Minimal | Portfolio | Typography | Storytelling | Microinteractions | Webflow","https://www.awwwards.com/sites/luca-webflow-developer","https://www.awwwards.com/websites/portfolio/?page=53","https://assets.awwwards.com/awards/media/cache/thumb_880_660/submissions/2024/07/6685239435f9c372731994.png","2024-07-12T05:57:00Z"
"LUCA DINI","luca-dini","submission","Architecture | Other | Animation | Parallax | Portfolio | Responsive Design | Scrolling | Photo & Video | Luxury","https://www.awwwards.com/sites/luca-dini","https://www.awwwards.com/websites/portfolio/?page=49","https://assets.awwwards.com/awards/media/cache/thumb_880_660/submissions/2024/09/66d86f1de0bdf619879355.jpg","2024-09-17T09:09:06Z"
"Luca Nardi Portfolio","luca-nardi-portfolio-2","submission","Music & Sound | Web & Interactive | Portfolio | Scrolling | WebGL | Experimental | Sound-Audio | Storytelling | GSAP | Three.js | 3D | Interaction Design","https://www.awwwards.com/sites/luca-nardi-portfolio-2","https://www.awwwards.com/websites/portfolio/?page=12","https://assets.awwwards.com/awards/media/cache/thumb_880_660/submissions/2026/05/69f84c93b5983972002752.png","2026-05-12T10:44:30Z"
"Luca Ravanelli - Portfolio","luca-ravanelli-portfolio","submission","Design Agencies | Other | Wordpress | Flat Design | Graphic design | Minimal | Portfolio | Responsive Design | Responsive | Javascript | Figma","https://www.awwwards.com/sites/luca-ravanelli-portfolio","https://www.awwwards.com/websites/portfolio/?page=19","https://assets.awwwards.com/awards/media/cache/thumb_880_660/submissions/2026/01/696f3c61c110f276877505.jpg","2026-01-30T12:21:08Z"
"Luca Volino - Portfolio 2025","luca-volino-portfolio-2025","submission","Web & Interactive | Animation | Clean | Minimal | Portfolio | WebGL | GSAP | UI design | BARBA.js","https://www.awwwards.com/sites/luca-volino-portfolio-2025","https://www.awwwards.com/websites/portfolio/?page=26","https://assets.awwwards.com/awards/media/cache/thumb_880_660/submissions/2025/09/68d1122ab62b1938833982.jpg","2025-10-04T14:32:34Z"
"Lucas YALMAN's Portfolio","lucas-yalmans-portfolio","submission","Art & Illustration | Promotional | Web & Interactive | Animation | Icons | Parallax | Portfolio | Storytelling | GSAP | Three.js | 3D | Blender","https://www.awwwards.com/sites/lucas-yalmans-portfolio","https://www.awwwards.com/websites/portfolio/?page=14","https://assets.awwwards.com/awards/media/cache/thumb_880_660/submissions/2026/04/69d019c33ae8c196106625.jpg","2026-04-15T10:26:00Z"
"lucasporterbakker.com","lucasporterbakker-com","submission","Other | Promotional | Clean | Portfolio | Responsive Design | Responsive | Microinteractions","https://www.awwwards.com/sites/lucasporterbakker-com","https://www.awwwards.com/websites/portfolio/?page=67","https://assets.awwwards.com/awards/media/cache/thumb_880_660/submissions/2023/12/658aa4a366308013087948.png","2023-12-21T10:58:00Z"
"Lücke Dachpartner","lucke-dachpartner","submission","Art & Illustration | Business & Corporate | Institutions | Clean | Horizontal Layout | Portfolio | Responsive Design | Content architecture | Microinteractions","https://www.awwwards.com/sites/lucke-dachpartner","https://www.awwwards.com/websites/portfolio/?page=62","https://assets.awwwards.com/awards/media/cache/thumb_880_660/submissions/2024/02/65d15cd6b72c1761562076.jpg","2024-02-23T09:54:50Z"
"Ludovic Roth","ludovic-roth","submission","Art & Illustration | Design Agencies | Minimal | Portfolio | Video | GSAP | Interaction Design | Photo & Video | Project Page | Webflow | Figma","https://www.awwwards.com/sites/ludovic-roth","https://www.awwwards.com/websites/portfolio/?page=24","https://assets.awwwards.com/awards/media/cache/thumb_880_660/submissions/2025/10/68ef3d3f936ae003296590.png","2025-10-21T11:09:22Z"
"Lué Studio","lue-studio","submission","Art & Illustration | Design Agencies | Web & Interactive | Colorful | Portfolio | Illustration | Storytelling | Forms and Input | Microinteractions","https://www.awwwards.com/sites/lue-studio","https://www.awwwards.com/websites/portfolio/?page=32","https://assets.awwwards.com/awards/media/cache/thumb_880_660/submissions/2025/06/6846b463b9cf8899110074.jpg","2025-06-24T09:49:00Z"
"Luis Bizarro","luis-bizarro","submission","Technology | Web & Interactive | Portfolio | Single page | Experimental | 3D | Gestures / Interaction | Filters and Effects","https://www.awwwards.com/sites/luis-bizarro","https://www.awwwards.com/websites/portfolio/?page=55","https://assets.awwwards.com/awards/media/cache/thumb_880_660/submissions/2024/05/664d74784938e819051502.png","2024-06-14T00:00:00Z"
"Luke Baffait","luke-baffait","submission","Art & Illustration | Technology | Web & Interactive | Animation | Graphic design | Portfolio | WebGL | Storytelling | GSAP | 3D | UI design | Blender","https://www.awwwards.com/sites/luke-baffait","https://www.awwwards.com/websites/portfolio/?page=11","https://assets.awwwards.com/awards/media/cache/thumb_880_660/submissions/2026/05/6a050015e4d00254390556.jpg","2026-05-26T09:22:07Z"
"LUMVIN","lumvin","submission","Technology | Portfolio | Startups | Webflow","https://www.awwwards.com/sites/lumvin","https://www.awwwards.com/websites/portfolio/?page=30","https://assets.awwwards.com/awards/media/cache/thumb_880_660/submissions/2025/07/686f6873195d3075772074.png","2025-07-17T10:53:00Z"
"Lundani Studio","lundani-studio","submission","Design Agencies | Minimal | Portfolio | Responsive Design | Photography | Framer","https://www.awwwards.com/sites/lundani-studio","https://www.awwwards.com/websites/portfolio/?page=10","https://assets.awwwards.com/awards/media/cache/thumb_880_660/submissions/2026/05/6a184c3e00af3922462775.png","2026-06-11T10:05:42Z"
"Lunivers","lunivers","submission","Design Agencies | Web & Interactive | Animation | Colorful | Flat Design | Portfolio | Typography | Responsive","https://www.awwwards.com/sites/lunivers","https://www.awwwards.com/websites/portfolio/?page=67","https://assets.awwwards.com/awards/media/cache/thumb_880_660/submissions/2023/12/65782a8276acd612701112.jpg","2023-12-15T09:22:52Z"
"Luzia con Zeta 2025","luzia-con-zeta-2025","submission","Art & Illustration | Design Agencies | Graphic design | Minimal | Photographic | Portfolio | Photography | Filters and Effects | Copy design","https://www.awwwards.com/sites/luzia-con-zeta-2025","https://www.awwwards.com/websites/portfolio/?page=33","https://assets.awwwards.com/awards/media/cache/thumb_880_660/submissions/2025/06/683dbb9e504c6297107771.png","2025-06-04T10:09:12Z"
"Lydia Amaruch's Portfolio","lydia-amaruchs-portfolio","submission","Art & Illustration | Design Agencies | Web & Interactive | Animation | Portfolio | Typography | Responsive | Copy design | UI design | Figma | Readymag | Adobe Illustrator","https://www.awwwards.com/sites/lydia-amaruchs-portfolio","https://www.awwwards.com/websites/portfolio/?page=28","https://assets.awwwards.com/awards/media/cache/thumb_880_660/submissions/2025/08/689a33d15bf37628744203.png","2025-08-23T08:49:25Z"
"M. Ali Kapadia","m-ali-kapadia","submission","Film & TV | Technology | Web & Interactive | Clean | Portfolio | Retro | Single page | Video | Responsive","https://www.awwwards.com/sites/m-ali-kapadia","https://www.awwwards.com/websites/portfolio/?page=33","https://assets.awwwards.com/awards/media/cache/thumb_880_660/submissions/2025/05/682573001d91b648866727.png","2025-06-02T09:17:01Z"
"Mac Media","mac-media","submission","Film & TV | Clean | Minimal | Photographic | Portfolio | Photo & Video | Microinteractions","https://www.awwwards.com/sites/mac-media","https://www.awwwards.com/websites/portfolio/?page=60","https://assets.awwwards.com/awards/media/cache/thumb_880_660/submissions/2024/04/660c0a45bf277288825020.png","2024-04-05T08:44:11Z"
"Mad Monkey","mad-monkey","submission","Animation | Fullscreen | Photographic | Portfolio | Video | Art & Illustration | Photo & Video | Business & Corporate | Webflow | Film & TV","https://www.awwwards.com/sites/mad-monkey","https://www.awwwards.com/websites/portfolio/?page=3","https://assets.awwwards.com/awards/media/cache/thumb_880_660/submissions/2026/09/6a96f8b2d474e655787190.png","2026-09-03T11:00:07Z"
"Made In Evolve","made-in-evolve","submission","Design Agencies | Technology | Web & Interactive | Animation | Graphic design | Portfolio | Shopify | Photo & Video | UI design | Footer Design","https://www.awwwards.com/sites/made-in-evolve","https://www.awwwards.com/websites/portfolio/?page=54","https://assets.awwwards.com/awards/media/cache/thumb_880_660/submissions/2024/06/667296124a36c530904182.jpg","2024-06-26T08:28:00Z"
"Made in May","made-in-may","submission","Design Agencies | Animation | Portfolio | Scrolling | Typography | Filters and Effects | Microinteractions | Lottie | Webflow | Figma","https://www.awwwards.com/sites/made-in-may","https://www.awwwards.com/websites/portfolio/?page=9","https://assets.awwwards.com/awards/media/cache/thumb_880_660/submissions/2026/06/6a2872db814ce325628785.jpg","2026-06-30T09:40:00Z"
"MadeByShape","madebyshape-2","submission","Business & Corporate | Design Agencies | Web & Interactive | Navigation Menu | Portfolio | Responsive Design | Microinteractions | Footer Design | 404 pages","https://www.awwwards.com/sites/madebyshape-2","https://www.awwwards.com/websites/portfolio/?page=60","https://assets.awwwards.com/awards/media/cache/thumb_880_660/submissions/2024/03/6602eba96efe8298467613.jpg","2024-04-05T08:47:11Z"
"Madhu Kalyanaraman","madhu-kalyanaraman","submission","Business & Corporate | Film & TV | Web & Interactive | Clean | Minimal | Portfolio | Gallery | Storytelling | Figma | Adobe Illustrator","https://www.awwwards.com/sites/madhu-kalyanaraman","https://www.awwwards.com/websites/portfolio/?page=29","https://assets.awwwards.com/awards/media/cache/thumb_880_660/submissions/2025/07/6880574d5105d794176452.png","2025-08-07T10:06:38Z"
"MADMUSEM","madmusem","submission","Art & Illustration | Design Agencies | Animation | Colorful | Portfolio | Responsive Design | Experimental | Storytelling | Contentful","https://www.awwwards.com/sites/madmusem","https://www.awwwards.com/websites/portfolio/?page=60","https://assets.awwwards.com/awards/media/cache/thumb_880_660/submissions/2024/03/6603f8a766e0e261451284.jpg","2024-04-04T08:39:26Z"
"Madrepunk™ Studio","madrepunktm-studio","submission","Design Agencies | Web & Interactive | Infinite Scroll | Portfolio | WebGL | Three.js | Interaction Design | UI design | Microinteractions | Framer","https://www.awwwards.com/sites/madrepunktm-studio","https://www.awwwards.com/websites/portfolio/?page=9","https://assets.awwwards.com/awards/media/cache/thumb_880_660/submissions/2026/06/6a276864d9f8a063009207.jpg","2026-06-24T10:24:00Z"
"Magic 5 - Custom web design","magic-5-custom-web-design","submission","Other | Technology | Web & Interactive | Animation | Portfolio | Responsive Design | SVG | GSAP | PHP | Gestures / Interaction | Microinteractions","https://www.awwwards.com/sites/magic-5-custom-web-design","https://www.awwwards.com/websites/portfolio/?page=18","https://assets.awwwards.com/awards/media/cache/thumb_880_660/submissions/2026/02/698c9068d664a519447941.png","2026-02-24T11:15:57Z"
"Magic film","magic-film","submission","Film & TV | Graphic design | Infinite Scroll | Portfolio | Video | Photo & Video | Contentful","https://www.awwwards.com/sites/magic-film","https://www.awwwards.com/websites/portfolio/?page=47","https://assets.awwwards.com/awards/media/cache/thumb_880_660/submissions/2024/10/66fcfc637ad7e284581112.png","2024-10-10T05:59:00Z"
"Magram, Software Development","magram-software-development","submission","Business & Corporate | Design Agencies | Technology | Animation | Clean | Minimal | Portfolio | Typography | Transitions | GSAP | Webflow | Figma","https://www.awwwards.com/sites/magram-software-development","https://www.awwwards.com/websites/portfolio/?page=29","https://assets.awwwards.com/awards/media/cache/thumb_880_660/submissions/2025/07/687f9d3672529467552782.jpg","2025-08-07T10:06:43Z"
"Majd","majd","submission","Art & Illustration | Other | Web & Interactive | Animation | Portfolio | Scrolling | 3D | Interaction Design | UI design | Framer","https://www.awwwards.com/sites/majd","https://www.awwwards.com/websites/portfolio/?page=10","https://assets.awwwards.com/awards/media/cache/thumb_880_660/submissions/2026/06/6a2034eef2751715348331.png","2026-06-18T11:15:00Z"
"MAJOR ARCANA","major-arcana","submission","Art & Illustration | Graphic design | Portfolio | Gallery | Illustration | Project Page","https://www.awwwards.com/sites/major-arcana","https://www.awwwards.com/websites/portfolio/?page=58","https://assets.awwwards.com/awards/media/cache/thumb_880_660/submissions/2024/04/66238289d807f294867869.jpg","2024-04-26T08:03:53Z"
"Major Media Agency","major-media-agency","submission","Events | Film & TV | Sports | Portfolio | Gallery | Photo & Video | UI design | About Page | Contact Page | Figma | Cinema 4D | Framer","https://www.awwwards.com/sites/major-media-agency","https://www.awwwards.com/websites/portfolio/?page=12","https://assets.awwwards.com/awards/media/cache/thumb_880_660/submissions/2026/05/69f4ffb08e040527372363.jpg","2026-05-12T10:44:58Z"
"MAKETHECUT®","makethecut-studio","submission","Business & Corporate | Design Agencies | Web & Interactive | Fullscreen | Minimal | Portfolio | Unusual Navigation | Transitions | Interaction Design","https://www.awwwards.com/sites/makethecut-studio","https://www.awwwards.com/websites/portfolio/?page=50","https://assets.awwwards.com/awards/media/cache/thumb_880_660/submissions/2024/08/66c774c4ed945243979687.jpg","2024-09-03T05:50:03Z"
"Makings","makings","submission","Design Agencies | Portfolio | Forms and Input | UI design | About Page | Contact Page | 404 pages | Startups","https://www.awwwards.com/sites/makings","https://www.awwwards.com/websites/portfolio/?page=57","https://assets.awwwards.com/awards/media/cache/thumb_880_660/submissions/2024/05/6638326caef47339962556.png","2024-05-13T08:30:47Z"
"Maksim Anisimov Portfolio","maksim-anisimov-portfolio","submission","Design Agencies | Other | Web & Interactive | Clean | Navigation Menu | Portfolio | Responsive Design | Typography | UI design","https://www.awwwards.com/sites/maksim-anisimov-portfolio","https://www.awwwards.com/websites/portfolio/?page=40","https://assets.awwwards.com/awards/media/cache/thumb_880_660/submissions/2025/02/67a2cc784f634910603319.png","2025-02-18T17:42:38Z"
"Maksim—Postnikov © Portfolio","maksim-postnikov-c-portfolio","submission","Design Agencies | Technology | Web & Interactive | Minimal | Portfolio | Responsive | About Page | Microinteractions | Project Page","https://www.awwwards.com/sites/maksim-postnikov-c-portfolio","https://www.awwwards.com/websites/portfolio/?page=53","https://assets.awwwards.com/awards/media/cache/thumb_880_660/submissions/2024/07/6690d3379bfcb255415989.jpg","2024-07-16T05:53:00Z"
"Malik Walker - Portfolio","malik-walker-portfolio","submission","Games & Entertainment | Mobile & Apps | Web & Interactive | Clean | Portfolio | Responsive | Interaction Design | UI design | Microinteractions","https://www.awwwards.com/sites/malik-walker-portfolio","https://www.awwwards.com/websites/portfolio/?page=49","https://assets.awwwards.com/awards/media/cache/thumb_880_660/submissions/2024/09/66db27b7e9f34106203971.png","2024-09-20T05:21:35Z"
"Malvah.Studio","malvah-studio","submission","Design Agencies | Web & Interactive | Clean | Flat Design | Minimal | Portfolio | Microinteractions | 404 pages","https://www.awwwards.com/sites/malvah-studio","https://www.awwwards.com/websites/portfolio/?page=61","https://assets.awwwards.com/awards/media/cache/thumb_880_660/submissions/2024/03/65eff92d2f9cc295919735.jpg","2024-03-22T00:00:00Z"
"MANGO 🥭 IN SPACE ✨ 6.0","mango-in-space-6-0","submission","Art & Illustration | Web & Interactive | Animation | Colorful | Portfolio | Experimental | GSAP | Three.js | React | 3D | Interaction Design | Microinteractions","https://www.awwwards.com/sites/mango-in-space-6-0","https://www.awwwards.com/websites/portfolio/?page=13","https://assets.awwwards.com/awards/media/cache/thumb_880_660/submissions/2026/05/69f9da0f62b2d550680845.jpg","2026-04-19T20:25:00Z"
"Maniac Studios","maniac-studios","submission","Art & Illustration | Design Agencies | Web & Interactive | Animation | Graphic design | Portfolio | Retro | Video | 3D","https://www.awwwards.com/sites/maniac-studios","https://www.awwwards.com/websites/portfolio/?page=50","https://assets.awwwards.com/awards/media/cache/thumb_880_660/submissions/2024/08/66cb48113cfa1994293185.jpg","2024-09-05T06:04:00Z"
"Mansellmade","mansellmade","submission","Business & Corporate | Design Agencies | Promotional | Navigation Menu | Parallax | Portfolio | Typography | Transitions | Microinteractions","https://www.awwwards.com/sites/mansellmade","https://www.awwwards.com/websites/portfolio/?page=58","https://assets.awwwards.com/awards/media/cache/thumb_880_660/submissions/2024/04/662e7c4231577269927149.jpg","2024-05-07T08:41:49Z"
"Mantis","mantis","submission","Design Agencies | Web & Interactive | Big Background Images | Portfolio | Scrolling | Typography | WebGL | Experimental | 3D | About Page | Figma | Cinema 4D","https://www.awwwards.com/sites/mantis","https://www.awwwards.com/websites/portfolio/?page=23","https://assets.awwwards.com/awards/media/cache/thumb_880_660/submissions/2025/09/68c64e4e483c8907475446.png","2025-11-08T00:00:00Z"
"Marc Friedman Portfolio","marc-friedman-portfolio","submission","Business & Corporate | Design Agencies | Web & Interactive | Animation | Portfolio | Responsive | Filters and Effects | UI design | Project Page","https://www.awwwards.com/sites/marc-friedman-portfolio","https://www.awwwards.com/websites/portfolio/?page=31","https://assets.awwwards.com/awards/media/cache/thumb_880_660/submissions/2025/06/68550de63c63c473374933.png","2025-07-08T09:58:14Z"
"Marc Kuiper","marc-kuiper","submission","Business & Corporate | Design Agencies | Web & Interactive | Clean | Flat Design | Minimal | Portfolio | Responsive Design | UI design | Framer","https://www.awwwards.com/sites/marc-kuiper","https://www.awwwards.com/websites/portfolio/?page=65","https://assets.awwwards.com/awards/media/cache/thumb_880_660/submissions/2024/01/659e8282e2b55961173437.jpg","2024-01-15T08:42:35Z"
"Marcel Apitty","marcel-apitty","submission","Design Agencies | Other | Web & Interactive | Fullscreen | Navigation Menu | Portfolio | Responsive Design | UI design","https://www.awwwards.com/sites/marcel-apitty","https://www.awwwards.com/websites/portfolio/?page=65","https://assets.awwwards.com/awards/media/cache/thumb_880_660/submissions/2024/01/65a8ecabf32a3844480038.png","2024-01-24T09:40:26Z"
"March Branding","march-branding","submission","Business & Corporate | Design Agencies | Web & Interactive | Animation | Clean | Portfolio | Transitions","https://www.awwwards.com/sites/march-branding","https://www.awwwards.com/websites/portfolio/?page=51","https://assets.awwwards.com/awards/media/cache/thumb_880_660/submissions/2024/08/66c5e22d6bdde327880326.png","2024-08-27T05:34:34Z"
"marchuenerwadel.com","marchuenerwadel-com","submission","Art & Illustration | Culture & Education | Other | Clean | Portfolio | Gallery | Content architecture | Photo & Video | About Page | Blender | Framer","https://www.awwwards.com/sites/marchuenerwadel-com","https://www.awwwards.com/websites/portfolio/?page=17","https://assets.awwwards.com/awards/media/cache/thumb_880_660/submissions/2026/02/698e09ea2d375012411413.png","2026-02-25T10:26:20Z"
"Marco De Luca Digital Designer","marco-de-luca-digital-designer","submission","Design Agencies | Web & Interactive | Animation | Portfolio | Transitions | 3D | Filters and Effects | next.js","https://www.awwwards.com/sites/marco-de-luca-digital-designer","https://www.awwwards.com/websites/portfolio/?page=49","https://assets.awwwards.com/awards/media/cache/thumb_880_660/submissions/2024/09/66e2e40520195967485504.jpg","2024-09-24T05:44:38Z"
"Marcus Muller","marcus-muller","submission","Other | Fullscreen | Navigation Menu | Portfolio | Responsive Design | Photography | UI design","https://www.awwwards.com/sites/marcus-muller","https://www.awwwards.com/websites/portfolio/?page=63","https://assets.awwwards.com/awards/media/cache/thumb_880_660/submissions/2024/02/65ce020e06928469154197.jpg","2024-02-21T08:39:41Z"
"Marcyen Portfolio","marcyen-portfolio","submission","Design Agencies | Web & Interactive | Graphic design | Portfolio | Scrolling | Single page | Experimental | Interaction Design | UI design","https://www.awwwards.com/sites/marcyen-portfolio","https://www.awwwards.com/websites/portfolio/?page=64","https://assets.awwwards.com/awards/media/cache/thumb_880_660/submissions/2024/02/65bc00019cd57379779113.jpg","2024-02-05T09:35:54Z"
"Marga Navarro","marga-navarro","submission","Design Agencies | Technology | Web & Interactive | Portfolio | Responsive Design | Interaction Design | UI design | About Page | Microinteractions","https://www.awwwards.com/sites/marga-navarro","https://www.awwwards.com/websites/portfolio/?page=37","https://assets.awwwards.com/awards/media/cache/thumb_880_660/submissions/2025/03/67c9462e9dca4069131208.jpg","2025-03-31T00:00:00Z"
"Maria João Abrantes","maria-joao-abrantes","submission","Typography | React | Interaction Design | Design Agencies | About Page | Technology | Project Page | Web & Interactive | Vercel | Clean | Next.js | Portfolio","https://www.awwwards.com/sites/maria-joao-abrantes","https://www.awwwards.com/websites/portfolio/?page=5","https://assets.awwwards.com/awards/media/cache/thumb_880_660/submissions/2026/08/6a74c70f013a0686944357.png","2026-08-19T13:55:29Z"
"Maria Prokhorova | Portfolio","maria-prokhorova-portfolio","submission","Design Agencies | Other | Web & Interactive | Clean | Portfolio | Responsive Design | Scrolling | Single page | Typography | Framer","https://www.awwwards.com/sites/maria-prokhorova-portfolio","https://www.awwwards.com/websites/portfolio/?page=39","https://assets.awwwards.com/awards/media/cache/thumb_880_660/submissions/2025/02/67aa4e0a85ad7938343614.jpg","2025-02-25T06:51:38Z"
"Maria Vareva","maria-vareva","submission","Business & Corporate | Technology | Portfolio | Startups | Framer","https://www.awwwards.com/sites/maria-vareva","https://www.awwwards.com/websites/portfolio/?page=20","https://assets.awwwards.com/awards/media/cache/thumb_880_660/submissions/2026/01/6969a75e7609a128208936.png","2026-01-26T11:48:00Z"
"Maria Vargas Portfolio 2.0","maria-vargas-portfolio-2-0","submission","Web & Interactive | Animation | Portfolio | Responsive Design | Typography | UI design","https://www.awwwards.com/sites/maria-vargas-portfolio-2-0","https://www.awwwards.com/websites/portfolio/?page=65","https://assets.awwwards.com/awards/media/cache/thumb_880_660/submissions/2023/12/6590a44033627187434733.png","2024-01-15T00:00:00Z"
"Maria Vasilyeva Portfolio","maria-vasilyeva-portfolio","submission","Other | Promotional | Web & Interactive | Animation | CSS | Navigation Menu | Portfolio | Typography | WebGL | Interaction Design | UI design | Sanity","https://www.awwwards.com/sites/maria-vasilyeva-portfolio","https://www.awwwards.com/websites/portfolio/?page=3","https://assets.awwwards.com/awards/media/cache/thumb_880_660/submissions/2026/08/6a87093710758900048487.png","2026-09-02T12:15:48Z"
"Marie's portfolio / end-to-end ux designer","maries-portfolio-end-to-end-ux-designer","submission","Other | Promotional | Web & Interactive | Wordpress | Minimal | Portfolio | WebGL | Responsive | 3D | Gestures / Interaction | Javascript","https://www.awwwards.com/sites/maries-portfolio-end-to-end-ux-designer","https://www.awwwards.com/websites/portfolio/?page=28","https://assets.awwwards.com/awards/media/cache/thumb_880_660/submissions/2025/08/689b024108932268704453.jpg","2025-08-25T18:43:11Z"
"Marimba. Designs Portfolio","marimba-designs-portfolio","submission","Design Agencies | Web & Interactive | CSS | HTML5 | Portfolio | GSAP","https://www.awwwards.com/sites/marimba-designs-portfolio","https://www.awwwards.com/websites/portfolio/?page=13","https://assets.awwwards.com/awards/media/cache/thumb_880_660/submissions/2026/04/69de98afc7c98153015918.png","2026-04-23T10:30:00Z"
"Marin Kurir - Digital Designer","marin-kurir-digital-designer","submission","Promotional | Technology | Web & Interactive | Animation | Clean | Portfolio | Storytelling | Interaction Design | UI design | Webflow | After Effects | Figma","https://www.awwwards.com/sites/marin-kurir-digital-designer","https://www.awwwards.com/websites/portfolio/?page=11","https://assets.awwwards.com/awards/media/cache/thumb_880_660/submissions/2026/04/69ee70e15ba9d849262570.jpg","2026-05-16T12:20:01Z"
"Mario Roudil","mario-roudil","submission","Film & TV | Web & Interactive | Animation | Portfolio | Photography | 3D | Interaction Design | About Page | Microinteractions","https://www.awwwards.com/sites/mario-roudil","https://www.awwwards.com/websites/portfolio/?page=36","https://assets.awwwards.com/awards/media/cache/thumb_880_660/submissions/2025/03/67d59c93a49cf098975420.jpg","2025-04-10T00:00:00Z"
"Marius Naujokas Portfolio","marius-naujokas-portfolio","submission","Art & Illustration | Design Agencies | E-Commerce | Clean | Portfolio | Gallery | Header Design | Contact Page | Footer Design","https://www.awwwards.com/sites/marius-naujokas-portfolio","https://www.awwwards.com/websites/portfolio/?page=62","https://assets.awwwards.com/awards/media/cache/thumb_880_660/submissions/2024/02/65d4717fc4aac648551041.jpg","2024-02-27T09:21:32Z"
"Marius Remy 2024 Portfolio","marius-remy-2024-portfolio","submission","Web & Interactive | Animation | Portfolio | Transitions | Gestures / Interaction | UI design","https://www.awwwards.com/sites/marius-remy-2024-portfolio","https://www.awwwards.com/websites/portfolio/?page=42","https://assets.awwwards.com/awards/media/cache/thumb_880_660/submissions/2024/12/676ad72232cad930681996.png","2025-01-08T07:21:49Z"
"Mark Clennon","mark-clennon","submission","Film & TV | Web & Interactive | Clean | Portfolio | Photography | Transitions | Gallery | UI design","https://www.awwwards.com/sites/mark-clennon","https://www.awwwards.com/websites/portfolio/?page=38","https://assets.awwwards.com/awards/media/cache/thumb_880_660/submissions/2025/02/67a551d230c8c024508696.png","2025-03-06T00:00:00Z"
"Mark Design Boutique","mark-design-boutique","submission","Art & Illustration | Design Agencies | Web & Interactive | Animation | Clean | Minimal | Portfolio | Typography | UI design | Vercel | Javascript | Figma","https://www.awwwards.com/sites/mark-design-boutique","https://www.awwwards.com/websites/portfolio/?page=15","https://assets.awwwards.com/awards/media/cache/thumb_880_660/submissions/2026/03/69b5563165421290138112.png","2026-03-26T15:37:00Z"
"Markarian","markarian-1","submission","Business & Corporate | Promotional | Web & Interactive | Clean | Minimal | Portfolio | Single page | UI design","https://www.awwwards.com/sites/markarian-1","https://www.awwwards.com/websites/portfolio/?page=37","https://assets.awwwards.com/awards/media/cache/thumb_880_660/submissions/2025/03/67d9c8386f5c0765095186.png","2025-03-27T07:33:17Z"
"Martin Briceno - Portfolio","martin-briceno-portfolio-2","submission","Design Agencies | Promotional | Clean | Minimal | Portfolio | Experimental | Figma","https://www.awwwards.com/sites/martin-briceno-portfolio-2","https://www.awwwards.com/websites/portfolio/?page=28","https://assets.awwwards.com/awards/media/cache/thumb_880_660/submissions/2025/07/68758a7091297218724774.jpg","2025-08-29T00:00:00Z"
"Martin Laxenaire '25 Portfolio","martin-laxenaire-25-portfolio","submission","Web & Interactive | Animation | Colorful | Portfolio | Retro | GSAP | 3D | Gestures / Interaction | Nuxt.js | Canvas API","https://www.awwwards.com/sites/martin-laxenaire-25-portfolio","https://www.awwwards.com/websites/portfolio/?page=26","https://assets.awwwards.com/awards/media/cache/thumb_880_660/submissions/2025/09/68c033a6d2ede917399350.jpg","2025-09-23T10:25:50Z"
"Martín Priotti – Portfolio","martin-priotti-portfolio-1","submission","Design Agencies | Mobile & Apps | Web & Interactive | Animation | Clean | Parallax | Portfolio | Single page | 3D","https://www.awwwards.com/sites/martin-priotti-portfolio-1","https://www.awwwards.com/websites/portfolio/?page=48","https://assets.awwwards.com/awards/media/cache/thumb_880_660/submissions/2024/09/66ed9e35bf8c6918312176.png","2024-10-01T06:05:00Z"
"Martin Ukhanov Portfolio","martin-ukhanov-portfolio","submission","Other | Web & Interactive | Clean | Navigation Menu | Portfolio | Single page | Transitions | Microinteractions","https://www.awwwards.com/sites/martin-ukhanov-portfolio","https://www.awwwards.com/websites/portfolio/?page=41","https://assets.awwwards.com/awards/media/cache/thumb_880_660/submissions/2025/01/679018d64e928341142369.png","2025-01-31T07:25:03Z"
"Martina Galleri's Portfolio","martina-galleris-portfolio","submission","Design Agencies | Web & Interactive | Minimal | Portfolio | Interaction Design | UI design","https://www.awwwards.com/sites/martina-galleris-portfolio","https://www.awwwards.com/websites/portfolio/?page=65","https://assets.awwwards.com/awards/media/cache/thumb_880_660/submissions/2024/01/65b11d253a054521583258.jpg","2024-01-30T10:19:34Z"
"Maryse Ceha","maryse-ceha","submission","Art & Illustration | Fullscreen | Portfolio | Photo & Video","https://www.awwwards.com/sites/maryse-ceha","https://www.awwwards.com/websites/portfolio/?page=60","https://assets.awwwards.com/awards/media/cache/thumb_880_660/submissions/2024/03/660307278ca37402811667.jpg","2024-04-03T09:22:00Z"
"Mason Wong","mason-wong","submission","Design Agencies | Web & Interactive | Big Background Images | Parallax | Portfolio | Typography | Responsive | UI design | Framer","https://www.awwwards.com/sites/mason-wong","https://www.awwwards.com/websites/portfolio/?page=19","https://assets.awwwards.com/awards/media/cache/thumb_880_660/submissions/2026/01/6973aa6922d21208721790.png","2026-01-28T10:29:00Z"
"Mat Voyce","mat-voyce","submission","Art & Illustration | Music & Sound | Promotional | Animation | Navigation Menu | Portfolio | Typography | Illustration | Microinteractions","https://www.awwwards.com/sites/mat-voyce","https://www.awwwards.com/websites/portfolio/?page=41","https://assets.awwwards.com/awards/media/cache/thumb_880_660/submissions/2025/01/6785bfbbe6a2e266919873.jpg","2025-01-30T00:00:00Z"
"Match Studio","match-studio","submission","Art & Illustration | Business & Corporate | Design Agencies | Clean | Flat Design | Minimal | Portfolio | 3D","https://www.awwwards.com/sites/match-studio","https://www.awwwards.com/websites/portfolio/?page=59","https://assets.awwwards.com/awards/media/cache/thumb_880_660/submissions/2024/04/6613a7b91b0c9751910835.jpg","2024-04-23T00:00:00Z"
"Mater Agency (ex. EuroART93)","mater-agency-ex-euroart93","submission","Business & Corporate | Design Agencies | Web & Interactive | Portfolio | Scrolling | Transitions | Gestures / Interaction | Filters and Effects | Microinteractions","https://www.awwwards.com/sites/mater-agency-ex-euroart93","https://www.awwwards.com/websites/portfolio/?page=46","https://assets.awwwards.com/awards/media/cache/thumb_880_660/submissions/2024/10/6714ee365934b479297427.jpg","2024-10-31T06:31:38Z"
"Mathis Biabiany","mathis-biabiany","submission","WebGL | Transitions | Three.js | Art & Illustration | 3D | Technology | Filters and Effects | Web & Interactive | Interaction Design | Animation | Nuxt.js | Portfolio","https://www.awwwards.com/sites/mathis-biabiany","https://www.awwwards.com/websites/portfolio/?page=5","https://assets.awwwards.com/awards/media/cache/thumb_880_660/submissions/2026/08/6a70f1b1ce5b2905729730.png","2026-08-18T13:59:09Z"
"Matt Bierman - Portfolio","matt-bierman-portfolio","submission","Web & Interactive | Clean | Minimal | Portfolio | Scrolling | Single page | Experimental | 3D","https://www.awwwards.com/sites/matt-bierman-portfolio","https://www.awwwards.com/websites/portfolio/?page=59","https://assets.awwwards.com/awards/media/cache/thumb_880_660/submissions/2024/04/661758508bc22460648208.png","2024-04-18T08:23:03Z"
"Matt Chansky Creative Director","matt-chansky-creative-director-1","submission","Portfolio | Responsive Design | Contentful | Design Agencies | After Effects | Clean | Adobe Illustrator | CSS | Minimal | Photographic","https://www.awwwards.com/sites/matt-chansky-creative-director-1","https://www.awwwards.com/websites/portfolio/?page=4","https://assets.awwwards.com/awards/media/cache/thumb_880_660/submissions/2026/08/6a78666b23f09067396833.jpg","2026-08-22T15:56:18Z"
"Matt Jinn","matt-jinn","submission","Music & Sound | Promotional | Web & Interactive | Clean | Portfolio | Video | WebGL | Sound-Audio | GSAP | Interaction Design | Javascript","https://www.awwwards.com/sites/matt-jinn","https://www.awwwards.com/websites/portfolio/?page=2","https://assets.awwwards.com/awards/media/cache/thumb_880_660/submissions/2026/09/6a9739ec994f6439040068.png","2026-09-14T08:47:41Z"
"Mattered Inbox","mattered-inbox","submission","Web & Interactive | App Style | Portfolio | Single page | Unusual Navigation | Experimental | Responsive | Project Page | Startups","https://www.awwwards.com/sites/mattered-inbox","https://www.awwwards.com/websites/portfolio/?page=30","https://assets.awwwards.com/awards/media/cache/thumb_880_660/submissions/2025/06/685a4338c9c1a199410229.png","2025-07-14T10:24:33Z"
"Matthäus Jandl","matthaus-jandl","submission","Art & Illustration | Design Agencies | Clean | Graphic design | Icons | Portfolio | Typography | Illustration | Lottie | Adobe Illustrator | Framer","https://www.awwwards.com/sites/matthaus-jandl","https://www.awwwards.com/websites/portfolio/?page=10","https://assets.awwwards.com/awards/media/cache/thumb_880_660/submissions/2026/05/6a1ba21973a46600228076.png","2026-06-14T12:47:00Z"
"Matthäus Wende: Design & Web","matthaus-wende-design-web","submission","Magazine / Newspaper / Blog | Design Agencies | Web & Interactive | Graphic design | Parallax | Portfolio | Scrolling | Filters and Effects | Contentful","https://www.awwwards.com/sites/matthaus-wende-design-web","https://www.awwwards.com/websites/portfolio/?page=48","https://assets.awwwards.com/awards/media/cache/thumb_880_660/submissions/2024/09/66f063dcb0e9f704039892.png","2024-10-02T05:35:43Z"
"Matthew Hall","matthew-hall","submission","Other | Web & Interactive | Graphic design | Portfolio | Responsive | UI design | Framer","https://www.awwwards.com/sites/matthew-hall","https://www.awwwards.com/websites/portfolio/?page=35","https://assets.awwwards.com/awards/media/cache/thumb_880_660/submissions/2025/04/6806df52d5558763427704.png","2025-05-02T08:59:22Z"
"Matveyan designer","matveyan-designer","submission","Design Agencies | Animation | Portfolio | WebGL | 3D | UI design | Figma | Blender","https://www.awwwards.com/sites/matveyan-designer","https://www.awwwards.com/websites/portfolio/?page=11","https://assets.awwwards.com/awards/media/cache/thumb_880_660/submissions/2026/05/6a01c9ca5ad77111690945.jpg","2026-05-22T09:53:05Z"
"Mauricio Juba - Principal Designer","mauricio-juba-principal-designer","submission","Technology | Web & Interactive | Animation | CSS | HTML5 | Minimal | Portfolio | Experimental | GSAP | Filters and Effects | Interaction Design | About Page","https://www.awwwards.com/sites/mauricio-juba-principal-designer","https://www.awwwards.com/websites/portfolio/?page=8","https://assets.awwwards.com/awards/media/cache/thumb_880_660/submissions/2026/06/6a357df6bb4f6137813122.jpg","2026-07-06T09:31:00Z"
"Mave Studio","mave-studio","submission","Design Agencies | Animation | Clean | Minimal | Portfolio | Responsive Design | Gallery","https://www.awwwards.com/sites/mave-studio","https://www.awwwards.com/websites/portfolio/?page=66","https://assets.awwwards.com/awards/media/cache/thumb_880_660/submissions/2024/01/6594b0f534006914728407.png","2024-01-08T09:59:41Z"
"Max - Web Developer","max-web-developer","submission","Web & Interactive | Animation | Portfolio | 3D | Gestures / Interaction | Microinteractions | 404 pages","https://www.awwwards.com/sites/max-web-developer","https://www.awwwards.com/websites/portfolio/?page=42","https://assets.awwwards.com/awards/media/cache/thumb_880_660/submissions/2025/01/677f189029078472651194.jpg","2025-01-09T07:04:12Z"
"Max Kalinsky","max-kalinsky","submission","Promotional | Web & Interactive | Animation | Minimal | Parallax | Portfolio | Typography | Experimental | Interaction Design | Figma | Framer","https://www.awwwards.com/sites/max-kalinsky","https://www.awwwards.com/websites/portfolio/?page=8","https://assets.awwwards.com/awards/media/cache/thumb_880_660/submissions/2026/06/6a352e3135a7f269872486.png","2026-07-05T10:05:00Z"
"Max Martinez","max-martinez","submission","Design Agencies | Web & Interactive | Minimal | Parallax | Portfolio | Scrolling | Video | Responsive | Startups","https://www.awwwards.com/sites/max-martinez","https://www.awwwards.com/websites/portfolio/?page=53","https://assets.awwwards.com/awards/media/cache/thumb_880_660/submissions/2024/07/6684c77457ee2393963297.png","2024-07-05T06:42:55Z"
"MAX MILKIN Portfolio","max-milkin-portfolio","submission","Other | Technology | Web & Interactive | Parallax | Portfolio | Typography | Three.js | React | 3D | UI design | Blender","https://www.awwwards.com/sites/max-milkin-portfolio","https://www.awwwards.com/websites/portfolio/?page=22","https://assets.awwwards.com/awards/media/cache/thumb_880_660/submissions/2025/11/690b72287b70c956321015.png","2025-12-13T00:00:00Z"
"Maxime's Portfolio","maximes-portfolio","submission","Web & Interactive | Animation | Fullscreen | Portfolio | Single page | 3D | UI design","https://www.awwwards.com/sites/maximes-portfolio","https://www.awwwards.com/websites/portfolio/?page=40","https://assets.awwwards.com/awards/media/cache/thumb_880_660/submissions/2025/01/67963634ba991134180841.png","2025-02-11T07:03:17Z"
"Maximilian Berndt","maximilian-berndt","submission","Technology | Web & Interactive | Animation | Infinite Scroll | Parallax | Portfolio | WebGL | Transitions | Experimental | Filters and Effects | Motion | Next.js","https://www.awwwards.com/sites/maximilian-berndt","https://www.awwwards.com/websites/portfolio/?page=29","https://assets.awwwards.com/awards/media/cache/thumb_880_660/submissions/2025/07/6881e2db8b343821929948.jpg","2025-08-10T12:29:00Z"
"Maya Lynne Adar","maya-lynne-adar","submission","Art & Illustration | Web & Interactive | Colorful | Graphic design | Navigation Menu | Portfolio | Typography | Photography | Header Design","https://www.awwwards.com/sites/maya-lynne-adar","https://www.awwwards.com/websites/portfolio/?page=65","https://assets.awwwards.com/awards/media/cache/thumb_880_660/submissions/2024/01/65a78b28ef623849652362.jpg","2024-01-19T08:54:56Z"
"MBRS","mbrs","submission","Design Agencies | Web & Interactive | Clean | Parallax | Portfolio | Transitions | Interaction Design | Microinteractions","https://www.awwwards.com/sites/mbrs","https://www.awwwards.com/websites/portfolio/?page=49","https://assets.awwwards.com/awards/media/cache/thumb_880_660/submissions/2024/09/66def3ceb5014843254139.png","2024-09-18T14:17:25Z"
"McShannock Design","mcshannock-design","submission","Design Agencies | Mobile & Apps | Web & Interactive | Clean | Graphic design | Minimal | Portfolio | UI design | Microinteractions | Figma | Next.js | Sanity","https://www.awwwards.com/sites/mcshannock-design","https://www.awwwards.com/websites/portfolio/?page=15","https://assets.awwwards.com/awards/media/cache/thumb_880_660/submissions/2026/03/69b80316c3a4c213897656.png","2026-03-28T12:29:00Z"
"Medhat Alkadri 3D Portfolio","medhat-alkadri-3d-portfolio","submission","Web & Interactive | Animation | Wordpress | Portfolio | Responsive Design | Single page | GSAP | Three.js | 3D | Interaction Design","https://www.awwwards.com/sites/medhat-alkadri-3d-portfolio","https://www.awwwards.com/websites/portfolio/?page=8","https://assets.awwwards.com/awards/media/cache/thumb_880_660/submissions/2026/07/6a4b6e0cac405995396548.png","2026-07-13T09:32:00Z"
"Meech213","meech213","submission","Fashion | Web & Interactive | CSS | Fullscreen | Portfolio | Photography | Gallery | Webflow | Javascript","https://www.awwwards.com/sites/meech213","https://www.awwwards.com/websites/portfolio/?page=9","https://assets.awwwards.com/awards/media/cache/thumb_880_660/submissions/2026/05/6a0c3f50d0695341347852.jpg","2026-06-29T00:00:00Z"
"Mees Verberne","mees-verberne","submission","Design Agencies | Technology | Web & Interactive | Animation | Portfolio | Video | Transitions | Project Page","https://www.awwwards.com/sites/mees-verberne","https://www.awwwards.com/websites/portfolio/?page=43","https://assets.awwwards.com/awards/media/cache/thumb_880_660/submissions/2024/12/67626a5fd497d338505318.png","2024-12-18T07:27:35Z"
"Meet Vora - Portfolio","meet-vora-portfolio","submission","Design Agencies | Technology | Web & Interactive | Animation | Portfolio | Responsive Design | 3D | UI design | Project Page | After Effects | Figma | Framer","https://www.awwwards.com/sites/meet-vora-portfolio","https://www.awwwards.com/websites/portfolio/?page=30","https://assets.awwwards.com/awards/media/cache/thumb_880_660/submissions/2025/07/686f9ada923cf093661262.png","2025-07-25T14:17:11Z"
"Mehdi Bouayaben - Portfolio","mehdi-bouayaben-portfolio","submission","WebGL | Transitions | Experimental | Technology | GSAP | Web & Interactive | Gestures / Interaction | Minimal | Interaction Design | Portfolio | Javascript | Responsive Design","https://www.awwwards.com/sites/mehdi-bouayaben-portfolio","https://www.awwwards.com/websites/portfolio/?page=5","https://assets.awwwards.com/awards/media/cache/thumb_880_660/submissions/2026/07/6a6bdd8c0b328305661912.png","2026-08-14T10:00:57Z"
"Melon Studio - UI/UX Portfolio","melon-studio-ui-ux-portfolio","submission","Business & Corporate | Design Agencies | Web & Interactive | Animation | Clean | Minimal | Portfolio | Typography | UI design","https://www.awwwards.com/sites/melon-studio-ui-ux-portfolio","https://www.awwwards.com/websites/portfolio/?page=58","https://assets.awwwards.com/awards/media/cache/thumb_880_660/submissions/2024/04/66203112dba75699900911.png","2024-04-24T08:50:18Z"
"Melvin van der Ven","melvin-van-der-ven","submission","Design Agencies | Web & Interactive | Big Background Images | Clean | Portfolio | Single page | Typography | Transitions","https://www.awwwards.com/sites/melvin-van-der-ven","https://www.awwwards.com/websites/portfolio/?page=52","https://assets.awwwards.com/awards/media/cache/thumb_880_660/submissions/2024/07/66a39d001f9d3397103896.jpg","2024-08-06T06:30:41Z"
"Melvin Winkeler","melvin-winkeler","submission","Web & Interactive | Animation | Colorful | Infinite Scroll | Portfolio | Scrolling | Photography | Gallery | GSAP | Webflow | Swiper.js","https://www.awwwards.com/sites/melvin-winkeler","https://www.awwwards.com/websites/portfolio/?page=18","https://assets.awwwards.com/awards/media/cache/thumb_880_660/submissions/2026/02/698b4162297ec950040828.jpg","2026-02-19T12:08:33Z"
"Memesi","memesi","submission","Design Agencies | Graphic design | Navigation Menu | Portfolio | Header Design | Footer Design | 404 pages","https://www.awwwards.com/sites/memesi","https://www.awwwards.com/websites/portfolio/?page=46","https://assets.awwwards.com/awards/media/cache/thumb_880_660/submissions/2024/10/670d294de799d004118693.jpg","2024-10-25T05:42:00Z"
"Menawer Journey","menawer-journey","submission","Art & Illustration | Web & Interactive | Colorful | Portfolio | Unusual Navigation | Three.js | 3D | Blender","https://www.awwwards.com/sites/menawer-journey","https://www.awwwards.com/websites/portfolio/?page=13","https://assets.awwwards.com/awards/media/cache/thumb_880_660/submissions/2026/04/69e0f3ab30314302685653.jpeg","2026-04-26T14:38:25Z"
"Menu XL","menu-xl","submission","Film & TV | Promotional | Animation | Portfolio | Photography | Gestures / Interaction | Filters and Effects | Interaction Design | Microinteractions","https://www.awwwards.com/sites/menu-xl","https://www.awwwards.com/websites/portfolio/?page=34","https://assets.awwwards.com/awards/media/cache/thumb_880_660/submissions/2025/02/67ab50757d97b087036643.png","2025-05-16T00:00:00Z"
"Meristem Design","meristem-design","submission","Culture & Education | Big Background Images | Clean | Portfolio | Photo & Video | Social responsibility","https://www.awwwards.com/sites/meristem-design","https://www.awwwards.com/websites/portfolio/?page=43","https://assets.awwwards.com/awards/media/cache/thumb_880_660/submissions/2024/12/674f0671ae3be702813512.jpg","2024-12-13T08:10:00Z"
"Merouane Bali — Portfolio","merouane-bali-portfolio","submission","Technology | Web & Interactive | Animation | Portfolio | Single page | Responsive | Sound-Audio | 3D","https://www.awwwards.com/sites/merouane-bali-portfolio","https://www.awwwards.com/websites/portfolio/?page=42","https://assets.awwwards.com/awards/media/cache/thumb_880_660/submissions/2025/01/677c8056b7fc7198249176.png","2025-01-17T06:46:00Z"
"MERSI","mersi","submission","Architecture | Animation | Horizontal Layout | Portfolio | Transitions | GSAP | Real Estate | Contact Page | Footer Design | Webflow | Figma | Luxury","https://www.awwwards.com/sites/mersi","https://www.awwwards.com/websites/portfolio/?page=14","https://assets.awwwards.com/awards/media/cache/thumb_880_660/submissions/2026/03/69b11a0406d6b617931025.jpg","2026-04-10T00:00:00Z"
"Mescubook","mescubook","submission","Business & Corporate | Web & Interactive | Animation | CSS | HTML5 | Portfolio | Scrolling | Interaction Design | About Page | Contact Page | Javascript","https://www.awwwards.com/sites/mescubook","https://www.awwwards.com/websites/portfolio/?page=14","https://assets.awwwards.com/awards/media/cache/thumb_880_660/submissions/2026/03/69c49456c3559263957586.png","2026-04-05T10:52:52Z"
"Meta Bath","meta-bath","submission","Architecture | Culture & Education | Technology | Parallax | Portfolio | Scrolling | Web Fonts | 3D","https://www.awwwards.com/sites/meta-bath","https://www.awwwards.com/websites/portfolio/?page=45","https://assets.awwwards.com/awards/media/cache/thumb_880_660/submissions/2024/10/6721a391a1fd1850561070.png","2024-11-08T05:18:36Z"
"Metacci","metacci","submission","Typography | Transitions | Interaction Design | Business & Corporate | Vercel | Design Agencies | Typescript | Web & Interactive | Astro | Minimal | Portfolio","https://www.awwwards.com/sites/metacci","https://www.awwwards.com/websites/portfolio/?page=5","https://assets.awwwards.com/awards/media/cache/thumb_880_660/submissions/2026/08/6a7311e8708ba882321994.jpg","2026-08-19T13:56:00Z"
"Metajive","metajive-2","submission","Design Agencies | Technology | Web & Interactive | Colorful | Portfolio | Responsive Design | Typography | WebGL | Transitions | Craft CMS | GraphQL","https://www.awwwards.com/sites/metajive-2","https://www.awwwards.com/websites/portfolio/?page=13","https://assets.awwwards.com/awards/media/cache/thumb_880_660/submissions/2026/04/69d6b9b799355782768617.png","2026-04-20T10:02:38Z"
"mfrports","mfrports","submission","Web & Interactive | Animation | Parallax | Portfolio | Scrolling | Photography | Gallery | GSAP | React | UI design | Tailwind","https://www.awwwards.com/sites/mfrports","https://www.awwwards.com/websites/portfolio/?page=20","https://assets.awwwards.com/awards/media/cache/thumb_880_660/submissions/2026/01/6963c75e567f7448307207.png","2026-01-22T10:55:17Z"
"mgDesign Studio","mgdesign-studio","submission","Design Agencies | Mobile & Apps | Web & Interactive | Clean | Minimal | Portfolio | Scrolling | Single page | Responsive | Framer","https://www.awwwards.com/sites/mgdesign-studio","https://www.awwwards.com/websites/portfolio/?page=64","https://assets.awwwards.com/awards/media/cache/thumb_880_660/submissions/2024/01/65b530c98bad9198847168.png","2024-02-01T08:59:01Z"
"Mialyk-portfolio","mialyk-portfolio","submission","Art & Illustration | Games & Entertainment | Animation | HTML5 | Minimal | Portfolio | Scrolling | Experimental | Gallery | UI design | Figma | Adobe Photoshop","https://www.awwwards.com/sites/mialyk-portfolio","https://www.awwwards.com/websites/portfolio/?page=15","https://assets.awwwards.com/awards/media/cache/thumb_880_660/submissions/2026/03/69c241ef82f22394866327.png","2026-03-29T11:20:00Z"
"Micha Brandt","micha-brandt","submission","Mobile & Apps | Technology | Web & Interactive | Wordpress | CSS | Flat Design | HTML5 | Minimal | Portfolio | Responsive Design | Content architecture | UI design","https://www.awwwards.com/sites/micha-brandt","https://www.awwwards.com/websites/portfolio/?page=12","https://assets.awwwards.com/awards/media/cache/thumb_880_660/submissions/2026/05/69f663b6ef417105779178.jpg","2026-05-10T12:27:02Z"
"Michael Aust","michael-aust","submission","Design Agencies | Web & Interactive | Parallax | Portfolio | Responsive Design | Transitions | Header Design | Microinteractions","https://www.awwwards.com/sites/michael-aust","https://www.awwwards.com/websites/portfolio/?page=42","https://assets.awwwards.com/awards/media/cache/thumb_880_660/submissions/2025/01/677be35672f8f016825462.png","2025-01-17T06:48:30Z"
"MICHAEL BARDOU PORTFOLIO","michael-bardou-portfolio","submission","Web & Interactive | Animation | Minimal | Portfolio | Gallery | Responsive | GSAP | Three.js | Nuxt.js","https://www.awwwards.com/sites/michael-bardou-portfolio","https://www.awwwards.com/websites/portfolio/?page=21","https://assets.awwwards.com/awards/media/cache/thumb_880_660/submissions/2025/12/693ff2c09855d360563154.png","2025-12-27T16:43:00Z"
"Michael Brown","michael-brown","submission","Design Agencies | Web & Interactive | Clean | Portfolio | Interaction Design | Microinteractions | Footer Design | Project Page","https://www.awwwards.com/sites/michael-brown","https://www.awwwards.com/websites/portfolio/?page=32","https://assets.awwwards.com/awards/media/cache/thumb_880_660/submissions/2025/06/6846a8d108719829153496.jpg","2025-06-19T10:06:00Z"
"Michael Gatt","michael-gatt","submission","Film & TV | Music & Sound | Promotional | Portfolio | WebGL | Storytelling | Interaction Design | Microinteractions | Project Page | 404 pages | Vue.js | Nuxt.js","https://www.awwwards.com/sites/michael-gatt","https://www.awwwards.com/websites/portfolio/?page=5","https://assets.awwwards.com/awards/media/cache/thumb_880_660/submissions/2026/07/6a454747c6f52882904593.png","2026-08-18T00:00:00Z"
"Michael R. Johnson Portfolio","michael-r-johnson-portfolio","submission","Film & TV | Clean | Portfolio | Video | Photography | Transitions | Photo & Video | UI design","https://www.awwwards.com/sites/michael-r-johnson-portfolio","https://www.awwwards.com/websites/portfolio/?page=60","https://assets.awwwards.com/awards/media/cache/thumb_880_660/submissions/2024/03/6609e38bf16af360161671.png","2024-04-09T07:59:10Z"
"Michael Tsirakis - Designer","michael-tsirakis-designer","submission","Technology | Web & Interactive | Portfolio | UI design | Figma","https://www.awwwards.com/sites/michael-tsirakis-designer","https://www.awwwards.com/websites/portfolio/?page=6","https://assets.awwwards.com/awards/media/cache/thumb_880_660/submissions/2026/07/6a601c13363d6909116862.png","2026-08-06T09:02:00Z"
"Michel Beaulieu","michel-beaulieu","submission","Architecture | Big Background Images | Clean | Flat Design | Portfolio | Single page | Real Estate | Copy design | Luxury","https://www.awwwards.com/sites/michel-beaulieu","https://www.awwwards.com/websites/portfolio/?page=47","https://assets.awwwards.com/awards/media/cache/thumb_880_660/submissions/2024/10/66fc516c08b38527005642.jpg","2024-10-21T05:22:00Z"
"Michel Oeler","michel-oeler","submission","Art & Illustration | Web & Interactive | Clean | Flat Design | Portfolio | Responsive Design | Data Visualization | Experimental | Content architecture","https://www.awwwards.com/sites/michel-oeler","https://www.awwwards.com/websites/portfolio/?page=62","https://assets.awwwards.com/awards/media/cache/thumb_880_660/submissions/2024/05/663c7bc331ef2242677477.jpg","2024-02-23T09:56:00Z"
"Michelle Benzer","michelle-benzer","submission","Fashion | Web & Interactive | Photographic | Portfolio | Photography | Photo & Video | About Page","https://www.awwwards.com/sites/michelle-benzer","https://www.awwwards.com/websites/portfolio/?page=61","https://assets.awwwards.com/awards/media/cache/thumb_880_660/submissions/2024/03/65f2ddf9f10f5796705726.jpg","2024-03-21T08:48:36Z"
"Miguel Paternostre Architecte","miguel-paternostre-architecte","submission","Architecture | Art & Illustration | Flat Design | Minimal | Portfolio | Unusual Navigation | Content architecture","https://www.awwwards.com/sites/miguel-paternostre-architecte","https://www.awwwards.com/websites/portfolio/?page=40","https://assets.awwwards.com/awards/media/cache/thumb_880_660/submissions/2025/01/679ce5fa8f002196276770.jpg","2025-02-14T07:00:00Z"
"Mikado Architecture Studio","mikado-architecture-studio","submission","Architecture | Business & Corporate | Clean | Navigation Menu | Portfolio | Scrolling | Photography | Gallery | Responsive","https://www.awwwards.com/sites/mikado-architecture-studio","https://www.awwwards.com/websites/portfolio/?page=54","https://assets.awwwards.com/awards/media/cache/thumb_880_660/submissions/2024/06/66795c183a298095871389.png","2024-06-27T07:33:53Z"
"Mikael Persson - Portfolio","mikael-persson-portfolio","submission","Business & Corporate | Design Agencies | Web & Interactive | Clean | Flat Design | Graphic design | Minimal | Portfolio | UI design | Framer","https://www.awwwards.com/sites/mikael-persson-portfolio","https://www.awwwards.com/websites/portfolio/?page=38","https://assets.awwwards.com/awards/media/cache/thumb_880_660/submissions/2025/02/67be081e0007f613308155.png","2025-03-13T07:26:37Z"
"Mike Barton Portfolio","mike-barton-portfolio","submission","Art & Illustration | Mobile & Apps | Technology | Clean | Minimal | Portfolio | Three.js | Gestures / Interaction | UI design | Microinteractions | Next.js | Vite","https://www.awwwards.com/sites/mike-barton-portfolio","https://www.awwwards.com/websites/portfolio/?page=2","https://assets.awwwards.com/awards/media/cache/thumb_880_660/submissions/2026/08/6a93061b4a720790174227.png","2026-09-13T11:56:22Z"
"Mike Fernandez Portfolio","mike-fernandez-portfolio","submission","Art & Illustration | Games & Entertainment | Web & Interactive | Animation | Colorful | Portfolio | Unusual Navigation | 3D","https://www.awwwards.com/sites/mike-fernandez-portfolio","https://www.awwwards.com/websites/portfolio/?page=62","https://assets.awwwards.com/awards/media/cache/thumb_880_660/submissions/2024/02/65c90ec153a41474521184.png","2024-03-01T00:00:00Z"
"Milan Compain","milan-compain","submission","Design Agencies | Web & Interactive | Animation | Graphic design | Portfolio | Scrolling | Responsive | GSAP | React | UI design | Javascript","https://www.awwwards.com/sites/milan-compain","https://www.awwwards.com/websites/portfolio/?page=3","https://assets.awwwards.com/awards/media/cache/thumb_880_660/submissions/2026/08/6a8ea72a6daab412849672.jpg","2026-09-08T08:42:09Z"
"Milkshake Studio","milkshake-studio","submission","Design Agencies | Promotional | Web & Interactive | Portfolio | Transitions | Interaction Design | Project Page","https://www.awwwards.com/sites/milkshake-studio","https://www.awwwards.com/websites/portfolio/?page=51","https://assets.awwwards.com/awards/media/cache/thumb_880_660/submissions/2024/08/66b25ba8bc70f548987261.png","2024-08-20T06:45:13Z"
"Milo AI's Personal Website","milo-ais-personal-website","submission","Web & Interactive | Portfolio | Retro | Single page | Storytelling | React | 3D | Gestures / Interaction","https://www.awwwards.com/sites/milo-ais-personal-website","https://www.awwwards.com/websites/portfolio/?page=19","https://assets.awwwards.com/awards/media/cache/thumb_880_660/submissions/2026/01/696c1b0bc6a8b138560595.png","2026-01-28T10:28:00Z"
"mimosa agency","mimosa-agency","submission","Design Agencies | Clean | Minimal | Portfolio | Figma | Adobe Illustrator | Framer","https://www.awwwards.com/sites/mimosa-agency","https://www.awwwards.com/websites/portfolio/?page=2","https://assets.awwwards.com/awards/media/cache/thumb_880_660/submissions/2026/09/6a9b1bcc28020568175996.jpg","2026-09-18T09:29:51Z"
"Mina Massoud","mina-massoud","submission","Web & Interactive | Animation | Portfolio | Typography | WebGL | Illustration | Experimental | Storytelling | GSAP | GLSL | Interaction Design","https://www.awwwards.com/sites/mina-massoud","https://www.awwwards.com/websites/portfolio/?page=13","https://assets.awwwards.com/awards/media/cache/thumb_880_660/submissions/2026/04/69e65b450984d108926366.png","2026-04-30T10:37:48Z"
"Minimal Studio","minimal-studio","submission","Architecture | Business & Corporate | Clean | Portfolio | Gallery | Luxury","https://www.awwwards.com/sites/minimal-studio","https://www.awwwards.com/websites/portfolio/?page=31","https://assets.awwwards.com/awards/media/cache/thumb_880_660/submissions/2025/06/685417954a82e656831033.jpg","2025-07-07T09:51:39Z"
"Minimalistic Portfolio","minimalistic-portfolio","submission","Other | Web & Interactive | Clean | Fullscreen | Minimal | Portfolio | Single page | Typography | Figma | Tilda | Adobe Photoshop","https://www.awwwards.com/sites/minimalistic-portfolio","https://www.awwwards.com/websites/portfolio/?page=26","https://assets.awwwards.com/awards/media/cache/thumb_880_660/submissions/2025/09/68ba8cef7b5a4299979934.jpg","2025-09-15T09:19:56Z"
"Ministry Agency","ministry-agency-1","submission","Design Agencies | Web & Interactive | Animation | Portfolio | Experimental | 3D | Filters and Effects | Interaction Design | Project Page","https://www.awwwards.com/sites/ministry-agency-1","https://www.awwwards.com/websites/portfolio/?page=66","https://assets.awwwards.com/awards/media/cache/thumb_880_660/submissions/2024/01/6594ad6d046cf701239026.png","2024-01-08T10:00:24Z"
"Mino Works","mino-works","submission","Architecture | Design Agencies | Portfolio | 360 | Storytelling | 3D | Real Estate | Photo & Video | Project Page | Figma | Framer","https://www.awwwards.com/sites/mino-works","https://www.awwwards.com/websites/portfolio/?page=21","https://assets.awwwards.com/awards/media/cache/thumb_880_660/submissions/2025/12/6931a7a046cd9316997281.jpg","2026-01-10T15:21:22Z"
"Mirage Studio","mirage-studio","submission","Architecture | Business & Corporate | Design Agencies | Clean | Wordpress | CSS | Fullscreen | Minimal | Portfolio | Responsive","https://www.awwwards.com/sites/mirage-studio","https://www.awwwards.com/websites/portfolio/?page=24","https://assets.awwwards.com/awards/media/cache/thumb_880_660/submissions/2025/10/68f8e6828ca65293242558.jpg","2025-11-02T15:09:09Z"
"Mirego","mirego","submission","Business & Corporate | Technology | Clean | Minimal | Portfolio | Responsive | Project Page","https://www.awwwards.com/sites/mirego","https://www.awwwards.com/websites/portfolio/?page=52","https://assets.awwwards.com/awards/media/cache/thumb_880_660/submissions/2024/07/66880df57c79e332765779.png","2024-07-25T06:31:09Z"
"Mirko Romanelli","mirko-romanelli","submission","Architecture | Art & Illustration | Clean | Minimal | Portfolio | Transitions | Gallery | Responsive","https://www.awwwards.com/sites/mirko-romanelli","https://www.awwwards.com/websites/portfolio/?page=45","https://assets.awwwards.com/awards/media/cache/thumb_880_660/submissions/2024/11/672cc260af19b182021563.png","2024-11-19T07:08:00Z"
"Miro","miro","submission","Other | Technology | Web & Interactive | Minimal | Portfolio | SVG | GSAP | Astro","https://www.awwwards.com/sites/miro","https://www.awwwards.com/websites/portfolio/?page=16","https://assets.awwwards.com/awards/media/cache/thumb_880_660/submissions/2026/03/69a7555dbee98222177920.jpg","2026-03-14T11:42:33Z"
"MitchIvin XP","mitchivin-xp","submission","Technology | Web & Interactive | CSS | Graphic design | HTML5 | Portfolio | Responsive Design | Retro | Experimental | Storytelling | UI design | Javascript","https://www.awwwards.com/sites/mitchivin-xp","https://www.awwwards.com/websites/portfolio/?page=24","https://assets.awwwards.com/awards/media/cache/thumb_880_660/submissions/2025/10/68e354a36d4b8029184028.png","2025-10-16T09:45:00Z"
"Mizzi Studio","mizzi-studio","submission","Architecture | Promotional | Clean | Portfolio | Social responsibility","https://www.awwwards.com/sites/mizzi-studio","https://www.awwwards.com/websites/portfolio/?page=57","https://assets.awwwards.com/awards/media/cache/thumb_880_660/submissions/2024/05/663b46ffebe2c080818392.png","2024-05-19T10:09:09Z"
"MM • Frontend Developer","mm-frontend-developer","submission","Web & Interactive | Animation | Minimal | Portfolio | Transitions | 3D","https://www.awwwards.com/sites/mm-frontend-developer","https://www.awwwards.com/websites/portfolio/?page=50","https://assets.awwwards.com/awards/media/cache/thumb_880_660/submissions/2024/09/66e072b07efc2235170103.jpg","2024-09-11T04:15:00Z"
"Mobilunity","mobilunity-2","submission","Business & Corporate | Technology | Fullscreen | Portfolio | UI design | Header Design | Project Page | Startups","https://www.awwwards.com/sites/mobilunity-2","https://www.awwwards.com/websites/portfolio/?page=37","https://assets.awwwards.com/awards/media/cache/thumb_880_660/submissions/2025/03/67c7119b0b3f4393589155.jpg","2025-03-20T06:53:58Z"
"Mockit","mockit","submission","Design Agencies | Mobile & Apps | Web & Interactive | App Style | CSS | Graphic design | Portfolio | Responsive Design | WebGL | UI design | Project Page | Motion","https://www.awwwards.com/sites/mockit","https://www.awwwards.com/websites/portfolio/?page=13","https://assets.awwwards.com/awards/media/cache/thumb_880_660/submissions/2026/04/69d9828a40f59468747832.png","2026-04-22T10:25:00Z"
"Mockup Flock","mockup-flock","submission","Design Agencies | E-Commerce | Graphic design | Minimal | Photographic | Portfolio | Experimental | Gallery | Shopify | Adobe Photoshop","https://www.awwwards.com/sites/mockup-flock","https://www.awwwards.com/websites/portfolio/?page=24","https://assets.awwwards.com/awards/media/cache/thumb_880_660/submissions/2025/10/69046a45a62d8828698072.jpg","2025-11-01T13:23:21Z"
"Moha. Auf — Experience Expert","moha-auf-experience-expert","submission","Design Agencies | Mobile & Apps | Web & Interactive | Animation | Parallax | Portfolio | Responsive Design | Transitions | Interaction Design","https://www.awwwards.com/sites/moha-auf-experience-expert","https://www.awwwards.com/websites/portfolio/?page=36","https://assets.awwwards.com/awards/media/cache/thumb_880_660/submissions/2025/04/67ebec68b98a1655956252.png","2025-04-15T06:06:45Z"
"Mohammed Amine Bourouis","mohammed-amine-bourouis","submission","Technology | Web & Interactive | Animation | Portfolio | GSAP | Three.js | 3D | Next.js","https://www.awwwards.com/sites/mohammed-amine-bourouis","https://www.awwwards.com/websites/portfolio/?page=18","https://assets.awwwards.com/awards/media/cache/thumb_880_660/submissions/2026/02/69846c40b3a9b126908255.jpg","2026-02-16T12:59:00Z"
"Mohit Virli's Portfolio","mohit-virlis-portfolio","submission","Art & Illustration | Web & Interactive | Animation | Portfolio | Scrolling | Experimental | 3D","https://www.awwwards.com/sites/mohit-virlis-portfolio","https://www.awwwards.com/websites/portfolio/?page=34","https://assets.awwwards.com/awards/media/cache/thumb_880_660/submissions/2025/05/681911ed9f6ac616224665.png","2025-05-19T09:17:00Z"
"MØM - Matter Of Mind","mom-matter-of-mind","submission","Art & Illustration | Design Agencies | Film & TV | Clean | Minimal | Parallax | Portfolio | WebGL | Storytelling | React | Next.js","https://www.awwwards.com/sites/mom-matter-of-mind","https://www.awwwards.com/websites/portfolio/?page=30","https://assets.awwwards.com/awards/media/cache/thumb_880_660/submissions/2025/06/685e76848c0fe717151417.png","2025-07-16T10:30:00Z"
"Momentum 18 Branding","momentum-18-branding","submission","Business & Corporate | Design Agencies | Other | Clean | CSS | Graphic design | HTML5 | Minimal | Portfolio | Typography | Web Fonts | Figma","https://www.awwwards.com/sites/momentum-18-branding","https://www.awwwards.com/websites/portfolio/?page=9","https://assets.awwwards.com/awards/media/cache/thumb_880_660/submissions/2026/06/6a329354b4545671287337.jpg","2026-07-02T09:11:00Z"
"Monokai","monokai","submission","Art & Illustration | Minimal | Portfolio | Scrolling | Transitions | Experimental | Microinteractions","https://www.awwwards.com/sites/monokai","https://www.awwwards.com/websites/portfolio/?page=42","https://assets.awwwards.com/awards/media/cache/thumb_880_660/submissions/2025/01/6776a0d0df5d2251901501.png","2025-01-15T06:55:00Z"
"monopo paris","monopo-paris","submission","Design Agencies | Web & Interactive | Colorful | Portfolio | Illustration | Sound-Audio | Gestures / Interaction | Microinteractions","https://www.awwwards.com/sites/monopo-paris","https://www.awwwards.com/websites/portfolio/?page=61","https://assets.awwwards.com/awards/media/cache/thumb_880_660/submissions/2024/02/65d33fc2763f9154029994.jpg","2024-03-23T00:00:00Z"
"Montoya Portfolio Website","montoya-portfolio-website","submission","Art & Illustration | Design Agencies | Web & Interactive | Animation | Big Background Images | Infinite Scroll | Portfolio | Typography | Gallery","https://www.awwwards.com/sites/montoya-portfolio-website","https://www.awwwards.com/websites/portfolio/?page=62","https://assets.awwwards.com/awards/media/cache/thumb_880_660/submissions/2024/01/65ba343291c9d480278303.jpg","2024-02-25T00:00:00Z"
"Mooders","mooders","submission","Design Agencies | Music & Sound | Animation | Navigation Menu | Portfolio | Unusual Navigation | Experimental | Interaction Design","https://www.awwwards.com/sites/mooders","https://www.awwwards.com/websites/portfolio/?page=50","https://assets.awwwards.com/awards/media/cache/thumb_880_660/submissions/2024/07/66a28f2398694966473300.jpg","2024-09-02T00:00:00Z"
"More By Us","more-by-us","submission","Business & Corporate | Design Agencies | Clean | Graphic design | Portfolio | Video | Storytelling | Project Page","https://www.awwwards.com/sites/more-by-us","https://www.awwwards.com/websites/portfolio/?page=53","https://assets.awwwards.com/awards/media/cache/thumb_880_660/submissions/2024/06/6676838b4dca4854025418.png","2024-07-09T04:22:13Z"
"Moreli - Remote Model Studio","moreli-remote-model-studio","submission","Fashion | Animation | Big Background Images | Photographic | Portfolio | Photography | Photo & Video | Figma | Adobe Photoshop | Luxury | Framer","https://www.awwwards.com/sites/moreli-remote-model-studio","https://www.awwwards.com/websites/portfolio/?page=29","https://assets.awwwards.com/awards/media/cache/thumb_880_660/submissions/2025/07/687f43f3743f0857849143.png","2025-08-07T10:07:00Z"
"Moreno Di Domenico","moreno-di-domenico","submission","Web & Interactive | Navigation Menu | Portfolio | Responsive Design | Transitions | Microinteractions | next.js","https://www.awwwards.com/sites/moreno-di-domenico","https://www.awwwards.com/websites/portfolio/?page=64","https://assets.awwwards.com/awards/media/cache/thumb_880_660/submissions/2024/02/65bbccdf5b52b781069781.png","2024-02-07T10:08:48Z"
"Moritz Dunkel Creative Studio","moritz-dunkel-creative-studio","submission","Portfolio | Typography | Contentful | Design Agencies | Web & Interactive | Wordpress | Colorful | Graphic design","https://www.awwwards.com/sites/moritz-dunkel-creative-studio","https://www.awwwards.com/websites/portfolio/?page=4","https://assets.awwwards.com/awards/media/cache/thumb_880_660/submissions/2026/08/6a798fcb84b61549192162.jpg","2026-08-23T13:31:35Z"
"Moritz Petersen Portfolio","moritz-petersen-portfolio","submission","Web & Interactive | Minimal | Portfolio | Gestures / Interaction | Vercel | Motion | Next.js","https://www.awwwards.com/sites/moritz-petersen-portfolio","https://www.awwwards.com/websites/portfolio/?page=15","https://assets.awwwards.com/awards/media/cache/thumb_880_660/submissions/2026/03/69bd3dbc9e144968887075.png","2026-04-02T12:03:02Z"
"Mors — Creative Studio","mors-creative-studio","submission","Design Agencies | Graphic design | Portfolio | Typography | Experimental | GSAP | About Page | Microinteractions | 404 pages | Vercel | Next.js","https://www.awwwards.com/sites/mors-creative-studio","https://www.awwwards.com/websites/portfolio/?page=12","https://assets.awwwards.com/awards/media/cache/thumb_880_660/submissions/2026/04/69e67e7c37adc772188828.png","2026-04-30T10:38:09Z"
"Morten Stig Christensen","morten-stig-christensen","submission","Promotional | Web & Interactive | Minimal | Portfolio | Transitions | Storytelling | GSAP | Interaction Design | UI design | BARBA.js | Webflow","https://www.awwwards.com/sites/morten-stig-christensen","https://www.awwwards.com/websites/portfolio/?page=14","https://assets.awwwards.com/awards/media/cache/thumb_880_660/submissions/2026/04/69d1d3a49eecb175688477.png","2026-04-16T10:14:00Z"
"Mosaert . Creative House","mosaert-creative-house","submission","Design Agencies | Events | Music & Sound | Fullscreen | Infinite Scroll | Minimal | Portfolio | Photo & Video | Footer Design","https://www.awwwards.com/sites/mosaert-creative-house","https://www.awwwards.com/websites/portfolio/?page=41","https://assets.awwwards.com/awards/media/cache/thumb_880_660/submissions/2025/01/678502f2ddc0c922154819.jpg","2025-01-23T07:31:19Z"
"Moshi Moshi","moshi-moshi","submission","Design Agencies | Web & Interactive | Flat Design | Fullscreen | Portfolio | SEO | Transitions | Interaction Design","https://www.awwwards.com/sites/moshi-moshi","https://www.awwwards.com/websites/portfolio/?page=60","https://assets.awwwards.com/awards/media/cache/thumb_880_660/submissions/2024/03/6600fe20f0150076908288.jpg","2024-04-02T08:02:37Z"
"Motion Grammar","motion-grammar","submission","Music & Sound | Web & Interactive | Clean | Portfolio | Experimental | Gallery | Sound-Audio | GSAP | Three.js | React | Interaction Design | UI design","https://www.awwwards.com/sites/motion-grammar","https://www.awwwards.com/websites/portfolio/?page=21","https://assets.awwwards.com/awards/media/cache/thumb_880_660/submissions/2025/12/693ef7056fa3f731714668.jpg","2025-12-23T14:24:37Z"
"motone/studio","motone-studio","submission","Design Agencies | E-Commerce | Other | Animation | CSS | HTML5 | Minimal | Portfolio | Scrolling | Transitions | Microinteractions | Javascript","https://www.awwwards.com/sites/motone-studio","https://www.awwwards.com/websites/portfolio/?page=13","https://assets.awwwards.com/awards/media/cache/thumb_880_660/submissions/2026/04/69e0b6eb36b28268658079.png","2026-04-26T14:38:00Z"
"Motto XX","motto-xx","submission","Business & Corporate | Design Agencies | Web & Interactive | Animation | Clean | Wordpress | Infinite Scroll | Portfolio | WebGL | Filters and Effects | Interaction Design | Nuxt.js","https://www.awwwards.com/sites/motto-xx","https://www.awwwards.com/websites/portfolio/?page=22","https://assets.awwwards.com/awards/media/cache/thumb_880_660/submissions/2025/11/69262b7e19989628743209.jpg","2025-12-19T00:00:00Z"
"Mousham Singh 3D Web","mousham-singh-3d-web","submission","Web & Interactive | Animation | Portfolio | Scrolling | WebGL | Experimental | GSAP | Three.js | 3D | Gestures / Interaction","https://www.awwwards.com/sites/mousham-singh-3d-web","https://www.awwwards.com/websites/portfolio/?page=18","https://assets.awwwards.com/awards/media/cache/thumb_880_660/submissions/2026/02/6988815c33263665176464.png","2026-02-19T12:09:00Z"
"Moves (You)","moves-you","submission","Technology | Web & Interactive | Animation | Portfolio | WebGL | Experimental | Storytelling | 3D | Interaction Design | Unity | Blender","https://www.awwwards.com/sites/moves-you","https://www.awwwards.com/websites/portfolio/?page=30","https://assets.awwwards.com/awards/media/cache/thumb_880_660/submissions/2025/07/686bf8ac4b326690479065.jpg","2025-07-24T10:14:54Z"
"Moves (You) Portfolio","moves-you-portfolio","submission","Parallax | Blender | Portfolio | Unusual Navigation | WebGL | GSAP | 3D | Interaction Design | Web & Interactive | Microinteractions","https://www.awwwards.com/sites/moves-you-portfolio","https://www.awwwards.com/websites/portfolio/?page=4","https://assets.awwwards.com/awards/media/cache/thumb_880_660/submissions/2026/08/6a82286451a64013198761.jpg","2026-08-28T09:25:36Z"
"moviepalaceonline.com","moviepalaceonline-com","submission","Games & Entertainment | Web & Interactive | Portfolio | Retro | Experimental | Social Integration | Storytelling | Interaction Design | UI design","https://www.awwwards.com/sites/moviepalaceonline-com","https://www.awwwards.com/websites/portfolio/?page=39","https://assets.awwwards.com/awards/media/cache/thumb_880_660/submissions/2025/02/67b63688bde56165565703.jpeg","2025-02-28T07:09:29Z"
"Moz Agency","moz-agency","submission","Design Agencies | Web & Interactive | Animation | Infinite Scroll | Minimal | Portfolio | Photography | GSAP | Photo & Video | Project Page | Vanilla JS","https://www.awwwards.com/sites/moz-agency","https://www.awwwards.com/websites/portfolio/?page=27","https://assets.awwwards.com/awards/media/cache/thumb_880_660/submissions/2025/09/68b6b85b65b35930216761.jpg","2025-09-12T10:03:07Z"
"mprez - PowerPoint Agency","mprez-powerpoint-agency","submission","Business & Corporate | Design Agencies | Animation | Big Background Images | Portfolio | Scrolling | Typography | Storytelling | Webflow","https://www.awwwards.com/sites/mprez-powerpoint-agency","https://www.awwwards.com/websites/portfolio/?page=11","https://assets.awwwards.com/awards/media/cache/thumb_880_660/submissions/2026/05/69fc7719b8bc6752650685.jpg","2026-05-17T10:50:51Z"
"Mr Digital Marketing Agency","mr-digital-marketing-agency","submission","Business & Corporate | Web & Interactive | Fullscreen | Portfolio | Responsive Design | SEO | Storytelling | UI design","https://www.awwwards.com/sites/mr-digital-marketing-agency","https://www.awwwards.com/websites/portfolio/?page=66","https://assets.awwwards.com/awards/media/cache/thumb_880_660/submissions/2024/01/659598497e1eb969115714.png","2024-01-09T09:48:40Z"
"Mr. Pandas Paper Portfolio","mr-pandas-paper-portfolio","submission","Art & Illustration | Other | Web & Interactive | Colorful | Infinite Scroll | Portfolio | Unusual Navigation | Storytelling | GSAP | Three.js | 3D | Blender","https://www.awwwards.com/sites/mr-pandas-paper-portfolio","https://www.awwwards.com/websites/portfolio/?page=16","https://assets.awwwards.com/awards/media/cache/thumb_880_660/submissions/2026/01/697a6f50393ad534644004.png","2026-03-11T00:00:00Z"
"MRM Brazil","mrm-brazil","submission","Design Agencies | CSS | Portfolio | Scrolling | Transitions | GSAP | Laravel | Interaction Design | About Page | Microinteractions","https://www.awwwards.com/sites/mrm-brazil","https://www.awwwards.com/websites/portfolio/?page=13","https://assets.awwwards.com/awards/media/cache/thumb_880_660/submissions/2026/04/69e22ade7f51b618935959.png","2026-04-27T09:45:30Z"
"Muizz Web Studio","muizz-web-studio","submission","Design Agencies | Web & Interactive | Clean | Minimal | Portfolio | Responsive Design | GSAP | Three.js | Interaction Design | Microinteractions | Startups | Webflow","https://www.awwwards.com/sites/muizz-web-studio","https://www.awwwards.com/websites/portfolio/?page=20","https://assets.awwwards.com/awards/media/cache/thumb_880_660/submissions/2026/01/6965c223ea848976639794.jpg","2026-01-23T10:13:00Z"
"MUKKO","mukko","submission","Architecture | Minimal | Portfolio | Gallery | Svelte | Figma","https://www.awwwards.com/sites/mukko","https://www.awwwards.com/websites/portfolio/?page=25","https://assets.awwwards.com/awards/media/cache/thumb_880_660/submissions/2025/09/68cbd60195009274964659.jpg","2025-10-08T10:20:57Z"
"Muradov Design","muradov-design","submission","Design Agencies | Promotional | Web & Interactive | Portfolio | Scrolling | Single page | Transitions | 3D | UI design","https://www.awwwards.com/sites/muradov-design","https://www.awwwards.com/websites/portfolio/?page=45","https://assets.awwwards.com/awards/media/cache/thumb_880_660/submissions/2024/10/671f89aa0c238301403458.png","2024-11-07T06:36:00Z"
"MURSEE Films","mursee-films","submission","Film & TV | Web & Interactive | Animation | Portfolio | Responsive Design | GSAP | Gestures / Interaction | Photo & Video | Next.js | Sanity","https://www.awwwards.com/sites/mursee-films","https://www.awwwards.com/websites/portfolio/?page=20","https://assets.awwwards.com/awards/media/cache/thumb_880_660/submissions/2026/01/69679a54a1945682980065.jpg","2026-01-24T12:22:50Z"
"Mustafa Sheikh Folio","mustafa-sheikh-folio","submission","Art & Illustration | Design Agencies | Web & Interactive | Clean | Portfolio | Typography | Storytelling | UI design","https://www.awwwards.com/sites/mustafa-sheikh-folio","https://www.awwwards.com/websites/portfolio/?page=58","https://assets.awwwards.com/awards/media/cache/thumb_880_660/submissions/2024/04/6628b6ae4b2f2057952784.png","2024-04-30T09:01:54Z"
"MvdS — Prsn. Project Platform","mvds-prsn-project-platform","submission","Technology | Web & Interactive | Colorful | Graphic design | Portfolio | Typography | Experimental | Three.js | Gestures / Interaction | Footer Design | Nuxt.js | P5.js","https://www.awwwards.com/sites/mvds-prsn-project-platform","https://www.awwwards.com/websites/portfolio/?page=28","https://assets.awwwards.com/awards/media/cache/thumb_880_660/submissions/2025/08/6892fbf56ce34582058793.png","2025-08-21T07:30:09Z"
"mw24","mw24","submission","Web & Interactive | Colorful | Portfolio | Interaction Design","https://www.awwwards.com/sites/mw24","https://www.awwwards.com/websites/portfolio/?page=42","https://assets.awwwards.com/awards/media/cache/thumb_880_660/submissions/2024/12/675b134b89726452919865.jpg","2024-12-26T06:58:43Z"
"MXMS","mxms","submission","Music & Sound | Wordpress | Infinite Scroll | Portfolio | Sound-Audio | GSAP | VideoJS","https://www.awwwards.com/sites/mxms","https://www.awwwards.com/websites/portfolio/?page=16","https://assets.awwwards.com/awards/media/cache/thumb_880_660/submissions/2026/02/699ec97414ab5003767581.jpg","2026-03-09T11:46:00Z"
"My Art Gallery | Portfolio","my-art-gallery-portfolio","submission","Architecture | Art & Illustration | Web & Interactive | Animation | Portfolio | Web Fonts | Transitions | GSAP | Three.js | Angular | 3D | Interaction Design","https://www.awwwards.com/sites/my-art-gallery-portfolio","https://www.awwwards.com/websites/portfolio/?page=12","https://assets.awwwards.com/awards/media/cache/thumb_880_660/submissions/2026/05/69fa1a8d52844097668410.jpg","2026-05-15T09:06:24Z"
"My Contemplative Portfolio","my-contemplative-portfolio","submission","Art & Illustration | Web & Interactive | Animation | Colorful | Portfolio | Unusual Navigation | WebGL | Illustration | Three.js | 3D | Typescript","https://www.awwwards.com/sites/my-contemplative-portfolio","https://www.awwwards.com/websites/portfolio/?page=25","https://assets.awwwards.com/awards/media/cache/thumb_880_660/submissions/2025/09/68da90ff7b5f7743711714.png","2025-10-10T09:34:54Z"
"My Ha's Portfolio","my-has-portfolio","submission","Web & Interactive | Colorful | Portfolio | Responsive Design | Interaction Design | UI design | Microinteractions | Figma | Adobe Illustrator","https://www.awwwards.com/sites/my-has-portfolio","https://www.awwwards.com/websites/portfolio/?page=22","https://assets.awwwards.com/awards/media/cache/thumb_880_660/submissions/2025/12/6936a633ae99b633504114.png","2025-12-19T11:08:36Z"
"My Portfolio. Italo Santorsula","my-portfolio-italo-santorsula","submission","Magazine / Newspaper / Blog | Design Agencies | Colorful | Parallax | Portfolio | Scrolling | Typography | Experimental | Framer","https://www.awwwards.com/sites/my-portfolio-italo-santorsula","https://www.awwwards.com/websites/portfolio/?page=52","https://assets.awwwards.com/awards/media/cache/thumb_880_660/submissions/2024/07/669a5907d73c4345670943.png","2024-07-30T08:59:29Z"
"MYNTE STUDIO","mynte-studio","submission","Design Agencies | Technology | Web & Interactive | Clean | Portfolio | Typography | Three.js | GLSL | 3D | Gestures / Interaction | UI design | Figma","https://www.awwwards.com/sites/mynte-studio","https://www.awwwards.com/websites/portfolio/?page=23","https://assets.awwwards.com/awards/media/cache/thumb_880_660/submissions/2025/10/69011f26db942645754911.jpg","2025-11-07T11:52:37Z"
"Nabil Issa Architect","nabil-issa-architect","submission","Storytelling | GSAP | Copy design | Architecture | Vue.js | Parallax | Nuxt.js | Photographic | Portfolio | Scrolling","https://www.awwwards.com/sites/nabil-issa-architect","https://www.awwwards.com/websites/portfolio/?page=5","https://assets.awwwards.com/awards/media/cache/thumb_880_660/submissions/2026/08/6a712e5f96981167973868.png","2026-08-14T10:03:32Z"
"Nacreous Agency","nacreous-agency","submission","Design Agencies | Web & Interactive | Animation | Clean | Colorful | Parallax | Portfolio | Scrolling | Startups | Wix Studio","https://www.awwwards.com/sites/nacreous-agency","https://www.awwwards.com/websites/portfolio/?page=10","https://assets.awwwards.com/awards/media/cache/thumb_880_660/submissions/2026/05/6a16c78d6d9e2807920275.png","2026-06-08T10:53:37Z"
"Nadya Suvorova","nadya-suvorova","submission","Design Agencies | Games & Entertainment | Web & Interactive | Colorful | Graphic design | Minimal | Portfolio | Responsive Design | Interaction Design","https://www.awwwards.com/sites/nadya-suvorova","https://www.awwwards.com/websites/portfolio/?page=52","https://assets.awwwards.com/awards/media/cache/thumb_880_660/submissions/2024/07/66a01b7b1f4fb124472638.jpg","2024-07-29T08:55:53Z"
"NAEA","naea","submission","Culture & Education | Web & Interactive | Clean | Wordpress | Colorful | Graphic design | Portfolio | Responsive Design | Header Design | Figma","https://www.awwwards.com/sites/naea","https://www.awwwards.com/websites/portfolio/?page=19","https://assets.awwwards.com/awards/media/cache/thumb_880_660/submissions/2026/01/69712cddc7e10815632247.png","2026-02-02T11:26:00Z"
"Naël Messaoudene Portfolio","nael-messaoudene-portfolio","submission","Other | Web & Interactive | Animation | Infinite Scroll | Portfolio | Transitions | Experimental | 3D | Microinteractions","https://www.awwwards.com/sites/nael-messaoudene-portfolio","https://www.awwwards.com/websites/portfolio/?page=53","https://assets.awwwards.com/awards/media/cache/thumb_880_660/submissions/2024/07/668e64917de63874869767.jpg","2024-07-18T05:10:49Z"
"Naini Bansal - Portfolio","naini-bansal-portfolio","submission","Art & Illustration | Web & Interactive | Portfolio | Experimental | Interaction Design | Typescript | Adobe Illustrator | Framer","https://www.awwwards.com/sites/naini-bansal-portfolio","https://www.awwwards.com/websites/portfolio/?page=19","https://assets.awwwards.com/awards/media/cache/thumb_880_660/submissions/2026/01/696dbe183ba87740936052.png","2026-01-29T11:05:00Z"
"Nalaprasad — Portfolio","nalaprasad-portfolio","submission","Art & Illustration | Web & Interactive | Portfolio | Framer","https://www.awwwards.com/sites/nalaprasad-portfolio","https://www.awwwards.com/websites/portfolio/?page=34","https://assets.awwwards.com/awards/media/cache/thumb_880_660/submissions/2025/04/6810c9fc4df22864976568.png","2025-05-13T09:08:26Z"
"Nanotech Portfolio","nanotech-portfolio","submission","Art & Illustration | Design Agencies | Web & Interactive | Animation | Big Background Images | Colorful | Infinite Scroll | Portfolio | Transitions","https://www.awwwards.com/sites/nanotech-portfolio","https://www.awwwards.com/websites/portfolio/?page=43","https://assets.awwwards.com/awards/media/cache/thumb_880_660/submissions/2024/12/6756c3265cee5384135532.png","2024-12-18T07:30:00Z"
"Naomi Hia Portfolio","naomi-hia-portfolio","submission","Games & Entertainment | Promotional | Web & Interactive | Animation | Minimal | Portfolio | 3D | Interaction Design | UI design | Framer","https://www.awwwards.com/sites/naomi-hia-portfolio","https://www.awwwards.com/websites/portfolio/?page=33","https://assets.awwwards.com/awards/media/cache/thumb_880_660/submissions/2025/05/68369af17b96f995247240.png","2025-05-29T10:13:00Z"
"Nat Nu Design","nat-nu-design","submission","Design Agencies | Other | Web & Interactive | Clean | Portfolio | UI design | Project Page | Vercel | Figma","https://www.awwwards.com/sites/nat-nu-design","https://www.awwwards.com/websites/portfolio/?page=18","https://assets.awwwards.com/awards/media/cache/thumb_880_660/submissions/2026/02/6984d19c25eac442258597.jpg","2026-02-17T12:12:00Z"
"NaughtyDuk©","naughtyduk-c-1","submission","Design Agencies | Games & Entertainment | Music & Sound | Animation | Portfolio | WebGL | Gallery | GSAP | React | Interaction Design","https://www.awwwards.com/sites/naughtyduk-c-1","https://www.awwwards.com/websites/portfolio/?page=14","https://assets.awwwards.com/awards/media/cache/thumb_880_660/submissions/2026/03/69b6028803ebb278681893.jpg","2026-04-12T00:00:00Z"
"NAYA STUDIO","naya-studio","submission","Art & Illustration | Animation | Portfolio | Scrolling | Experimental | 3D | Filters and Effects | Microinteractions | Startups","https://www.awwwards.com/sites/naya-studio","https://www.awwwards.com/websites/portfolio/?page=32","https://assets.awwwards.com/awards/media/cache/thumb_880_660/submissions/2025/06/68457763a3154188512354.png","2025-06-18T08:45:50Z"
"nbnzia","nbnzia","submission","Javascript | Design Agencies | Web & Interactive | Animation | Portfolio | Gallery | GSAP | Webflow","https://www.awwwards.com/sites/nbnzia","https://www.awwwards.com/websites/portfolio/?page=4","https://assets.awwwards.com/awards/media/cache/thumb_880_660/submissions/2026/08/6a7edbe93ec13724860830.png","2026-08-27T10:34:20Z"
"Neat Digital","neat-digital","submission","Business & Corporate | Design Agencies | Web & Interactive | Animation | Icons | Parallax | Portfolio | Copy design | UI design","https://www.awwwards.com/sites/neat-digital","https://www.awwwards.com/websites/portfolio/?page=38","https://assets.awwwards.com/awards/media/cache/thumb_880_660/submissions/2025/03/67d41871b4728298538540.jpg","2025-03-17T06:58:00Z"
"Neither/Nor","neither-nor","submission","Design Agencies | Clean | Minimal | Portfolio | Video | 3D | Gestures / Interaction","https://www.awwwards.com/sites/neither-nor","https://www.awwwards.com/websites/portfolio/?page=65","https://assets.awwwards.com/awards/media/cache/thumb_880_660/submissions/2024/01/65a4d9b9ea44b128796194.jpg","2024-01-18T08:43:36Z"
"Neria Katz – UX Architect Portfolio","neria-katz-ux-architect-portfolio","submission","Design Agencies | Technology | Web & Interactive | Animation | CSS | HTML5 | Portfolio | Transitions | UI design | Javascript","https://www.awwwards.com/sites/neria-katz-ux-architect-portfolio","https://www.awwwards.com/websites/portfolio/?page=23","https://assets.awwwards.com/awards/media/cache/thumb_880_660/submissions/2025/10/69046fd2b3c0a585601196.jpg","2025-11-10T14:45:50Z"
"NESH®","nesh-r","submission","Design Agencies | Promotional | Web & Interactive | Animation | Fullscreen | Portfolio | Single page | Unusual Navigation | Storytelling | GSAP | Webflow | Javascript","https://www.awwwards.com/sites/nesh-r","https://www.awwwards.com/websites/portfolio/?page=7","https://assets.awwwards.com/awards/media/cache/thumb_880_660/submissions/2026/07/6a479b7ae9dd9345189691.png","2026-07-19T10:08:00Z"
"Neutral Studio","neutral-studio","submission","Design Agencies | Web & Interactive | Animation | Clean | Parallax | Portfolio | UI design | Microinteractions","https://www.awwwards.com/sites/neutral-studio","https://www.awwwards.com/websites/portfolio/?page=63","https://assets.awwwards.com/awards/media/cache/thumb_880_660/submissions/2024/01/65b7ba521fc1c625236385.png","2024-02-14T00:00:00Z"
"Nevo","nevo","submission","Design Agencies | E-Commerce | Fullscreen | Navigation Menu | Portfolio | Responsive Design | UI design","https://www.awwwards.com/sites/nevo","https://www.awwwards.com/websites/portfolio/?page=68","https://assets.awwwards.com/awards/media/cache/thumb_880_660/submissions/2023/11/6565b61909b5c503341294.png","2023-12-01T08:24:42Z"
"New Engen","new-engen","submission","Business & Corporate | Design Agencies | Promotional | Animation | Portfolio | Illustration | Transitions","https://www.awwwards.com/sites/new-engen","https://www.awwwards.com/websites/portfolio/?page=32","https://assets.awwwards.com/awards/media/cache/thumb_880_660/submissions/2025/05/68370b8bf2528810148166.jpg","2025-06-16T09:26:13Z"
"New Genre Studio","new-genre-studio","submission","Business & Corporate | Design Agencies | Technology | Animation | Minimal | Photographic | Portfolio | Typography | Microinteractions | Figma | Framer","https://www.awwwards.com/sites/new-genre-studio","https://www.awwwards.com/websites/portfolio/?page=22","https://assets.awwwards.com/awards/media/cache/thumb_880_660/submissions/2025/10/6900d08689edd726047249.jpg","2025-11-28T00:00:00Z"
"New Studio Partners","new-studio-partners","submission","Design Agencies | Web & Interactive | Animation | Graphic design | Portfolio | GSAP | Footer Design | Project Page | 404 pages | Next.js | Sanity","https://www.awwwards.com/sites/new-studio-partners","https://www.awwwards.com/websites/portfolio/?page=13","https://assets.awwwards.com/awards/media/cache/thumb_880_660/submissions/2026/04/69e06c9f53b6c392102706.png","2026-04-25T10:22:22Z"
"New York Sunshine","new-york-sunshine","submission","E-Commerce | Web & Interactive | Colorful | Portfolio | Responsive Design | Unusual Navigation | Experimental | Gallery | 3D","https://www.awwwards.com/sites/new-york-sunshine","https://www.awwwards.com/websites/portfolio/?page=44","https://assets.awwwards.com/awards/media/cache/thumb_880_660/submissions/2024/12/6750c08aba02d119970460.png","2024-12-05T12:29:26Z"
"Newfarm Studio","newfarm-studio","submission","Technology | Web & Interactive | Animation | Portfolio | Scrolling | Unusual Navigation | Experimental | Three.js | 3D | next.js | Motion | Next.js","https://www.awwwards.com/sites/newfarm-studio","https://www.awwwards.com/websites/portfolio/?page=23","https://assets.awwwards.com/awards/media/cache/thumb_880_660/submissions/2025/11/691984f3c0b4d036681723.png","2025-11-17T11:43:14Z"
"Newport Renewables","newport-renewables","submission","Architecture | Other | Big Background Images | Clean | Navigation Menu | Portfolio | Responsive Design | Gallery","https://www.awwwards.com/sites/newport-renewables","https://www.awwwards.com/websites/portfolio/?page=33","https://assets.awwwards.com/awards/media/cache/thumb_880_660/submissions/2025/05/682722a633fd5941296996.png","2025-06-03T08:57:12Z"
"newroco website","newroco-website","submission","Technology | Web & Interactive | Minimal | Portfolio | UI design","https://www.awwwards.com/sites/newroco-website","https://www.awwwards.com/websites/portfolio/?page=51","https://assets.awwwards.com/awards/media/cache/thumb_880_660/submissions/2024/07/66a8e18988499487155119.png","2024-08-12T05:33:00Z"
"Nexa - Best Shopify Theme","nexa-best-shopify-theme","submission","E-Commerce | Navigation Menu | Portfolio | Menu - Horizontal | Header Design | Contact Page | 404 pages | Shopify","https://www.awwwards.com/sites/nexa-best-shopify-theme","https://www.awwwards.com/websites/portfolio/?page=43","https://assets.awwwards.com/awards/media/cache/thumb_880_660/submissions/2024/12/675abe6b130b2127806380.png","2024-12-26T06:54:12Z"
"NEXOLA - Agency’s Website","nexola-agencys-website","submission","Design Agencies | Web & Interactive | Animation | Clean | Portfolio | Data Visualization | Microinteractions | Startups | Figma | Adobe Photoshop | Framer","https://www.awwwards.com/sites/nexola-agencys-website","https://www.awwwards.com/websites/portfolio/?page=8","https://assets.awwwards.com/awards/media/cache/thumb_880_660/submissions/2026/06/6a33f0ed8f15f965729695.jpg","2026-07-04T14:12:47Z"
"NexStudio","nexstudio","submission","Three.js | 3D | Interaction Design | Design Agencies | About Page | Web & Interactive | Startups | Minimal | Next.js | Portfolio | Typescript | Scrolling","https://www.awwwards.com/sites/nexstudio","https://www.awwwards.com/websites/portfolio/?page=3","https://assets.awwwards.com/awards/media/cache/thumb_880_660/submissions/2026/08/6a851a55cf3ca777724071.png","2026-09-02T12:12:24Z"
"Next Net","next-net","submission","Business & Corporate | Technology | Web & Interactive | Big Background Images | Fullscreen | Portfolio | SEO | Unusual Navigation | Microinteractions","https://www.awwwards.com/sites/next-net","https://www.awwwards.com/websites/portfolio/?page=31","https://assets.awwwards.com/awards/media/cache/thumb_880_660/submissions/2025/06/6849b5fac19e5712821437.png","2025-06-27T09:30:04Z"
"Nhtoby - Portfolio","nhtoby-portfolio","submission","Web & Interactive | Animation | Infinite Scroll | Portfolio | Sound-Audio | 3D | About Page","https://www.awwwards.com/sites/nhtoby-portfolio","https://www.awwwards.com/websites/portfolio/?page=64","https://assets.awwwards.com/awards/media/cache/thumb_880_660/submissions/2024/01/65b8dad74ca1b377149313.png","2024-02-02T08:20:50Z"
"Nick Blanchard — Portfolio","nick-blanchard-portfolio","submission","Art & Illustration | Graphic design | Portfolio | Unusual Navigation | Illustration | About Page | Project Page","https://www.awwwards.com/sites/nick-blanchard-portfolio","https://www.awwwards.com/websites/portfolio/?page=36","https://assets.awwwards.com/awards/media/cache/thumb_880_660/submissions/2025/04/67f551ef34cff335065527.png","2025-04-21T06:25:32Z"
"Nickolas Kossup","nickolas-kossup","submission","Design Agencies | Promotional | Web & Interactive | Clean | Graphic design | Portfolio | UI design | Contact Page | Footer Design | Figma | Adobe Photoshop | Framer","https://www.awwwards.com/sites/nickolas-kossup","https://www.awwwards.com/websites/portfolio/?page=28","https://assets.awwwards.com/awards/media/cache/thumb_880_660/submissions/2025/07/68863c49b9b95272612222.jpg","2025-08-12T10:39:59Z"
"Nico Menezes","nico-menezes","submission","Other | Technology | Web & Interactive | Clean | Minimal | Portfolio | Responsive Design | Microinteractions","https://www.awwwards.com/sites/nico-menezes","https://www.awwwards.com/websites/portfolio/?page=43","https://assets.awwwards.com/awards/media/cache/thumb_880_660/submissions/2024/12/67519ee137196555510541.png","2024-12-16T07:05:00Z"
"nicoborja.com","nicoborja-com","submission","Experimental | Three.js | 3D | Web & Interactive | Content architecture | Portfolio | Interaction Design | Unusual Navigation | P5.js | WebGL | Data Visualization","https://www.awwwards.com/sites/nicoborja-com","https://www.awwwards.com/websites/portfolio/?page=5","https://assets.awwwards.com/awards/media/cache/thumb_880_660/submissions/2026/08/6a6ff5c199974592953127.jpeg","2026-08-16T19:29:01Z"
"Nicola Hankins portfolio","nicola-hankins-portfolio","submission","Web & Interactive | Portfolio | Responsive Design | Interaction Design | UI design","https://www.awwwards.com/sites/nicola-hankins-portfolio","https://www.awwwards.com/websites/portfolio/?page=52","https://assets.awwwards.com/awards/media/cache/thumb_880_660/submissions/2024/07/669a60f54855b161040328.jpg","2024-07-31T08:10:09Z"
"Nicola Romei™","nicola-romeitm","submission","Art & Illustration | Design Agencies | Web & Interactive | Animation | Infinite Scroll | Portfolio | Gallery | Storytelling | GSAP | Three.js | About Page | Webflow","https://www.awwwards.com/sites/nicola-romeitm","https://www.awwwards.com/websites/portfolio/?page=19","https://assets.awwwards.com/awards/media/cache/thumb_880_660/submissions/2025/12/6952b2102ac5b807416472.png","2026-02-08T00:00:00Z"
"Nicolas Bussière","nicolas-bussiere-2","submission","Web & Interactive | Big Background Images | Clean | Photographic | Portfolio | Typography | About Page","https://www.awwwards.com/sites/nicolas-bussiere-2","https://www.awwwards.com/websites/portfolio/?page=32","https://assets.awwwards.com/awards/media/cache/thumb_880_660/submissions/2025/06/6845b31f7ee58487804014.jpg","2025-06-19T10:04:54Z"
"Nicolas Giannantonio - 2025","nicolas-giannantonio-2025","submission","Web & Interactive | Animation | Portfolio | Transitions | GSAP | Three.js | 3D","https://www.awwwards.com/sites/nicolas-giannantonio-2025","https://www.awwwards.com/websites/portfolio/?page=27","https://assets.awwwards.com/awards/media/cache/thumb_880_660/submissions/2025/08/68a8682ceb13c714959715.png","2025-09-04T09:31:44Z"
"Niki Sadeki","niki-sadeki","submission","Art & Illustration | Music & Sound | Web & Interactive | Clean | Minimal | Portfolio | Typography | Photo & Video | UI design | Adobe Illustrator | Wix Studio","https://www.awwwards.com/sites/niki-sadeki","https://www.awwwards.com/websites/portfolio/?page=18","https://assets.awwwards.com/awards/media/cache/thumb_880_660/submissions/2026/02/6983b54ea69d6764155314.png","2026-02-16T12:57:34Z"
"NIKI Studio","niki-studio","submission","Design Agencies | Web & Interactive | Animation | Graphic design | Minimal | Portfolio | Typography | UI design | Framer","https://www.awwwards.com/sites/niki-studio","https://www.awwwards.com/websites/portfolio/?page=41","https://assets.awwwards.com/awards/media/cache/thumb_880_660/submissions/2025/01/6787f4e131cfe517137705.png","2025-02-03T00:00:00Z"
"NIKLAS BUBORI","niklas-bubori","submission","Art & Illustration | Design Agencies | Web & Interactive | Animation | Clean | Portfolio | Transitions | 3D | Microinteractions","https://www.awwwards.com/sites/niklas-bubori","https://www.awwwards.com/websites/portfolio/?page=35","https://assets.awwwards.com/awards/media/cache/thumb_880_660/submissions/2025/04/680abe3f96d86867473292.jpg","2025-05-09T07:53:22Z"
"Ning Huang - Digital Designer","ning-huang-digital-designer","submission","Design Agencies | Web & Interactive | Clean | Portfolio | Typography | Transitions | Experimental | Storytelling | Interaction Design","https://www.awwwards.com/sites/ning-huang-digital-designer","https://www.awwwards.com/websites/portfolio/?page=28","https://assets.awwwards.com/awards/media/cache/thumb_880_660/submissions/2025/06/6856332b9686a140919301.jpg","2025-08-23T00:00:00Z"
"Nite Riot","nite-riot","submission","Film & TV | Minimal | Portfolio | Photography | Gallery | Photo & Video | About Page | 404 pages | Luxury","https://www.awwwards.com/sites/nite-riot","https://www.awwwards.com/websites/portfolio/?page=36","https://assets.awwwards.com/awards/media/cache/thumb_880_660/submissions/2025/03/67e135a91dcf2087856298.jpg","2025-04-23T00:00:00Z"
"Nithin • Visual Designer","nithin-visual-designer","submission","Design Agencies | Promotional | Web & Interactive | Animation | Portfolio | Responsive Design | Three.js | Interaction Design | UI design | next.js | Figma | Next.js","https://www.awwwards.com/sites/nithin-visual-designer","https://www.awwwards.com/websites/portfolio/?page=9","https://assets.awwwards.com/awards/media/cache/thumb_880_660/submissions/2026/06/6a2275f8e1fe2375405449.png","2026-06-20T14:34:24Z"
"Nivora","nivora","submission","Design Agencies | Fashion | Minimal | Portfolio | Gallery | About Page | Contact Page | Footer Design | Startups | Framer","https://www.awwwards.com/sites/nivora","https://www.awwwards.com/websites/portfolio/?page=20","https://assets.awwwards.com/awards/media/cache/thumb_880_660/submissions/2026/01/695b41cc917dc639165449.jpg","2026-01-14T11:14:49Z"
"Nkay Design","nkay-design","submission","Design Agencies | Mobile & Apps | App Style | Portfolio","https://www.awwwards.com/sites/nkay-design","https://www.awwwards.com/websites/portfolio/?page=68","https://assets.awwwards.com/awards/media/cache/thumb_880_660/submissions/2023/11/6564f1b1ea9fb117028255.png","2023-11-30T09:39:23Z"
"No graphism®","no-graphism-r","submission","Design Agencies | Web & Interactive | Wordpress | Colorful | Parallax | Portfolio | Typography | GSAP | Interaction Design | Footer Design | Tailwind","https://www.awwwards.com/sites/no-graphism-r","https://www.awwwards.com/websites/portfolio/?page=17","https://assets.awwwards.com/awards/media/cache/thumb_880_660/submissions/2026/02/69a1a25a1c7c7489781405.jpg","2026-02-28T18:47:00Z"
"Noci studio","noci-studio","submission","Design Agencies | Web & Interactive | Animation | Graphic design | Minimal | Portfolio | Responsive Design","https://www.awwwards.com/sites/noci-studio","https://www.awwwards.com/websites/portfolio/?page=46","https://assets.awwwards.com/awards/media/cache/thumb_880_660/submissions/2024/10/671ae4232a7d2582843032.jpg","2024-11-05T06:40:00Z"
"Nômada","nomada-1","submission","Design Agencies | Animation | Portfolio | Scrolling | Forms and Input | Filters and Effects | About Page","https://www.awwwards.com/sites/nomada-1","https://www.awwwards.com/websites/portfolio/?page=53","https://assets.awwwards.com/awards/media/cache/thumb_880_660/submissions/2024/06/667b0ec2da76e638717006.png","2024-07-05T06:48:14Z"
"nomoredesign","nomoredesign","submission","Design Agencies | Animation | Clean | Graphic design | Portfolio | Transitions | GSAP | Microinteractions | Lottie | Webflow","https://www.awwwards.com/sites/nomoredesign","https://www.awwwards.com/websites/portfolio/?page=10","https://assets.awwwards.com/awards/media/cache/thumb_880_660/submissions/2026/06/6a1efeaf9a9d3644519768.jpg","2026-06-17T10:43:00Z"
"Non-Linear Studio","non-linear-studio","submission","Design Agencies | Web & Interactive | Animation | Portfolio | Typography | Video | 3D | Forms and Input","https://www.awwwards.com/sites/non-linear-studio","https://www.awwwards.com/websites/portfolio/?page=52","https://assets.awwwards.com/awards/media/cache/thumb_880_660/submissions/2024/07/66847c8c0a83f268536669.jpg","2024-08-06T00:00:00Z"
"Noomo Labs","noomo-labs","submission","Design Agencies | Promotional | Technology | Animation | Portfolio | Storytelling | 3D | Interaction Design | UI design","https://www.awwwards.com/sites/noomo-labs","https://www.awwwards.com/websites/portfolio/?page=55","https://assets.awwwards.com/awards/media/cache/thumb_880_660/submissions/2024/05/665786fb215cf911521074.jpg","2024-06-19T00:00:00Z"
"Nora Vale","nora-vale","submission","Typography | Photography | Transitions | Art & Illustration | Photo & Video | Design Agencies | Framer | Graphic design | Minimal | Portfolio","https://www.awwwards.com/sites/nora-vale","https://www.awwwards.com/websites/portfolio/?page=4","https://assets.awwwards.com/awards/media/cache/thumb_880_660/submissions/2026/08/6a7dacb45073d107272426.jpg","2026-08-26T12:01:30Z"
"NorthGarden","northgarden","submission","Design Agencies | Technology | Web & Interactive | Minimal | Portfolio | Gallery | Menu - Horizontal | Three.js | GLSL | 3D | Microinteractions | Next.js","https://www.awwwards.com/sites/northgarden","https://www.awwwards.com/websites/portfolio/?page=12","https://assets.awwwards.com/awards/media/cache/thumb_880_660/submissions/2026/05/69f960b003bac611011010.png","2026-05-14T10:00:03Z"
"NOT FOUND","not-found","submission","Design Agencies | Animation | Portfolio | Video | 404 pages | After Effects","https://www.awwwards.com/sites/not-found","https://www.awwwards.com/websites/portfolio/?page=3","https://assets.awwwards.com/awards/media/cache/thumb_880_660/submissions/2026/08/6a8fc5cc7550d116838470.png","2026-09-10T09:04:12Z"
"NOTHIN'","nothin","submission","Design Agencies | Web & Interactive | Parallax | Portfolio | Scrolling | WebGL | Experimental | GSAP | 3D | Photo & Video | Microinteractions | Webflow","https://www.awwwards.com/sites/nothin","https://www.awwwards.com/websites/portfolio/?page=6","https://assets.awwwards.com/awards/media/cache/thumb_880_660/submissions/2026/06/6a351f5e3f18f475727585.jpg","2026-08-10T00:00:00Z"
"November","november","submission","Art & Illustration | Design Agencies | Web & Interactive | Graphic design | Portfolio | Typography | Web Fonts | Photo & Video | Footer Design","https://www.awwwards.com/sites/november","https://www.awwwards.com/websites/portfolio/?page=43","https://assets.awwwards.com/awards/media/cache/thumb_880_660/submissions/2024/12/6759702528491220964819.jpg","2024-12-24T07:27:42Z"
"Nth Degree","nth-degree","submission","Business & Corporate | E-Commerce | Big Background Images | Clean | Flat Design | Navigation Menu | Portfolio | Responsive | Shopify","https://www.awwwards.com/sites/nth-degree","https://www.awwwards.com/websites/portfolio/?page=42","https://assets.awwwards.com/awards/media/cache/thumb_880_660/submissions/2025/01/677e80342f3ef489903218.jpg","2025-01-20T09:51:16Z"
"Null Society","null-society","submission","Art & Illustration | Magazine / Newspaper / Blog | Design Agencies | Clean | Portfolio | Unusual Navigation | Gallery | UI design | Contentful","https://www.awwwards.com/sites/null-society","https://www.awwwards.com/websites/portfolio/?page=37","https://assets.awwwards.com/awards/media/cache/thumb_880_660/submissions/2025/03/67db2ae258f17338111943.jpg","2025-04-03T07:10:00Z"
"Numero10.ch","numero10-ch","submission","Art & Illustration | Film & TV | Promotional | Graphic design | Infinite Scroll | Portfolio | 360 | Content architecture | Photo & Video","https://www.awwwards.com/sites/numero10-ch","https://www.awwwards.com/websites/portfolio/?page=59","https://assets.awwwards.com/awards/media/cache/thumb_880_660/submissions/2024/04/660eacdd2b825297527975.jpg","2024-04-11T07:57:32Z"
"Oak and Grid","oak-and-grid","submission","Business & Corporate | Design Agencies | Web & Interactive | Clean | CSS | Flat Design | HTML5 | Minimal | Portfolio | Single page | Typography | Javascript","https://www.awwwards.com/sites/oak-and-grid","https://www.awwwards.com/websites/portfolio/?page=10","https://assets.awwwards.com/awards/media/cache/thumb_880_660/submissions/2026/05/6a1c9ccabd437979539556.png","2026-06-14T12:42:00Z"
"Obermann Web Design","obermann-web-design","submission","Design Agencies | Promotional | Web & Interactive | Animation | Portfolio | GSAP | Three.js | 3D | Microinteractions | Svelte","https://www.awwwards.com/sites/obermann-web-design","https://www.awwwards.com/websites/portfolio/?page=9","https://assets.awwwards.com/awards/media/cache/thumb_880_660/submissions/2026/06/6a3e96acd4c14817242692.png","2026-06-27T13:36:00Z"
"Oberson Architects","oberson-architects","submission","Architecture | Business & Corporate | Clean | Graphic design | Minimal | Portfolio | Photo & Video | UI design","https://www.awwwards.com/sites/oberson-architects","https://www.awwwards.com/websites/portfolio/?page=62","https://assets.awwwards.com/awards/media/cache/thumb_880_660/submissions/2024/02/65e0509fb3902456568058.png","2024-03-05T08:45:15Z"
"Obfitość - Agency","obfitosc-agency","submission","Design Agencies | Other | Web & Interactive | Animation | Colorful | Portfolio | Header Design | Microinteractions | Footer Design","https://www.awwwards.com/sites/obfitosc-agency","https://www.awwwards.com/websites/portfolio/?page=38","https://assets.awwwards.com/awards/media/cache/thumb_880_660/submissions/2025/03/67c79669db02d144010022.jpg","2025-03-13T07:28:42Z"
"Obriy Design Büro","obriy-design-buro-1","submission","Business & Corporate | Design Agencies | Web & Interactive | Minimal | Portfolio | Interaction Design | UI design | Contact Page | Project Page","https://www.awwwards.com/sites/obriy-design-buro-1","https://www.awwwards.com/websites/portfolio/?page=46","https://assets.awwwards.com/awards/media/cache/thumb_880_660/submissions/2024/10/6716632eddc26568209177.png","2024-11-01T07:18:57Z"
"OBSCURA","obscura","submission","Web & Interactive | Animation | Portfolio | Scrolling | Typography | Transitions | GSAP | UI design | Webflow | Figma","https://www.awwwards.com/sites/obscura","https://www.awwwards.com/websites/portfolio/?page=8","https://assets.awwwards.com/awards/media/cache/thumb_880_660/submissions/2026/06/6a3a36eb99d93635657397.jpg","2026-07-09T08:54:00Z"
"OBSESD - Wedding Photography","obsesd-wedding-photography","submission","Promotional | Portfolio | Typography | Photography | Gallery | About Page","https://www.awwwards.com/sites/obsesd-wedding-photography","https://www.awwwards.com/websites/portfolio/?page=34","https://assets.awwwards.com/awards/media/cache/thumb_880_660/submissions/2025/05/681b711611fea417130628.jpg","2025-05-22T09:52:00Z"
"Obys","obys-2","submission","Business & Corporate | Design Agencies | Web & Interactive | Portfolio | Scrolling | WebGL | Gallery | Storytelling | UI design | Project Page | Figma","https://www.awwwards.com/sites/obys-2","https://www.awwwards.com/websites/portfolio/?page=12","https://assets.awwwards.com/awards/media/cache/thumb_880_660/submissions/2026/04/69dcd7b9f3068233007878.jpg","2026-05-04T00:00:00Z"
"Ochuko — Portfolio '24","ochuko-portfolio-24","submission","Web & Interactive | Portfolio | SEO | 3D | UI design | Header Design | next.js","https://www.awwwards.com/sites/ochuko-portfolio-24","https://www.awwwards.com/websites/portfolio/?page=63","https://assets.awwwards.com/awards/media/cache/thumb_880_660/submissions/2024/02/65cf9af365152014437046.png","2024-02-22T09:24:30Z"
"OCTAVIO BREHM","octavio-brehm","submission","Design Agencies | Technology | Graphic design | Portfolio | 360 | Interaction Design | UI design | Figma | Adobe XD | Framer","https://www.awwwards.com/sites/octavio-brehm","https://www.awwwards.com/websites/portfolio/?page=26","https://assets.awwwards.com/awards/media/cache/thumb_880_660/submissions/2025/09/68b99029b46c6684266344.png","2025-09-14T15:47:00Z"
"ODA Architecture","oda-architecture","submission","Architecture | Business & Corporate | Web & Interactive | Colorful | Navigation Menu | Portfolio | Responsive Design | Content architecture | About Page","https://www.awwwards.com/sites/oda-architecture","https://www.awwwards.com/websites/portfolio/?page=59","https://assets.awwwards.com/awards/media/cache/thumb_880_660/submissions/2024/04/6617dadee5b3a796095923.jpg","2024-04-18T08:25:40Z"
"Oddly Made","oddly-made","submission","Design Agencies | Web & Interactive | Animation | Colorful | Minimal | Portfolio | GSAP | Interaction Design | UI design | Webflow | Figma","https://www.awwwards.com/sites/oddly-made","https://www.awwwards.com/websites/portfolio/?page=11","https://assets.awwwards.com/awards/media/cache/thumb_880_660/submissions/2026/05/6a0667d25ab19332472037.jpg","2026-05-28T10:03:24Z"
"Odoo web design","odoo-web-design","submission","Design Agencies | Web & Interactive | Animation | Portfolio | Typography | Video | Photography | GSAP | Figma | Python","https://www.awwwards.com/sites/odoo-web-design","https://www.awwwards.com/websites/portfolio/?page=25","https://assets.awwwards.com/awards/media/cache/thumb_880_660/submissions/2025/10/68de458fe2eb9119536512.jpg","2025-10-12T11:28:59Z"
"Odyssey Controller","odyssey-controller","submission","Business & Corporate | Design Agencies | Web & Interactive | Animation | Clean | Minimal | Portfolio | Responsive Design | UI design","https://www.awwwards.com/sites/odyssey-controller","https://www.awwwards.com/websites/portfolio/?page=46","https://assets.awwwards.com/awards/media/cache/thumb_880_660/submissions/2024/09/66f51049da3b9345890496.png","2024-10-27T00:00:00Z"
"Off Menu","off-menu","submission","Design Agencies | Animation | Clean | CSS | Portfolio | Scrolling | Transitions | GSAP | Gestures / Interaction | Next.js","https://www.awwwards.com/sites/off-menu","https://www.awwwards.com/websites/portfolio/?page=13","https://assets.awwwards.com/awards/media/cache/thumb_880_660/submissions/2026/03/69cbc978275e8009504716.png","2026-04-23T00:00:00Z"
"OGUZHAN TUFENK PORTFOLIO","oguzhan-tufenk-portfolio","submission","Web & Interactive | Animation | Portfolio | Retro | Storytelling | 3D","https://www.awwwards.com/sites/oguzhan-tufenk-portfolio","https://www.awwwards.com/websites/portfolio/?page=47","https://assets.awwwards.com/awards/media/cache/thumb_880_660/submissions/2024/10/670315f45d336394390302.png","2024-10-17T08:38:00Z"
"OH IRA PORTFOLIO WEBPAGE","oh-ira-portfolio-webpage","submission","Art & Illustration | Other | Portfolio | Typography | Unusual Navigation | Experimental | 404 pages","https://www.awwwards.com/sites/oh-ira-portfolio-webpage","https://www.awwwards.com/websites/portfolio/?page=39","https://assets.awwwards.com/awards/media/cache/thumb_880_660/submissions/2025/02/67b1b4d727996912884053.jpg","2025-02-26T06:35:54Z"
"OhhMyAds","ohhmyads-1","submission","Art & Illustration | Design Agencies | Web & Interactive | Animation | Colorful | Portfolio | Illustration | Interaction Design | UI design","https://www.awwwards.com/sites/ohhmyads-1","https://www.awwwards.com/websites/portfolio/?page=46","https://assets.awwwards.com/awards/media/cache/thumb_880_660/submissions/2024/10/67112fe85ba67234966257.png","2024-10-30T07:33:00Z"
"OhhMyDesign","ohhmydesign","submission","Design Agencies | Web & Interactive | Animation | Clean | Portfolio | Scrolling | Transitions | UI design","https://www.awwwards.com/sites/ohhmydesign","https://www.awwwards.com/websites/portfolio/?page=45","https://assets.awwwards.com/awards/media/cache/thumb_880_660/submissions/2024/11/672cf973d7390853235876.png","2024-11-19T07:04:38Z"
"OhhMyDesign","ohhmydesign-1","submission","Design Agencies | Technology | Web & Interactive | Animation | Colorful | CSS | HTML5 | Portfolio | UI design | Header Design | Microinteractions | Javascript","https://www.awwwards.com/sites/ohhmydesign-1","https://www.awwwards.com/websites/portfolio/?page=6","https://assets.awwwards.com/awards/media/cache/thumb_880_660/submissions/2026/07/6a529a52bd600075952463.png","2026-07-26T14:01:18Z"
"OHO Design","oho-design","submission","Design Agencies | Web & Interactive | Portfolio | Typography | Transitions | Experimental | 3D | Interaction Design | Microinteractions","https://www.awwwards.com/sites/oho-design","https://www.awwwards.com/websites/portfolio/?page=61","https://assets.awwwards.com/awards/media/cache/thumb_880_660/submissions/2024/03/65fbddea85a79296199966.jpg","2024-03-27T08:43:30Z"
"Oimachi","oimachi","submission","Design Agencies | Technology | Web & Interactive | Clean | Portfolio | Typography | GSAP | Webflow","https://www.awwwards.com/sites/oimachi","https://www.awwwards.com/websites/portfolio/?page=4","https://assets.awwwards.com/awards/media/cache/thumb_880_660/submissions/2026/06/6a352a09d8ff8486117403.jpg","2026-08-21T00:00:00Z"
"OKAY DEV®","okay-dev-r","submission","Craft CMS | UI design | Microinteractions | Web & Interactive | Project Page | Portfolio | Gallery | Social Integration | GSAP","https://www.awwwards.com/sites/okay-dev-r","https://www.awwwards.com/websites/portfolio/?page=4","https://assets.awwwards.com/awards/media/cache/thumb_880_660/submissions/2026/08/6a740e66cb677313513294.jpg","2026-08-20T13:49:44Z"
"OKC Media — Evolved Simplicity","okc-media-evolved-simplicity","submission","Minimal | Portfolio | Scrolling | Design Agencies | Microinteractions | E-Commerce | Javascript | Animation | Clean | CSS","https://www.awwwards.com/sites/okc-media-evolved-simplicity","https://www.awwwards.com/websites/portfolio/?page=5","https://assets.awwwards.com/awards/media/cache/thumb_880_660/submissions/2026/07/6a6b21db8f41c115574153.jpg","2026-08-13T09:59:27Z"
"OKKIO Design","okkio-design","submission","Business & Corporate | Design Agencies | Web & Interactive | Graphic design | Portfolio | Responsive Design | 3D | Interaction Design | UI design","https://www.awwwards.com/sites/okkio-design","https://www.awwwards.com/websites/portfolio/?page=31","https://assets.awwwards.com/awards/media/cache/thumb_880_660/submissions/2025/06/685868eda7533102402126.png","2025-07-02T10:09:00Z"
"Olga Gamburg Photography","olga-gamburg-photography","submission","Photographic | Portfolio | Responsive Design | Typography | Photography | 404 pages","https://www.awwwards.com/sites/olga-gamburg-photography","https://www.awwwards.com/websites/portfolio/?page=53","https://assets.awwwards.com/awards/media/cache/thumb_880_660/submissions/2024/06/667af5f321913465531441.jpg","2024-07-04T05:42:01Z"
"Olha Lazarieva","olha-lazarieva","submission","Art & Illustration | Design Agencies | Web & Interactive | Animation | Portfolio | Typography | Gallery | GSAP | React | 3D | UI design | Figma","https://www.awwwards.com/sites/olha-lazarieva","https://www.awwwards.com/websites/portfolio/?page=26","https://assets.awwwards.com/awards/media/cache/thumb_880_660/submissions/2025/08/68af13d98621f852628699.jpg","2025-10-02T00:00:00Z"
"Oliver Gareis","oliver-gareis","submission","Design Agencies | Web & Interactive | Animation | Navigation Menu | Portfolio | Typography | Illustration | GSAP | Interaction Design | Webflow","https://www.awwwards.com/sites/oliver-gareis","https://www.awwwards.com/websites/portfolio/?page=7","https://assets.awwwards.com/awards/media/cache/thumb_880_660/submissions/2026/07/6a4ca31f8a2b0445514758.png","2026-07-22T10:07:00Z"
"Oliver Jeffers","oliver-jeffers","submission","Art & Illustration | Web & Interactive | Animation | Fullscreen | Portfolio | Illustration | Storytelling | Photo & Video","https://www.awwwards.com/sites/oliver-jeffers","https://www.awwwards.com/websites/portfolio/?page=54","https://assets.awwwards.com/awards/media/cache/thumb_880_660/submissions/2024/06/66753ec00a25b008656201.jpg","2024-06-27T08:30:00Z"
"Olivier Ouendeno - Portfolio 2025","olivier-ouendeno-portfolio-2025","submission","Design Agencies | Web & Interactive | Colorful | Minimal | Portfolio | Transitions | Sound-Audio | Nuxt.js","https://www.awwwards.com/sites/olivier-ouendeno-portfolio-2025","https://www.awwwards.com/websites/portfolio/?page=30","https://assets.awwwards.com/awards/media/cache/thumb_880_660/submissions/2025/07/686eb33a57474981862575.png","2025-07-28T09:44:41Z"
"Olter","olter","submission","Design Agencies | Web & Interactive | Colorful | Portfolio | Responsive Design | Transitions | UI design | About Page","https://www.awwwards.com/sites/olter","https://www.awwwards.com/websites/portfolio/?page=38","https://assets.awwwards.com/awards/media/cache/thumb_880_660/submissions/2025/02/67b83bd9801f8208567255.jpg","2025-03-07T07:01:00Z"
"Omar Al Khatib","omar-al-khatib","submission","Technology | Web & Interactive | Clean | CSS | HTML5 | jQuery | Minimal | Portfolio | Responsive Design | Single page | Startups","https://www.awwwards.com/sites/omar-al-khatib","https://www.awwwards.com/websites/portfolio/?page=18","https://assets.awwwards.com/awards/media/cache/thumb_880_660/submissions/2026/02/6989f46e29e63004196993.png","2026-02-22T13:06:53Z"
"Omar Kreidly","omar-kreidly","submission","Art & Illustration | Web & Interactive | Animation | Minimal | Parallax | Portfolio | Photography | Transitions | UI design","https://www.awwwards.com/sites/omar-kreidly","https://www.awwwards.com/websites/portfolio/?page=67","https://assets.awwwards.com/awards/media/cache/thumb_880_660/submissions/2023/12/6584d03bf3ce7019811573.png","2024-01-02T08:09:43Z"
"Omid's personal website","omids-personal-website","submission","Web & Interactive | Animation | Minimal | Portfolio | Single page | Transitions | Experimental | Menu - Vertical","https://www.awwwards.com/sites/omids-personal-website","https://www.awwwards.com/websites/portfolio/?page=66","https://assets.awwwards.com/awards/media/cache/thumb_880_660/submissions/2023/12/6588aeb0ba993551647705.jpg","2024-01-03T08:16:58Z"
"OMMO","ommo","submission","Art & Illustration | Design Agencies | Web & Interactive | Animation | Minimal | Portfolio | Transitions | Interaction Design | Microinteractions","https://www.awwwards.com/sites/ommo","https://www.awwwards.com/websites/portfolio/?page=49","https://assets.awwwards.com/awards/media/cache/thumb_880_660/submissions/2024/08/66d103f9e1eca207549628.jpg","2024-09-11T04:15:05Z"
"Onda Studio","onda-studio","submission","Design Agencies | Graphic design | Portfolio | GSAP | Microinteractions | Webflow | Javascript","https://www.awwwards.com/sites/onda-studio","https://www.awwwards.com/websites/portfolio/?page=2","https://assets.awwwards.com/awards/media/cache/thumb_880_660/submissions/2026/09/6a9951d91f6bf397098344.png","2026-09-16T08:34:27Z"
"Online Portfolio - Nik Klemenc","online-portfolio-nik-klemenc","submission","Other | Technology | Web & Interactive | Big Background Images | Horizontal Layout | Portfolio | Retro | About Page | Contact Page","https://www.awwwards.com/sites/online-portfolio-nik-klemenc","https://www.awwwards.com/websites/portfolio/?page=61","https://assets.awwwards.com/awards/media/cache/thumb_880_660/submissions/2024/03/65f035a266382863706970.jpg","2024-03-18T09:29:55Z"
"OO v2","oo-v2","submission","Games & Entertainment | Music & Sound | Animation | Portfolio | Experimental | Responsive | Sound-Audio | Interaction Design | Header Design","https://www.awwwards.com/sites/oo-v2","https://www.awwwards.com/websites/portfolio/?page=35","https://assets.awwwards.com/awards/media/cache/thumb_880_660/submissions/2025/04/6807004542f9b777087903.png","2025-05-06T09:40:59Z"
"Opaline Interiors Studio","opaline-interiors-studio","submission","Architecture | Art & Illustration | Portfolio | Typography | Interaction Design | UI design | Luxury","https://www.awwwards.com/sites/opaline-interiors-studio","https://www.awwwards.com/websites/portfolio/?page=39","https://assets.awwwards.com/awards/media/cache/thumb_880_660/submissions/2025/02/67bd34e648923344318638.jpg","2025-02-27T06:47:00Z"
"orbitx.supply","orbitx-supply","submission","Design Agencies | Web & Interactive | Animation | Clean | Flat Design | Minimal | Portfolio | Interaction Design | Startups | Framer","https://www.awwwards.com/sites/orbitx-supply","https://www.awwwards.com/websites/portfolio/?page=35","https://assets.awwwards.com/awards/media/cache/thumb_880_660/submissions/2025/04/68095b2b88372220066720.jpg","2025-05-08T06:47:48Z"
"Orlion Studio","orlion-studio","submission","Art & Illustration | Design Agencies | E-Commerce | Colorful | Graphic design | Portfolio | Responsive Design | SVG | Typography | Responsive | Adobe Photoshop | Adobe Illustrator","https://www.awwwards.com/sites/orlion-studio","https://www.awwwards.com/websites/portfolio/?page=25","https://assets.awwwards.com/awards/media/cache/thumb_880_660/submissions/2025/09/68dab30362118797798122.jpg","2025-10-11T14:09:20Z"
"Osa Odiase v1","osa-odiase-v1","submission","Games & Entertainment | Web & Interactive | Animation | Minimal | Portfolio | Responsive Design | Single page | Experimental | Interaction Design","https://www.awwwards.com/sites/osa-odiase-v1","https://www.awwwards.com/websites/portfolio/?page=46","https://assets.awwwards.com/awards/media/cache/thumb_880_660/submissions/2024/10/67166de56aeff918114329.png","2024-11-01T07:16:22Z"
"Oscar Pico — Portfolio©24","oscar-pico-portfolio-c-24","submission","Promotional | Web & Interactive | Portfolio | Transitions | Experimental | Gallery | Gestures / Interaction | Filters and Effects | About Page","https://www.awwwards.com/sites/oscar-pico-portfolio-c-24","https://www.awwwards.com/websites/portfolio/?page=55","https://assets.awwwards.com/awards/media/cache/thumb_880_660/submissions/2024/05/6644ab9873050550217894.png","2024-06-06T00:00:00Z"
"OSKAR HERMAN SOLLENBERG","oskar-herman-sollenberg","submission","Promotional | Web & Interactive | Animation | Clean | Graphic design | Minimal | Portfolio | Experimental | 3D","https://www.awwwards.com/sites/oskar-herman-sollenberg","https://www.awwwards.com/websites/portfolio/?page=54","https://assets.awwwards.com/awards/media/cache/thumb_880_660/submissions/2024/06/6679e8c5ee87e494519374.png","2024-07-03T05:35:00Z"
"Ossai Emmanuel","ossai-emmanuel","submission","Design Agencies | Web & Interactive | Animation | Clean | Portfolio | Gestures / Interaction | Interaction Design | Microinteractions | Startups | Framer","https://www.awwwards.com/sites/ossai-emmanuel","https://www.awwwards.com/websites/portfolio/?page=47","https://assets.awwwards.com/awards/media/cache/thumb_880_660/submissions/2024/10/66fea8e66a337321497470.png","2024-10-15T05:50:48Z"
"Østen Wilde - Portfolio","osten-wilde-portfolio","submission","Design Agencies | Clean | Parallax | Photographic | Portfolio | Photography | Gallery | Photo & Video","https://www.awwwards.com/sites/osten-wilde-portfolio","https://www.awwwards.com/websites/portfolio/?page=68","https://assets.awwwards.com/awards/media/cache/thumb_880_660/submissions/2023/11/656796471cc1b594211518.jpg","2023-12-05T09:34:03Z"
"Otis Bay Studio","otis-bay-studio","submission","Design Agencies | Web & Interactive | Animation | Colorful | Graphic design | Portfolio | Scrolling | Experimental","https://www.awwwards.com/sites/otis-bay-studio","https://www.awwwards.com/websites/portfolio/?page=59","https://assets.awwwards.com/awards/media/cache/thumb_880_660/submissions/2024/04/6617ec120f604351869062.png","2024-04-18T08:23:24Z"
"OTK Studio","otk-studio-2","submission","Design Agencies | Technology | Web & Interactive | Minimal | Portfolio | Single page | Typography","https://www.awwwards.com/sites/otk-studio-2","https://www.awwwards.com/websites/portfolio/?page=44","https://assets.awwwards.com/awards/media/cache/thumb_880_660/submissions/2024/10/6723abd306f6c950223049.png","2024-12-03T09:55:31Z"
"OTOFILM","otofilm","submission","Film & TV | Colorful | Portfolio | Video | Transitions","https://www.awwwards.com/sites/otofilm","https://www.awwwards.com/websites/portfolio/?page=64","https://assets.awwwards.com/awards/media/cache/thumb_880_660/submissions/2024/02/65bcf6fe12f6a056290799.jpg","2024-02-08T10:28:30Z"
"Otoh","otoh","submission","Design Agencies | Technology | Web & Interactive | Animation | Graphic design | Portfolio | Interaction Design | Photo & Video | Project Page","https://www.awwwards.com/sites/otoh","https://www.awwwards.com/websites/portfolio/?page=65","https://assets.awwwards.com/awards/media/cache/thumb_880_660/submissions/2024/01/65a7254027b4f219549255.jpg","2024-01-23T09:19:47Z"
"Ottografie 2025","ottografie-2025","submission","Big Background Images | Photographic | Portfolio | Unusual Navigation | Photography | Transitions | Microinteractions","https://www.awwwards.com/sites/ottografie-2025","https://www.awwwards.com/websites/portfolio/?page=40","https://assets.awwwards.com/awards/media/cache/thumb_880_660/submissions/2025/02/67b4537be1537835850655.jpg","2025-02-18T00:00:00Z"
"Outside","outside","submission","Business & Corporate | Design Agencies | Clean | Minimal | Navigation Menu | Portfolio | Unusual Navigation | Transitions | Social responsibility","https://www.awwwards.com/sites/outside","https://www.awwwards.com/websites/portfolio/?page=64","https://assets.awwwards.com/awards/media/cache/thumb_880_660/submissions/2024/02/65c1ac0bd3b3c319908132.png","2024-02-07T10:07:42Z"
"Outskirt Films","outskirt-films","submission","Film & TV | Portfolio | Scrolling | Typography | Video | Storytelling | Footer Design | Social responsibility","https://www.awwwards.com/sites/outskirt-films","https://www.awwwards.com/websites/portfolio/?page=49","https://assets.awwwards.com/awards/media/cache/thumb_880_660/submissions/2024/09/66d8c3014d27f905395978.jpg","2024-09-17T09:10:38Z"
"OVERA MAGAZINE","overa-magazine","submission","Magazine / Newspaper / Blog | Design Agencies | Web & Interactive | Animation | Portfolio | Scrolling | Transitions | Interaction Design | Microinteractions","https://www.awwwards.com/sites/overa-magazine","https://www.awwwards.com/websites/portfolio/?page=63","https://assets.awwwards.com/awards/media/cache/thumb_880_660/submissions/2024/02/65c7059b435b8433255935.jpg","2024-02-13T09:51:43Z"
"Oversour Studio","oversour-studio","submission","Design Agencies | Food & Drink | Web & Interactive | Animation | Big Background Images | Wordpress | CSS | Graphic design | Portfolio | Interaction Design | Elementor","https://www.awwwards.com/sites/oversour-studio","https://www.awwwards.com/websites/portfolio/?page=24","https://assets.awwwards.com/awards/media/cache/thumb_880_660/submissions/2025/10/68eae00826e63310118565.jpg","2025-10-22T10:28:45Z"
"Oz Gultekin","oz-gultekin","submission","Design Agencies | Technology | Web & Interactive | Clean | Flat Design | Minimal | Portfolio | Typography | Storytelling | GSAP | Typescript | Astro","https://www.awwwards.com/sites/oz-gultekin","https://www.awwwards.com/websites/portfolio/?page=11","https://assets.awwwards.com/awards/media/cache/thumb_880_660/submissions/2026/05/69fc8004b265d527805645.png","2026-05-17T10:50:23Z"
"Paco, patron de couture","paco-patron-de-couture","submission","Art & Illustration | E-Commerce | Fashion | CSS | Flat Design | Graphic design | HTML5 | jQuery | Portfolio | Responsive Design | SEO | Illustration","https://www.awwwards.com/sites/paco-patron-de-couture","https://www.awwwards.com/websites/portfolio/?page=14","https://assets.awwwards.com/awards/media/cache/thumb_880_660/submissions/2026/04/69cd05a398ed3029111133.png","2026-04-11T12:56:59Z"
"Pacôme Pertant Portfolio","pacome-pertant-portfolio","submission","Art & Illustration | Music & Sound | Promotional | Animation | Portfolio | Scrolling | Transitions | GSAP | Three.js | 3D | Microinteractions | Nuxt.js","https://www.awwwards.com/sites/pacome-pertant-portfolio","https://www.awwwards.com/websites/portfolio/?page=10","https://assets.awwwards.com/awards/media/cache/thumb_880_660/submissions/2026/05/69f89c17eef71174595831.png","2026-06-09T00:00:00Z"
"PAISANA(HOUSE)","paisana-house","submission","Architecture | Design Agencies | Clean | CSS | Minimal | Portfolio | Single page | Real Estate | UI design | Microinteractions | Javascript | Figma","https://www.awwwards.com/sites/paisana-house","https://www.awwwards.com/websites/portfolio/?page=26","https://assets.awwwards.com/awards/media/cache/thumb_880_660/submissions/2025/07/6887ebfa10635416071980.jpg","2025-09-25T00:00:00Z"
"Palat Tuntaopas Portfolio","palat-tuntaopas-portfolio","submission","Mobile & Apps | Web & Interactive | Colorful | Portfolio | Experimental | Responsive | Interaction Design | Contact Page | 404 pages","https://www.awwwards.com/sites/palat-tuntaopas-portfolio","https://www.awwwards.com/websites/portfolio/?page=68","https://assets.awwwards.com/awards/media/cache/thumb_880_660/submissions/2023/12/656dd2b63d236659822223.png","2023-12-11T09:33:58Z"
"Pamidor Design","pamidor-design","submission","Scrolling | Header Design | After Effects | Art & Illustration | Adobe Photoshop | Design Agencies | Framer | Technology | Clean | Portfolio","https://www.awwwards.com/sites/pamidor-design","https://www.awwwards.com/websites/portfolio/?page=6","https://assets.awwwards.com/awards/media/cache/thumb_880_660/submissions/2026/07/6a5f182d1ca35190900634.png","2026-08-04T08:29:00Z"
"Pamidor Design","pamidor-design-2","submission","Art & Illustration | Design Agencies | Web & Interactive | Clean | HTML5 | Portfolio | Scrolling | Gallery | UI design | next.js | Adobe Photoshop | Adobe Illustrator","https://www.awwwards.com/sites/pamidor-design-2","https://www.awwwards.com/websites/portfolio/","https://assets.awwwards.com/awards/media/cache/thumb_880_660/submissions/2026/09/6aa663629888d403912923.png","2026-09-26T12:39:01Z"
"Paolo Vendramini","paolo-vendramini","submission","Design Agencies | Promotional | Web & Interactive | Clean | Portfolio | Typography | GSAP | Craft CMS | Nuxt.js","https://www.awwwards.com/sites/paolo-vendramini","https://www.awwwards.com/websites/portfolio/?page=22","https://assets.awwwards.com/awards/media/cache/thumb_880_660/submissions/2025/10/69008cf4950da403826429.jpg","2025-12-01T00:00:00Z"
"PAPA TOM Identity Studio","papa-tom-identity-studio","submission","Design Agencies | Fullscreen | Portfolio | Typography | Video | Photo & Video | About Page | After Effects | Javascript | Figma","https://www.awwwards.com/sites/papa-tom-identity-studio","https://www.awwwards.com/websites/portfolio/?page=7","https://assets.awwwards.com/awards/media/cache/thumb_880_660/submissions/2026/07/6a47dd2a008b1872977688.jpg","2026-07-19T10:13:48Z"
"Paper Tiger","paper-tiger","submission","Art & Illustration | Design Agencies | Web & Interactive | Animation | Clean | Colorful | Portfolio | Responsive Design | Transitions | GSAP | Webflow | Figma","https://www.awwwards.com/sites/paper-tiger","https://www.awwwards.com/websites/portfolio/?page=20","https://assets.awwwards.com/awards/media/cache/thumb_880_660/submissions/2025/12/694594ce68973099983491.png","2026-01-17T00:00:00Z"
"Parallel Post","parallel-post","submission","Film & TV | Animation | Portfolio | Gallery | Photo & Video | Project Page","https://www.awwwards.com/sites/parallel-post","https://www.awwwards.com/websites/portfolio/?page=35","https://assets.awwwards.com/awards/media/cache/thumb_880_660/submissions/2025/04/680906fc5ec22484868015.png","2025-05-07T07:16:14Z"
"Parallel Universe","parallel-universe","submission","Culture & Education | Animation | Wordpress | CSS | Parallax | Portfolio | Experimental | Sound-Audio | Storytelling | GSAP | Luxury","https://www.awwwards.com/sites/parallel-universe","https://www.awwwards.com/websites/portfolio/?page=11","https://assets.awwwards.com/awards/media/cache/thumb_880_660/submissions/2026/05/6a1348312d6a4684180852.jpg","2026-06-01T09:59:03Z"
"Parinaz's Desktop Portfolio","parinazs-desktop-portfolio","submission","Web & Interactive | Portfolio | Responsive Design | Microinteractions | Figma","https://www.awwwards.com/sites/parinazs-desktop-portfolio","https://www.awwwards.com/websites/portfolio/?page=7","https://assets.awwwards.com/awards/media/cache/thumb_880_660/submissions/2026/07/6a4f97a4dae9f370510500.png","2026-07-19T10:14:12Z"
"Park","park","submission","Architecture | Business & Corporate | Minimal | Portfolio | Typography | Responsive | Content architecture | Footer Design","https://www.awwwards.com/sites/park","https://www.awwwards.com/websites/portfolio/?page=55","https://assets.awwwards.com/awards/media/cache/thumb_880_660/submissions/2024/06/66631a21f199e266640705.jpg","2024-06-17T05:28:49Z"
"PARTICOLARE STUDIO","particolare-studio","submission","Design Agencies | Graphic design | Photographic | Portfolio | Storytelling | Photo & Video | next.js | Next.js","https://www.awwwards.com/sites/particolare-studio","https://www.awwwards.com/websites/portfolio/?page=16","https://assets.awwwards.com/awards/media/cache/thumb_880_660/submissions/2026/03/69a99b91707b7024993473.jpg","2026-03-19T10:31:00Z"
"Partizan","partizan","submission","Design Agencies | Film & TV | Portfolio | WebGL | Transitions | GSAP | Three.js | Filters and Effects | 404 pages","https://www.awwwards.com/sites/partizan","https://www.awwwards.com/websites/portfolio/?page=7","https://assets.awwwards.com/awards/media/cache/thumb_880_660/submissions/2026/04/69f1d27a491c2917017346.jpg","2026-07-26T00:00:00Z"
"PARTY","party","submission","Business & Corporate | Design Agencies | Technology | Portfolio","https://www.awwwards.com/sites/party","https://www.awwwards.com/websites/portfolio/?page=64","https://assets.awwwards.com/awards/media/cache/thumb_880_660/submissions/2024/02/65c08387936c1793884385.jpg","2024-02-09T10:22:33Z"
"Pasha Ink","pasha-ink","submission","Art & Illustration | Other | Clean | Minimal | Portfolio | Typography | Experimental | 3D | Interaction Design","https://www.awwwards.com/sites/pasha-ink","https://www.awwwards.com/websites/portfolio/?page=40","https://assets.awwwards.com/awards/media/cache/thumb_880_660/submissions/2025/02/67a5f31b5bdc4829193659.jpg","2025-02-16T16:19:00Z"
"Passepartout","passepartout","submission","Culture & Education | Web & Interactive | Animation | Minimal | Portfolio | Typography | Photography | Transitions | Gallery","https://www.awwwards.com/sites/passepartout","https://www.awwwards.com/websites/portfolio/?page=66","https://assets.awwwards.com/awards/media/cache/thumb_880_660/submissions/2024/01/659348b5ca6ee055429341.jpg","2024-01-05T09:14:18Z"
"Patrick David Studio","patrick-david-studio","submission","Design Agencies | Flat Design | Minimal | Portfolio | Retro | Typography | Video","https://www.awwwards.com/sites/patrick-david-studio","https://www.awwwards.com/websites/portfolio/?page=60","https://assets.awwwards.com/awards/media/cache/thumb_880_660/submissions/2024/03/66011f2a24826100196536.jpg","2024-04-02T08:04:08Z"
"Paul Black Design","paul-black-design","submission","Business & Corporate | Design Agencies | Web & Interactive | Clean | Fullscreen | Graphic design | Portfolio | Typography | Header Design","https://www.awwwards.com/sites/paul-black-design","https://www.awwwards.com/websites/portfolio/?page=48","https://assets.awwwards.com/awards/media/cache/thumb_880_660/submissions/2024/09/66fb1d400bee8200603701.jpg","2024-10-09T06:45:45Z"
"Paul Dunbar Selected Work","paul-dunbar-selected-work","submission","Promotional | Web & Interactive | Graphic design | Portfolio | Retro | Unusual Navigation | Experimental | Interaction Design | Microinteractions | Netlify | Figma | Vite","https://www.awwwards.com/sites/paul-dunbar-selected-work","https://www.awwwards.com/websites/portfolio/?page=12","https://assets.awwwards.com/awards/media/cache/thumb_880_660/submissions/2026/04/69ef6b2fbe355427022548.png","2026-05-06T09:35:00Z"
"Paul Factory","paul-factory","submission","Design Agencies | Graphic design | Portfolio | Responsive Design | Illustration | Project Page | Vercel | Next.js | Sanity","https://www.awwwards.com/sites/paul-factory","https://www.awwwards.com/websites/portfolio/?page=26","https://assets.awwwards.com/awards/media/cache/thumb_880_660/submissions/2025/09/68d1778882a16988000445.jpg","2025-10-05T17:34:20Z"
"Paul Jochum","paul-jochum","submission","Design Agencies | Graphic design | Portfolio | Typography | Unusual Navigation | Figma | Framer","https://www.awwwards.com/sites/paul-jochum","https://www.awwwards.com/websites/portfolio/?page=26","https://assets.awwwards.com/awards/media/cache/thumb_880_660/submissions/2025/09/68b985da6b4d3000033978.jpg","2025-09-14T15:48:00Z"
"Paul Kalkbrenner","paul-kalkbrenner","submission","Art & Illustration | Music & Sound | Web & Interactive | Big Background Images | Clean | Flat Design | Portfolio | Gallery | Webflow | After Effects | Figma","https://www.awwwards.com/sites/paul-kalkbrenner","https://www.awwwards.com/websites/portfolio/?page=3","https://assets.awwwards.com/awards/media/cache/thumb_880_660/submissions/2026/07/6a56342e1d4b1553333649.png","2026-09-02T00:00:00Z"
"Paul Taylor Comedy","paul-taylor-comedy","submission","Events | Film & TV | Games & Entertainment | Animation | Clean | Colorful | Portfolio | Webflow | Figma","https://www.awwwards.com/sites/paul-taylor-comedy","https://www.awwwards.com/websites/portfolio/?page=26","https://assets.awwwards.com/awards/media/cache/thumb_880_660/submissions/2025/09/68befaf3f1828356026865.jpg","2025-09-21T15:10:20Z"
"PaulVL Portfolio","paulvl-portfolio","submission","Other | Technology | Web & Interactive | Portfolio | Responsive Design | Transitions","https://www.awwwards.com/sites/paulvl-portfolio","https://www.awwwards.com/websites/portfolio/?page=60","https://assets.awwwards.com/awards/media/cache/thumb_880_660/submissions/2024/04/660a562b9f9c5229293012.jpg","2024-04-09T07:59:19Z"
"Payam Zadeh - Graphic Designer","payam-zadeh-graphic-designer","submission","Design Agencies | Web & Interactive | Animation | Clean | Graphic design | Portfolio | Transitions | Storytelling","https://www.awwwards.com/sites/payam-zadeh-graphic-designer","https://www.awwwards.com/websites/portfolio/?page=41","https://assets.awwwards.com/awards/media/cache/thumb_880_660/submissions/2025/01/678ffbf2457c2472074451.jpg","2025-02-03T07:28:00Z"
"paysages studio","paysages-studio","submission","Events | Music & Sound | Technology | Animation | Graphic design | Portfolio | Single page | Sound-Audio | React | Interaction Design | Figma | Framer","https://www.awwwards.com/sites/paysages-studio","https://www.awwwards.com/websites/portfolio/?page=7","https://assets.awwwards.com/awards/media/cache/thumb_880_660/submissions/2026/07/6a564f6d5996e495041874.png","2026-07-15T06:38:55Z"
"PeachWeb Builder V.2","peachweb-builder-v-2","submission","Design Agencies | Technology | Animation | Portfolio | Storytelling | 3D | Interaction Design | Startups","https://www.awwwards.com/sites/peachweb-builder-v-2","https://www.awwwards.com/websites/portfolio/?page=32","https://assets.awwwards.com/awards/media/cache/thumb_880_660/submissions/2025/06/68481fce7e012795210218.png","2025-06-20T10:30:36Z"
"Pedro Belleza's personal website","pedro-bellezas-personal-website","submission","Technology | Web & Interactive | CSS | HTML5 | Portfolio | Retro | Experimental | Interaction Design | Javascript","https://www.awwwards.com/sites/pedro-bellezas-personal-website","https://www.awwwards.com/websites/portfolio/?page=7","https://assets.awwwards.com/awards/media/cache/thumb_880_660/submissions/2026/07/6a4d954590b3a442318717.jpg","2026-07-23T09:38:04Z"
"Pedro Luz e Lobos","pedro-luz-e-lobos","submission","Magazine / Newspaper / Blog | Web & Interactive | Minimal | Navigation Menu | Parallax | Portfolio | Typography | Photography | Gallery | GSAP | React | Typescript","https://www.awwwards.com/sites/pedro-luz-e-lobos","https://www.awwwards.com/websites/portfolio/?page=15","https://assets.awwwards.com/awards/media/cache/thumb_880_660/submissions/2026/03/69b83e64f21b4197272883.png","2026-03-28T12:30:00Z"
"Peiying Feng","peiying-feng","submission","Design Agencies | E-Commerce | Graphic design | Minimal | Portfolio | UI design | Framer","https://www.awwwards.com/sites/peiying-feng","https://www.awwwards.com/websites/portfolio/?page=53","https://assets.awwwards.com/awards/media/cache/thumb_880_660/submissions/2024/06/667b5b43d5c5d156822645.jpg","2024-07-09T04:22:32Z"
"Pelizzari Studio","pelizzari-studio-2","submission","Architecture | Business & Corporate | Clean | CSS | Photographic | Portfolio | Typography | GSAP | UI design | Figma | Luxury","https://www.awwwards.com/sites/pelizzari-studio-2","https://www.awwwards.com/websites/portfolio/?page=8","https://assets.awwwards.com/awards/media/cache/thumb_880_660/submissions/2026/06/6a339ebe496d5451043281.jpg","2026-07-03T09:08:00Z"
"Pensatori Irrazionali","pensatori-irrazionali","submission","Design Agencies | Technology | Web & Interactive | Navigation Menu | Portfolio | WebGL | GSAP | Three.js | Photo & Video | Contact Page | Microinteractions | 404 pages","https://www.awwwards.com/sites/pensatori-irrazionali","https://www.awwwards.com/websites/portfolio/","https://assets.awwwards.com/awards/media/cache/thumb_880_660/submissions/2026/08/6a74c504847f3490673552.png","2026-09-20T00:00:00Z"
"Perpetual","perpetual","submission","Design Agencies | Mobile & Apps | Web & Interactive | Portfolio | Webflow","https://www.awwwards.com/sites/perpetual","https://www.awwwards.com/websites/portfolio/?page=29","https://assets.awwwards.com/awards/media/cache/thumb_880_660/submissions/2025/07/6866f1a089372582202653.png","2025-07-29T10:09:08Z"
"Persona Studio","persona-studio","submission","Design Agencies | Web & Interactive | Animation | Portfolio | Unusual Navigation | WebGL | Experimental | Three.js | React | 3D | Interaction Design","https://www.awwwards.com/sites/persona-studio","https://www.awwwards.com/websites/portfolio/?page=3","https://assets.awwwards.com/awards/media/cache/thumb_880_660/submissions/2026/08/6a8fee8707608420913598.jpeg","2026-09-06T12:33:11Z"
"Personaal Studio","personaal-studio","submission","Experimental | Gallery | Project Page | Design Agencies | Framer | Web & Interactive | Graphic design | Infinite Scroll | Portfolio","https://www.awwwards.com/sites/personaal-studio","https://www.awwwards.com/websites/portfolio/?page=4","https://assets.awwwards.com/awards/media/cache/thumb_880_660/submissions/2026/08/6a79af405af34663837286.jpg","2026-08-23T13:33:04Z"
"Personal Design Portfolio","personal-design-portfolio","submission","Design Agencies | Colorful | Minimal | Portfolio | Experimental | UI design | Header Design | Framer","https://www.awwwards.com/sites/personal-design-portfolio","https://www.awwwards.com/websites/portfolio/?page=55","https://assets.awwwards.com/awards/media/cache/thumb_880_660/submissions/2024/06/666440cd17da7533293034.png","2024-06-14T06:32:32Z"
"Pesquera Diez (P10)","pesquera-diez-p10","submission","Architecture | Business & Corporate | Minimal | Photographic | Portfolio | Scrolling | Typography | Transitions","https://www.awwwards.com/sites/pesquera-diez-p10","https://www.awwwards.com/websites/portfolio/?page=48","https://assets.awwwards.com/awards/media/cache/thumb_880_660/submissions/2024/09/66f3c79501ea9067575773.jpg","2024-10-08T00:00:00Z"
"Pete Brady","pete-brady","submission","Design Agencies | Mobile & Apps | Promotional | Clean | Flat Design | Minimal | Portfolio | Responsive Design | UI design","https://www.awwwards.com/sites/pete-brady","https://www.awwwards.com/websites/portfolio/?page=56","https://assets.awwwards.com/awards/media/cache/thumb_880_660/submissions/2024/05/6655eb7184bcf978397046.png","2024-06-03T05:18:00Z"
"PeterOravec.com - portfolio","peteroravec-com-portfolio","submission","Games & Entertainment | Web & Interactive | Animation | Colorful | Portfolio | Retro | Single page | Experimental | Storytelling | Angular | Javascript | Canvas API","https://www.awwwards.com/sites/peteroravec-com-portfolio","https://www.awwwards.com/websites/portfolio/?page=17","https://assets.awwwards.com/awards/media/cache/thumb_880_660/submissions/2026/02/6995ff29b05d6792754874.png","2026-03-04T11:32:00Z"
"Peterson Rich Office","peterson-rich-office","submission","Architecture | Business & Corporate | Culture & Education | Clean | Portfolio | Typography","https://www.awwwards.com/sites/peterson-rich-office","https://www.awwwards.com/websites/portfolio/?page=52","https://assets.awwwards.com/awards/media/cache/thumb_880_660/submissions/2024/07/669fb86c5b8b4974678656.jpg","2024-08-05T06:28:14Z"
"PHA5E","pha5e","submission","Design Agencies | Web & Interactive | Portfolio | Typography","https://www.awwwards.com/sites/pha5e","https://www.awwwards.com/websites/portfolio/?page=49","https://assets.awwwards.com/awards/media/cache/thumb_880_660/submissions/2024/09/66f12450e6560942594649.jpg","2024-09-24T05:44:32Z"
"Photography Studio!","photography-studio","submission","Business & Corporate | Web & Interactive | Animation | Photographic | Portfolio | Photography | Gallery | Photo & Video","https://www.awwwards.com/sites/photography-studio","https://www.awwwards.com/websites/portfolio/?page=48","https://assets.awwwards.com/awards/media/cache/thumb_880_660/submissions/2024/09/66ec8e9ad73b1142872831.jpg","2024-10-01T06:07:00Z"
"Photography that Moves","photography-that-moves","submission","Design Agencies | Web & Interactive | Big Background Images | Photographic | Portfolio | Typography | Photography | Gallery | GSAP | Photo & Video | Nuxt.js | Tailwind","https://www.awwwards.com/sites/photography-that-moves","https://www.awwwards.com/websites/portfolio/?page=30","https://assets.awwwards.com/awards/media/cache/thumb_880_660/submissions/2025/07/686535ffea940884253100.png","2025-07-21T10:22:10Z"
"PHQ","phq","submission","Design Agencies | Web & Interactive | Portfolio | Scrolling | Experimental | Gallery | Gestures / Interaction | Project Page","https://www.awwwards.com/sites/phq","https://www.awwwards.com/websites/portfolio/?page=59","https://assets.awwwards.com/awards/media/cache/thumb_880_660/submissions/2024/04/6616066e634d7584131275.png","2024-04-15T08:31:22Z"
"Pictoric","pictoric","submission","Art & Illustration | Culture & Education | Web & Interactive | Animation | Colorful | Portfolio | Illustration | Gallery | Microinteractions | Nuxt.js | Lottie | Adobe Illustrator","https://www.awwwards.com/sites/pictoric","https://www.awwwards.com/websites/portfolio/?page=28","https://assets.awwwards.com/awards/media/cache/thumb_880_660/submissions/2025/07/68714ff388669571466430.png","2025-08-28T00:00:00Z"
"Pierre Lavigne - Portfolio","pierre-lavigne-portfolio","submission","Design Agencies | Music & Sound | Web & Interactive | Fullscreen | Portfolio | Responsive Design | Gallery | Sound-Audio | Gestures / Interaction","https://www.awwwards.com/sites/pierre-lavigne-portfolio","https://www.awwwards.com/websites/portfolio/?page=48","https://assets.awwwards.com/awards/media/cache/thumb_880_660/submissions/2024/09/66f83888d9cc0683542004.jpg","2024-10-08T06:51:26Z"
"pierre-couture.com","pierre-couture-com","submission","Architecture | Colorful | Graphic design | Portfolio | Experimental | Content architecture | UI design | Microinteractions | Readymag","https://www.awwwards.com/sites/pierre-couture-com","https://www.awwwards.com/websites/portfolio/?page=44","https://assets.awwwards.com/awards/media/cache/thumb_880_660/submissions/2024/11/67361194e48e6291699505.jpg","2024-11-25T07:06:00Z"
"pieterherman.dev","pieterherman-dev","submission","Technology | Web & Interactive | Animation | Portfolio | Single page | Experimental | Responsive | Filters and Effects | next.js","https://www.awwwards.com/sites/pieterherman-dev","https://www.awwwards.com/websites/portfolio/?page=39","https://assets.awwwards.com/awards/media/cache/thumb_880_660/submissions/2025/02/67b9525171306664140066.png","2025-02-24T05:44:43Z"
"Pioneer","pioneer","submission","Business & Corporate | Design Agencies | Web & Interactive | Animation | Portfolio | Illustration | About Page | Footer Design | Project Page","https://www.awwwards.com/sites/pioneer","https://www.awwwards.com/websites/portfolio/?page=64","https://assets.awwwards.com/awards/media/cache/thumb_880_660/submissions/2024/01/65b3b0f233e81851390672.jpg","2024-01-31T10:55:23Z"
"Piperita","piperita","submission","Art & Illustration | Design Agencies | Web & Interactive | Clean | Minimal | Portfolio | Responsive Design | Single page | Illustration","https://www.awwwards.com/sites/piperita","https://www.awwwards.com/websites/portfolio/?page=62","https://assets.awwwards.com/awards/media/cache/thumb_880_660/submissions/2024/02/65dabf9568d93815342537.png","2024-03-01T08:25:15Z"
"Pittogramma - Digital Platform","pittogramma-digital-platform","submission","Magazine / Newspaper / Blog | Culture & Education | Promotional | Clean | Minimal | Portfolio | Typography | UI design | Project Page","https://www.awwwards.com/sites/pittogramma-digital-platform","https://www.awwwards.com/websites/portfolio/?page=57","https://assets.awwwards.com/awards/media/cache/thumb_880_660/submissions/2024/05/6638c2ce854a1051694585.jpg","2024-05-14T08:38:57Z"
"PIXEL LOOM","pixel-loom","submission","Design Agencies | Technology | Web & Interactive | Flat Design | Minimal | Portfolio | Scrolling","https://www.awwwards.com/sites/pixel-loom","https://www.awwwards.com/websites/portfolio/?page=36","https://assets.awwwards.com/awards/media/cache/thumb_880_660/submissions/2025/04/67f0d55a93930474665635.jpg","2025-04-21T06:24:08Z"
"Pixel Melbourne","pixel-melbourne","submission","Design Agencies | Film & TV | Web & Interactive | Animation | Graphic design | Portfolio | Gallery | GSAP | Photo & Video | Footer Design | Webflow | Figma","https://www.awwwards.com/sites/pixel-melbourne","https://www.awwwards.com/websites/portfolio/?page=13","https://assets.awwwards.com/awards/media/cache/thumb_880_660/submissions/2026/04/69d6c9e267e0c013670514.png","2026-04-20T10:03:03Z"
"Pixelmatters","pixelmatters-2","submission","Design Agencies | Technology | Web & Interactive | Animation | Parallax | Portfolio | Typography | Three.js | React | 3D | UI design | Next.js","https://www.awwwards.com/sites/pixelmatters-2","https://www.awwwards.com/websites/portfolio/?page=24","https://assets.awwwards.com/awards/media/cache/thumb_880_660/submissions/2025/10/68e62f4ee2c08601659751.jpg","2025-10-20T09:50:26Z"
"Pixlspace - Creative Studio","pixlspace-creative-studio","submission","Design Agencies | Web & Interactive | Clean | Graphic design | Portfolio | Interaction Design","https://www.awwwards.com/sites/pixlspace-creative-studio","https://www.awwwards.com/websites/portfolio/?page=64","https://assets.awwwards.com/awards/media/cache/thumb_880_660/submissions/2024/01/65b7cd84c9e69445440790.png","2024-02-02T08:20:46Z"
"Pizza Punk Creative Coding","pizza-punk-creative-coding","submission","Art & Illustration | Animation | Clean | Graphic design | Minimal | Portfolio | Responsive Design","https://www.awwwards.com/sites/pizza-punk-creative-coding","https://www.awwwards.com/websites/portfolio/?page=43","https://assets.awwwards.com/awards/media/cache/thumb_880_660/submissions/2024/12/6750d0da9c522186918700.jpg","2024-12-16T07:03:00Z"
"Placebo Brands","placebo-brands","submission","Design Agencies | Technology | Web & Interactive | Animation | Portfolio | Typography | Transitions | UI design | next.js","https://www.awwwards.com/sites/placebo-brands","https://www.awwwards.com/websites/portfolio/?page=47","https://assets.awwwards.com/awards/media/cache/thumb_880_660/submissions/2024/10/6706b0774cd56158710211.jpg","2024-10-21T05:26:00Z"
"Placeholder Portfolio — DHQ®","placeholder-portfolio-dhq-r","submission","Magazine / Newspaper / Blog | Web & Interactive | Minimal | Portfolio | Retro | Scrolling | Single page | Experimental | Sound-Audio","https://www.awwwards.com/sites/placeholder-portfolio-dhq-r","https://www.awwwards.com/websites/portfolio/?page=37","https://assets.awwwards.com/awards/media/cache/thumb_880_660/submissions/2025/03/67d0fb17164ed385449507.png","2025-03-26T07:13:00Z"
"PLAN A-Z","plan-a-z","submission","Business & Corporate | Design Agencies | Web & Interactive | CSS | HTML5 | Portfolio | Typography | Transitions | GSAP | 3D | Interaction Design | Microinteractions","https://www.awwwards.com/sites/plan-a-z","https://www.awwwards.com/websites/portfolio/?page=18","https://assets.awwwards.com/awards/media/cache/thumb_880_660/submissions/2026/02/6982fec95d109534259557.png","2026-02-16T13:02:06Z"
"PLANTPOT","plantpot","submission","Web & Interactive | Portfolio | WebGL | Three.js | 3D | Next.js","https://www.awwwards.com/sites/plantpot","https://www.awwwards.com/websites/portfolio/?page=14","https://assets.awwwards.com/awards/media/cache/thumb_880_660/submissions/2026/04/69d15cd1c30f9269184403.png","2026-04-15T10:30:00Z"
"PLATFORM","platform","submission","Business & Corporate | Design Agencies | Web & Interactive | Portfolio | Transitions | Sound-Audio | Interaction Design | UI design | Microinteractions | Webflow | After Effects | Figma","https://www.awwwards.com/sites/platform","https://www.awwwards.com/websites/portfolio/?page=28","https://assets.awwwards.com/awards/media/cache/thumb_880_660/submissions/2025/07/688b56d6b81aa857657967.png","2025-08-14T13:42:53Z"
"Playfight","playfight","submission","Design Agencies | Film & TV | Animation | Portfolio | Video | WebGL | Storytelling | GSAP | Photo & Video | Webflow","https://www.awwwards.com/sites/playfight","https://www.awwwards.com/websites/portfolio/?page=10","https://assets.awwwards.com/awards/media/cache/thumb_880_660/submissions/2026/06/6a1f271e572f7449367621.jpg","2026-06-17T10:47:38Z"
"playground","playground","submission","Other | Web & Interactive | Animation | Portfolio | Single page | Transitions | Experimental | Responsive | Interaction Design","https://www.awwwards.com/sites/playground","https://www.awwwards.com/websites/portfolio/?page=49","https://assets.awwwards.com/awards/media/cache/thumb_880_660/submissions/2024/09/66dfb2947619f304840813.png","2024-09-17T09:11:00Z"
"Playground","playground-digital-agency","submission","Design Agencies | Technology | Web & Interactive | Graphic design | Minimal | Portfolio | Gestures / Interaction | Interaction Design | UI design","https://www.awwwards.com/sites/playground-digital-agency","https://www.awwwards.com/websites/portfolio/?page=48","https://assets.awwwards.com/awards/media/cache/thumb_880_660/submissions/2024/09/66e2fb50215cf455901389.jpg","2024-10-07T00:00:00Z"
"Please Call Me Champ Studio","please-call-me-champ-studio","submission","Web & Interactive | Animation | Portfolio | Typography | Interaction Design | Microinteractions | Project Page","https://www.awwwards.com/sites/please-call-me-champ-studio","https://www.awwwards.com/websites/portfolio/?page=33","https://assets.awwwards.com/awards/media/cache/thumb_880_660/submissions/2025/05/681a1f15cf132261618049.jpg","2025-06-10T00:00:00Z"
"Plus Studio","plus-studio","submission","Architecture | Animation | Portfolio | Scrolling | Unusual Navigation | GSAP | PHP | Gestures / Interaction | Real Estate | Interaction Design | Lottie","https://www.awwwards.com/sites/plus-studio","https://www.awwwards.com/websites/portfolio/?page=24","https://assets.awwwards.com/awards/media/cache/thumb_880_660/submissions/2025/10/68e58e3c3e127651648513.png","2025-10-18T12:54:00Z"
"PM Portfolio","pm-portfolio-2","submission","Web & Interactive | Clean | Portfolio | SEO | Transitions | Responsive | UI design","https://www.awwwards.com/sites/pm-portfolio-2","https://www.awwwards.com/websites/portfolio/?page=56","https://assets.awwwards.com/awards/media/cache/thumb_880_660/submissions/2024/05/6644df8c05ea8707792173.jpg","2024-05-23T05:24:20Z"
"Pocket Moon Studios","pocket-moon-studios","submission","Culture & Education | Film & TV | Animation | Navigation Menu | Portfolio | Video | Transitions | Photo & Video | Startups","https://www.awwwards.com/sites/pocket-moon-studios","https://www.awwwards.com/websites/portfolio/?page=61","https://assets.awwwards.com/awards/media/cache/thumb_880_660/submissions/2024/03/65e8dc479a75d412837506.jpg","2024-03-11T08:48:24Z"
"Podium","podium","submission","Film & TV | Sports | Portfolio | Single page | WebGL | Photography | Transitions | GSAP | Three.js | 3D | Photo & Video | Microinteractions","https://www.awwwards.com/sites/podium","https://www.awwwards.com/websites/portfolio/?page=9","https://assets.awwwards.com/awards/media/cache/thumb_880_660/submissions/2026/05/6a047df3c0910609642885.jpg","2026-06-27T00:00:00Z"
"Pointy Hat Studio","pointy-hat-studio","submission","Art & Illustration | Design Agencies | Web & Interactive | Animation | Graphic design | Icons | Portfolio | Illustration | Storytelling","https://www.awwwards.com/sites/pointy-hat-studio","https://www.awwwards.com/websites/portfolio/?page=61","https://assets.awwwards.com/awards/media/cache/thumb_880_660/submissions/2024/03/65ef3d0e9488f905347535.jpg","2024-03-15T09:16:00Z"
"Poison Studio","poison-studio","submission","Art & Illustration | Design Agencies | Web & Interactive | Animation | Navigation Menu | Portfolio | Illustration | Transitions | Interaction Design","https://www.awwwards.com/sites/poison-studio","https://www.awwwards.com/websites/portfolio/?page=51","https://assets.awwwards.com/awards/media/cache/thumb_880_660/submissions/2024/07/66a8341a255ee573309695.png","2024-08-08T07:55:37Z"
"Poison Studio","poison-studio-1","submission","Art & Illustration | Design Agencies | Web & Interactive | Animation | Portfolio | Illustration | Menu - Vertical | Interaction Design | Project Page | Webflow | After Effects | Figma","https://www.awwwards.com/sites/poison-studio-1","https://www.awwwards.com/websites/portfolio/?page=24","https://assets.awwwards.com/awards/media/cache/thumb_880_660/submissions/2025/09/68d1af8d95432780440557.png","2025-10-16T09:43:56Z"
"POMARES - PORTFOLIO 2024","pomares-portfolio-2024","submission","Promotional | Web & Interactive | Clean | Minimal | Portfolio | Typography | Experimental | Gallery | Microinteractions","https://www.awwwards.com/sites/pomares-portfolio-2024","https://www.awwwards.com/websites/portfolio/?page=60","https://assets.awwwards.com/awards/media/cache/thumb_880_660/submissions/2024/04/660b6f64d2db6414387288.png","2024-04-05T08:45:44Z"
"Pontus Rudolfson","pontus-rudolfson-1","submission","Infinite Scroll | Photographic | Portfolio | Scrolling | Photography | Gallery | Photo & Video","https://www.awwwards.com/sites/pontus-rudolfson-1","https://www.awwwards.com/websites/portfolio/?page=57","https://assets.awwwards.com/awards/media/cache/thumb_880_660/submissions/2024/05/663225eaef13a260130651.jpg","2024-05-09T08:14:06Z"
"Pony","pony-2","submission","Art & Illustration | Design Agencies | Technology | Animation | Clean | Minimal | Portfolio | Illustration | 3D","https://www.awwwards.com/sites/pony-2","https://www.awwwards.com/websites/portfolio/?page=60","https://assets.awwwards.com/awards/media/cache/thumb_880_660/submissions/2024/03/66059509c48bf805218793.png","2024-04-05T08:45:00Z"
"Pony agency","pony-agency","submission","Design Agencies | Clean | Colorful | Minimal | Portfolio | Typography | Microinteractions","https://www.awwwards.com/sites/pony-agency","https://www.awwwards.com/websites/portfolio/?page=63","https://assets.awwwards.com/awards/media/cache/thumb_880_660/submissions/2024/01/65b79a954c0fa292860801.png","2024-02-18T00:00:00Z"
"POPIN_","popin","submission","Business & Corporate | Music & Sound | Web & Interactive | Animation | Navigation Menu | Portfolio | Transitions | Sound-Audio","https://www.awwwards.com/sites/popin","https://www.awwwards.com/websites/portfolio/?page=53","https://assets.awwwards.com/awards/media/cache/thumb_880_660/submissions/2024/06/6666c2519b983943978719.png","2024-07-06T00:00:00Z"
"Populous","populous","submission","Architecture | Business & Corporate | Design Agencies | Animation | Big Background Images | Minimal | Parallax | Portfolio | Contentful","https://www.awwwards.com/sites/populous","https://www.awwwards.com/websites/portfolio/?page=49","https://assets.awwwards.com/awards/media/cache/thumb_880_660/submissions/2024/07/66a9327601da2754455518.jpg","2024-09-20T00:00:00Z"
"Portfolio","portfolio-5","submission","Design Agencies | Other | Graphic design | Portfolio","https://www.awwwards.com/sites/portfolio-5","https://www.awwwards.com/websites/portfolio/?page=56","https://assets.awwwards.com/awards/media/cache/thumb_880_660/submissions/2024/05/665088da1a1ee593036441.jpg","2024-05-31T09:46:14Z"
"Portfolio","portfolio-6","submission","Technology | Web & Interactive | Animation | Portfolio | Responsive Design | Scrolling | Transitions | 3D","https://www.awwwards.com/sites/portfolio-6","https://www.awwwards.com/websites/portfolio/?page=58","https://assets.awwwards.com/awards/media/cache/thumb_880_660/submissions/2024/04/662a8dd36d957368489571.png","2024-05-03T08:46:06Z"
"Portfolio","portfolio-7","submission","Technology | Web & Interactive | Animation | Portfolio | Transitions | 3D | UI design","https://www.awwwards.com/sites/portfolio-7","https://www.awwwards.com/websites/portfolio/?page=49","https://assets.awwwards.com/awards/media/cache/thumb_880_660/submissions/2024/09/66d964ccaa25e499482357.png","2024-09-17T09:10:56Z"
"Portfolio","portfolio-8","submission","Web & Interactive | Portfolio | Interaction Design | UI design | Framer","https://www.awwwards.com/sites/portfolio-8","https://www.awwwards.com/websites/portfolio/?page=49","https://assets.awwwards.com/awards/media/cache/thumb_880_660/submissions/2024/09/66e5d21f1157b674190401.png","2024-09-25T05:31:43Z"
"PORTFOLIO","portfolio-9","submission","Art & Illustration | Web & Interactive | Animation | CSS | HTML5 | jQuery | Portfolio | Data Visualization | Experimental | Sound-Audio | Storytelling | Contentful","https://www.awwwards.com/sites/portfolio-9","https://www.awwwards.com/websites/portfolio/?page=23","https://assets.awwwards.com/awards/media/cache/thumb_880_660/submissions/2025/11/690d4d6112320396356701.png","2025-11-17T11:42:00Z"
"Portfolio - Ashwin Thomas","portfolio-ashwin-thomas","submission","Mobile & Apps | Web & Interactive | Portfolio | Responsive | UI design","https://www.awwwards.com/sites/portfolio-ashwin-thomas","https://www.awwwards.com/websites/portfolio/?page=60","https://assets.awwwards.com/awards/media/cache/thumb_880_660/submissions/2024/03/65fc636b91e5f311120320.jpg","2024-03-28T09:57:09Z"
"Portfolio — CHEVALIER Valentin","portfolio-chevalier-valentin","submission","Design Agencies | Other | Web & Interactive | Clean | Portfolio | Typography | 3D | About Page | Project Page","https://www.awwwards.com/sites/portfolio-chevalier-valentin","https://www.awwwards.com/websites/portfolio/?page=64","https://assets.awwwards.com/awards/media/cache/thumb_880_660/submissions/2024/02/65c0e4bee11fd141321783.jpg","2024-02-09T10:23:58Z"
"Portfolio — Mitchell Hou","portfolio-mitchell-hou","submission","Other | Web & Interactive | Clean | Minimal | Portfolio | Experimental | Interaction Design | Microinteractions | Vercel | Figma","https://www.awwwards.com/sites/portfolio-mitchell-hou","https://www.awwwards.com/websites/portfolio/?page=9","https://assets.awwwards.com/awards/media/cache/thumb_880_660/submissions/2026/06/6a2ce33144fd4467840466.png","2026-06-26T10:39:16Z"
"Portfolio '26","portfolio-26","submission","Other | Technology | Web & Interactive | Clean | Minimal | Portfolio | Responsive Design | Typography | GSAP | Figma | Framer","https://www.awwwards.com/sites/portfolio-26","https://www.awwwards.com/websites/portfolio/?page=2","https://assets.awwwards.com/awards/media/cache/thumb_880_660/submissions/2026/09/6a9dd07b6efc4778896367.png","2026-09-14T08:46:49Z"
"Portfolio '26","portfolio-26-1","submission","Art & Illustration | Design Agencies | Web & Interactive | Fullscreen | Portfolio | Menu - Horizontal | GSAP | Interaction Design | Microinteractions | Footer Design | Figma","https://www.awwwards.com/sites/portfolio-26-1","https://www.awwwards.com/websites/portfolio/","https://assets.awwwards.com/awards/media/cache/thumb_880_660/submissions/2026/09/6aa8ede1e3269732792589.png","2026-09-28T09:10:14Z"
"Portfolio 2025","portfolio-2025","submission","Web & Interactive | Animation | Clean | Portfolio | Scrolling | React | Interaction Design | Next.js","https://www.awwwards.com/sites/portfolio-2025","https://www.awwwards.com/websites/portfolio/?page=27","https://assets.awwwards.com/awards/media/cache/thumb_880_660/submissions/2025/08/68a4477ddb927972382875.png","2025-09-01T10:37:27Z"
"Portfolio 25'","portfolio-25","submission","Other | Web & Interactive | Animation | Flat Design | Minimal | Parallax | Portfolio | Typography","https://www.awwwards.com/sites/portfolio-25","https://www.awwwards.com/websites/portfolio/?page=37","https://assets.awwwards.com/awards/media/cache/thumb_880_660/submissions/2025/03/67d2e8260af50980388662.png","2025-03-26T07:14:00Z"
"Portfolio as conversation","portfolio-as-conversation","submission","Web & Interactive | Portfolio | GSAP | Three.js | Interaction Design | Vercel","https://www.awwwards.com/sites/portfolio-as-conversation","https://www.awwwards.com/websites/portfolio/?page=10","https://assets.awwwards.com/awards/media/cache/thumb_880_660/submissions/2026/06/6a1ce91f87fe9642316534.png","2026-06-14T12:40:00Z"
"Portfolio Benny De Vrieze","portfolio-benny-de-vrieze","submission","Web & Interactive | Colorful | Infinite Scroll | Portfolio | Responsive Design | Unusual Navigation | Responsive","https://www.awwwards.com/sites/portfolio-benny-de-vrieze","https://www.awwwards.com/websites/portfolio/?page=62","https://assets.awwwards.com/awards/media/cache/thumb_880_660/submissions/2024/02/65d4857a2016a405526280.png","2024-02-27T09:22:41Z"
"Portfolio by Shruti","portfolio-by-shruti","submission","Art & Illustration | Colorful | CSS | Flat Design | Graphic design | Portfolio | Illustration | Experimental | GSAP | Javascript","https://www.awwwards.com/sites/portfolio-by-shruti","https://www.awwwards.com/websites/portfolio/?page=15","https://assets.awwwards.com/awards/media/cache/thumb_880_660/submissions/2026/03/69b15be9ec3fe751584944.png","2026-03-24T11:35:00Z"
"PORTFOLIO GC","portfolio-gc","submission","Art & Illustration | Portfolio | Scrolling | Single page | Transitions | Responsive","https://www.awwwards.com/sites/portfolio-gc","https://www.awwwards.com/websites/portfolio/?page=66","https://assets.awwwards.com/awards/media/cache/thumb_880_660/submissions/2024/01/6596ebb551d88495753346.png","2024-01-10T09:26:19Z"
"Portfolio Mathilde Nadeau","portfolio-mathilde-nadeau","submission","Design Agencies | Other | Web & Interactive | Parallax | Portfolio | Responsive","https://www.awwwards.com/sites/portfolio-mathilde-nadeau","https://www.awwwards.com/websites/portfolio/?page=63","https://assets.awwwards.com/awards/media/cache/thumb_880_660/submissions/2024/02/65cbaca76723c122822334.jpg","2024-02-19T08:52:12Z"
"Portfolio Mats Erdkamp","portfolio-mats-erdkamp","submission","Web & Interactive | Portfolio | Three.js | 3D | Header Design | Vue.js | Blender","https://www.awwwards.com/sites/portfolio-mats-erdkamp","https://www.awwwards.com/websites/portfolio/?page=15","https://assets.awwwards.com/awards/media/cache/thumb_880_660/submissions/2026/03/69c10dce8e42e040182368.png","2026-04-03T12:04:21Z"
"Portfolio of Daniel Destefanis","portfolio-of-daniel-destefanis","submission","Mobile & Apps | Web & Interactive | Clean | Colorful | Portfolio | WebGL | Motion | Figma","https://www.awwwards.com/sites/portfolio-of-daniel-destefanis","https://www.awwwards.com/websites/portfolio/?page=14","https://assets.awwwards.com/awards/media/cache/thumb_880_660/submissions/2026/04/69d3a0bb9c797966867211.png","2026-04-17T10:40:00Z"
"Portfolio of Daniela Muntyan","portfolio-of-daniela-muntyan","submission","Figma | Web & Interactive | Portfolio | Video | Interaction Design | About Page","https://www.awwwards.com/sites/portfolio-of-daniela-muntyan","https://www.awwwards.com/websites/portfolio/?page=6","https://assets.awwwards.com/awards/media/cache/thumb_880_660/submissions/2026/07/6a564e6618ba0829299459.png","2026-07-29T08:37:00Z"
"Portfolio of Paulo Ferreira Jorge","portfolio-of-paulo-ferreira-jorge","submission","Other | Web & Interactive | Animation | Clean | Minimal | Portfolio | Transitions | Microinteractions","https://www.awwwards.com/sites/portfolio-of-paulo-ferreira-jorge","https://www.awwwards.com/websites/portfolio/?page=50","https://assets.awwwards.com/awards/media/cache/thumb_880_660/submissions/2024/08/66cf32b524188638414218.png","2024-09-06T05:21:56Z"
"Portfolio of Ross Morin","portfolio-of-ross-morin","submission","Other | Promotional | Web & Interactive | Colorful | Portfolio | Web Fonts | Responsive | UI design | About Page","https://www.awwwards.com/sites/portfolio-of-ross-morin","https://www.awwwards.com/websites/portfolio/?page=68","https://assets.awwwards.com/awards/media/cache/thumb_880_660/submissions/2023/12/656f8e89a70db383513743.jpg","2023-12-07T09:03:49Z"
"Portfolio site","portfolio-site-2","submission","Art & Illustration | Design Agencies | Animation | Colorful | Minimal | Portfolio | Responsive Design | Startups","https://www.awwwards.com/sites/portfolio-site-2","https://www.awwwards.com/websites/portfolio/?page=44","https://assets.awwwards.com/awards/media/cache/thumb_880_660/submissions/2024/11/6740c5b01c2f4652868764.jpg","2024-12-05T12:29:23Z"
"Portfolio Website for Developer - dev.nazmul.co","portfolio-website-for-developer-dev-nazmul-co","submission","Design Agencies | Web & Interactive | Clean | Flat Design | Minimal | Portfolio | UI design | Microinteractions | Startups","https://www.awwwards.com/sites/portfolio-website-for-developer-dev-nazmul-co","https://www.awwwards.com/websites/portfolio/?page=57","https://assets.awwwards.com/awards/media/cache/thumb_880_660/submissions/2024/05/6643b28b51b6c695937509.png","2024-05-19T10:08:40Z"
"PORTFOLIO ZXC","portfolio-zxc","submission","Unusual Navigation | Gallery | Three.js | 3D | Interaction Design | Web & Interactive | Blender | Portfolio | Vite | Responsive Design","https://www.awwwards.com/sites/portfolio-zxc","https://www.awwwards.com/websites/portfolio/?page=6","https://assets.awwwards.com/awards/media/cache/thumb_880_660/submissions/2026/07/6a6088b2a122c666311090.png","2026-08-03T08:02:00Z"
"PortfolioXP","portfolioxp","submission","Web & Interactive | App Style | Portfolio | Retro | Unusual Navigation | Experimental | Sound-Audio | Microinteractions","https://www.awwwards.com/sites/portfolioxp","https://www.awwwards.com/websites/portfolio/?page=36","https://assets.awwwards.com/awards/media/cache/thumb_880_660/submissions/2025/04/67f66b8f9e9d3733699958.png","2025-04-22T06:28:18Z"
"Porto Player","porto-player","submission","Music & Sound | Web & Interactive | Navigation Menu | Portfolio | Scrolling | Unusual Navigation | Experimental | Menu - Vertical | Microinteractions | Figma | Adobe Illustrator | Framer","https://www.awwwards.com/sites/porto-player","https://www.awwwards.com/websites/portfolio/?page=27","https://assets.awwwards.com/awards/media/cache/thumb_880_660/submissions/2025/08/68af46200b6d9361724606.jpg","2025-09-07T12:53:35Z"
"Poster Co","poster-co","submission","Film & TV | Fullscreen | Minimal | Portfolio | Typography | Video | Microinteractions","https://www.awwwards.com/sites/poster-co","https://www.awwwards.com/websites/portfolio/?page=40","https://assets.awwwards.com/awards/media/cache/thumb_880_660/submissions/2025/01/679767da99efb706561209.png","2025-02-10T07:19:10Z"
"PouyaOS","pouyaos","submission","Experimental | Storytelling | React | Music & Sound | Content architecture | Web & Interactive | Interaction Design | App Style | Tailwind | Portfolio | Typescript | Unusual Navigation","https://www.awwwards.com/sites/pouyaos","https://www.awwwards.com/websites/portfolio/?page=6","https://assets.awwwards.com/awards/media/cache/thumb_880_660/submissions/2026/07/6a61b921d9d5a122195446.jpg","2026-08-07T09:02:00Z"
"PRAALY-DEV","praaly-dev","submission","Technology | Web & Interactive | Portfolio | SEO | UI design | next.js","https://www.awwwards.com/sites/praaly-dev","https://www.awwwards.com/websites/portfolio/?page=38","https://assets.awwwards.com/awards/media/cache/thumb_880_660/submissions/2025/02/67b9e4bb67112349997668.jpg","2025-03-12T07:32:57Z"
"Practice Promotions","practice-promotions","submission","Business & Corporate | Design Agencies | Clean | Wordpress | Colorful | Graphic design | Portfolio | Scrolling | Footer Design | Javascript | Adobe XD","https://www.awwwards.com/sites/practice-promotions","https://www.awwwards.com/websites/portfolio/?page=20","https://assets.awwwards.com/awards/media/cache/thumb_880_660/submissions/2026/01/6967fcbc71b67586824187.jpg","2026-01-25T13:21:00Z"
"Pragadheesh's Showcase","pragadheeshs-showcase","submission","Responsive Design | WebGL | Storytelling | Mobile & Apps | GSAP | Web & Interactive | Interaction Design | Animation | Startups | Parallax | Javascript | Portfolio","https://www.awwwards.com/sites/pragadheeshs-showcase","https://www.awwwards.com/websites/portfolio/?page=4","https://assets.awwwards.com/awards/media/cache/thumb_880_660/submissions/2026/08/6a91e8b319757765670210.png","2026-08-29T11:25:11Z"
"Pranav's Portfolio","pranavs-portfolio","submission","Mobile & Apps | Technology | Web & Interactive | Horizontal Layout | Minimal | Portfolio | Responsive Design | Storytelling | UI design | Framer","https://www.awwwards.com/sites/pranavs-portfolio","https://www.awwwards.com/websites/portfolio/?page=51","https://assets.awwwards.com/awards/media/cache/thumb_880_660/submissions/2024/07/66a84074d1cf3533535612.jpg","2024-08-08T07:56:46Z"
"Preetoshi — experience design","preetoshi-experience-design","submission","Art & Illustration | Web & Interactive | Clean | Minimal | Parallax | Portfolio | Experimental | Storytelling | Interaction Design","https://www.awwwards.com/sites/preetoshi-experience-design","https://www.awwwards.com/websites/portfolio/?page=54","https://assets.awwwards.com/awards/media/cache/thumb_880_660/submissions/2024/06/666dcd0ca6e18775497141.png","2024-06-24T06:09:31Z"
"Presentable","presentable","submission","Business & Corporate | Design Agencies | Web & Interactive | Minimal | Portfolio | Typography | Transitions | Storytelling | Interaction Design | Figma | Adobe Illustrator | Framer","https://www.awwwards.com/sites/presentable","https://www.awwwards.com/websites/portfolio/?page=21","https://assets.awwwards.com/awards/media/cache/thumb_880_660/submissions/2025/12/6943e6e687ef5996493173.png","2026-01-01T12:56:10Z"
"Primary Studio","primary-studio","submission","Design Agencies | Clean | Flat Design | Portfolio | Storytelling | Footer Design | Project Page | Framer","https://www.awwwards.com/sites/primary-studio","https://www.awwwards.com/websites/portfolio/?page=58","https://assets.awwwards.com/awards/media/cache/thumb_880_660/submissions/2024/04/662bac38efecf615866162.jpg","2024-05-07T08:41:02Z"
"PRISM","prism-1","submission","Web & Interactive | Colorful | Portfolio","https://www.awwwards.com/sites/prism-1","https://www.awwwards.com/websites/portfolio/?page=54","https://assets.awwwards.com/awards/media/cache/thumb_880_660/submissions/2024/06/6671a5b0297da546736525.jpg","2024-06-26T08:25:00Z"
"Pristine Acres","pristine-acres","submission","Architecture | Business & Corporate | Colorful | Fullscreen | Portfolio | Storytelling | Real Estate | Photo & Video | UI design","https://www.awwwards.com/sites/pristine-acres","https://www.awwwards.com/websites/portfolio/?page=51","https://assets.awwwards.com/awards/media/cache/thumb_880_660/submissions/2024/07/66a400ce81c0f695023509.jpg","2024-08-07T06:22:09Z"
"PRITAM DAS","pritam-das","submission","Web & Interactive | Animation | Infinite Scroll | Portfolio | Single page | 3D","https://www.awwwards.com/sites/pritam-das","https://www.awwwards.com/websites/portfolio/?page=33","https://assets.awwwards.com/awards/media/cache/thumb_880_660/submissions/2025/05/68388a11e1425248336435.png","2025-06-13T08:25:25Z"
"Priya Tyagi - Portfolio 24""","priya-tyagi-portfolio-24","submission","Technology | Web & Interactive | Animation | Portfolio | Responsive Design | Single page | Transitions | Microinteractions","https://www.awwwards.com/sites/priya-tyagi-portfolio-24","https://www.awwwards.com/websites/portfolio/?page=52","https://assets.awwwards.com/awards/media/cache/thumb_880_660/submissions/2024/07/66a14eda44f8d217302290.jpg","2024-08-05T06:27:57Z"
"Prizma Studio","prizma-studio","submission","Design Agencies | Web & Interactive | Animation | Clean | Graphic design | Minimal | Portfolio | Storytelling | Startups","https://www.awwwards.com/sites/prizma-studio","https://www.awwwards.com/websites/portfolio/?page=65","https://assets.awwwards.com/awards/media/cache/thumb_880_660/submissions/2024/01/65acbed46c0d6983469625.jpg","2024-01-26T09:54:22Z"
"Producer Tags by Sara Cajner","producer-tags-by-sara-cajner","submission","E-Commerce | Music & Sound | Web & Interactive | Animation | App Style | Clean | Minimal | Portfolio | Sound-Audio","https://www.awwwards.com/sites/producer-tags-by-sara-cajner","https://www.awwwards.com/websites/portfolio/?page=35","https://assets.awwwards.com/awards/media/cache/thumb_880_660/submissions/2025/04/67fe4277887ea648990981.jpg","2025-05-01T07:10:31Z"
"Product Design Team","product-design-team","submission","Design Agencies | Mobile & Apps | Web & Interactive | Animation | Clean | Portfolio | Header Design | Microinteractions | Project Page","https://www.awwwards.com/sites/product-design-team","https://www.awwwards.com/websites/portfolio/?page=63","https://assets.awwwards.com/awards/media/cache/thumb_880_660/submissions/2024/02/65c9f2a24e245727896265.png","2024-02-19T08:51:58Z"
"Product designer portfolio","product-designer-portfolio-4","submission","Design Agencies | Web & Interactive | Portfolio | Interaction Design | UI design | Startups | Framer","https://www.awwwards.com/sites/product-designer-portfolio-4","https://www.awwwards.com/websites/portfolio/?page=59","https://assets.awwwards.com/awards/media/cache/thumb_880_660/submissions/2024/04/660f0728346ae919748354.png","2024-04-15T08:30:47Z"
"Product Designer Portfolio","product-designer-portfolio-5","submission","Minimal | Portfolio | Three.js | Art & Illustration | React | Technology | 3D | Web & Interactive | UI design | Animation | Sanity | Clean","https://www.awwwards.com/sites/product-designer-portfolio-5","https://www.awwwards.com/websites/portfolio/?page=5","https://assets.awwwards.com/awards/media/cache/thumb_880_660/submissions/2026/08/6a74905982b2c124155328.png","2026-08-20T13:49:20Z"
"Product Photographer","product-photographer","submission","Fashion | Animation | Flat Design | Photographic | Portfolio | Photography | Gallery | Photo & Video | Webflow | Javascript | Figma | Luxury","https://www.awwwards.com/sites/product-photographer","https://www.awwwards.com/websites/portfolio/?page=28","https://assets.awwwards.com/awards/media/cache/thumb_880_660/submissions/2025/08/68a008725ff6d364039603.png","2025-08-28T14:23:00Z"
"Project BANG Agency","project-bang-agency","submission","Design Agencies | Music & Sound | Web & Interactive | Clean | Graphic design | Minimal | Portfolio","https://www.awwwards.com/sites/project-bang-agency","https://www.awwwards.com/websites/portfolio/?page=47","https://assets.awwwards.com/awards/media/cache/thumb_880_660/submissions/2024/10/670947672bc20722631585.png","2024-10-23T05:37:00Z"
"project://cult","project-cult-1","submission","Design Agencies | Web & Interactive | Graphic design | Portfolio | Typography | Experimental | 3D | Filters and Effects | Header Design | After Effects | Figma | Blender","https://www.awwwards.com/sites/project-cult-1","https://www.awwwards.com/websites/portfolio/?page=2","https://assets.awwwards.com/awards/media/cache/thumb_880_660/submissions/2026/09/6aa7d775c9073567585317.png","2026-09-15T09:33:00Z"
"PROJEKTIL ART","projektil-art","submission","Art & Illustration | Events | Promotional | Clean | Fullscreen | Minimal | Portfolio | Video | Gallery","https://www.awwwards.com/sites/projektil-art","https://www.awwwards.com/websites/portfolio/?page=59","https://assets.awwwards.com/awards/media/cache/thumb_880_660/submissions/2024/04/662176c767c46051073712.jpg","2024-04-23T08:36:03Z"
"Prototype","prototype-3","submission","Design Agencies | Film & TV | Animation | Portfolio | Scrolling | Typography | GSAP | Photo & Video | Luxury","https://www.awwwards.com/sites/prototype-3","https://www.awwwards.com/websites/portfolio/?page=21","https://assets.awwwards.com/awards/media/cache/thumb_880_660/submissions/2025/11/69299772d0a0a730014050.jpg","2026-01-06T00:00:00Z"
"ProVoke","provoke","submission","Magazine / Newspaper / Blog | Design Agencies | Animation | Clean | Colorful | Photographic | Portfolio | Photography","https://www.awwwards.com/sites/provoke","https://www.awwwards.com/websites/portfolio/?page=66","https://assets.awwwards.com/awards/media/cache/thumb_880_660/submissions/2024/01/6598142f75de8152408722.jpg","2024-01-09T09:50:00Z"
"PX PUSH","px-push","submission","Business & Corporate | Design Agencies | Technology | Animation | Portfolio | Retro | WebGL | GSAP | 404 pages | Nuxt.js","https://www.awwwards.com/sites/px-push","https://www.awwwards.com/websites/portfolio/?page=5","https://assets.awwwards.com/awards/media/cache/thumb_880_660/submissions/2026/06/6a3bd895684b3420274351.jpg","2026-08-15T00:00:00Z"
"Qiao","qiao","submission","Other | Web & Interactive | Animation | Portfolio | Gallery | Responsive | Storytelling | 3D | Figma | Blender | Framer","https://www.awwwards.com/sites/qiao","https://www.awwwards.com/websites/portfolio/?page=10","https://assets.awwwards.com/awards/media/cache/thumb_880_660/submissions/2026/05/6a19d5899495f800054905.png","2026-06-13T13:53:00Z"
"Qoreeb - Portfolio","qoreeb-portfolio","submission","Design Agencies | Web & Interactive | Animation | Portfolio | Typography | Gallery | Responsive | GSAP | Three.js | 3D | BARBA.js | Luxury","https://www.awwwards.com/sites/qoreeb-portfolio","https://www.awwwards.com/websites/portfolio/?page=30","https://assets.awwwards.com/awards/media/cache/thumb_880_660/submissions/2025/06/686122e059bdf252088887.jpg","2025-07-14T10:24:38Z"
"Quality Geek","quality-geek","submission","Design Agencies | Technology | Web & Interactive | Clean | Portfolio | Responsive Design | Typography | UI design | About Page","https://www.awwwards.com/sites/quality-geek","https://www.awwwards.com/websites/portfolio/?page=41","https://assets.awwwards.com/awards/media/cache/thumb_880_660/submissions/2024/12/6756ff91b03f4550719596.png","2025-01-27T06:34:19Z"
"Quang Dinh Portfolio","quang-dinh-portfolio","submission","Other | Web & Interactive | Clean | Minimal | Portfolio | Typography | Interaction Design | UI design","https://www.awwwards.com/sites/quang-dinh-portfolio","https://www.awwwards.com/websites/portfolio/?page=50","https://assets.awwwards.com/awards/media/cache/thumb_880_660/submissions/2024/08/66c9ee58b13f1356051146.png","2024-08-30T05:14:23Z"
"Quentin Hocdé - 2026","quentin-hocde-2026","submission","Technology | Web & Interactive | Portfolio | WebGL | Transitions | Gallery | GSAP | Filters and Effects | Astro","https://www.awwwards.com/sites/quentin-hocde-2026","https://www.awwwards.com/websites/portfolio/?page=18","https://assets.awwwards.com/awards/media/cache/thumb_880_660/submissions/2026/02/698460f154280839726666.jpg","2026-02-16T13:04:00Z"
"R&M","r-m","submission","Art & Illustration | Design Agencies | Web & Interactive | Clean | CSS | Flat Design | Graphic design | HTML5 | Portfolio | Typography | Microinteractions | Javascript","https://www.awwwards.com/sites/r-m","https://www.awwwards.com/websites/portfolio/?page=27","https://assets.awwwards.com/awards/media/cache/thumb_880_660/submissions/2025/08/689f75fc6cb1f246036661.png","2025-08-29T11:45:45Z"
"RabenRifaie Studio","rabenrifaie-studio-1","submission","Web & Interactive | Horizontal Layout | Portfolio | Unusual Navigation | Experimental | 3D | Interaction Design | Microinteractions | Blender | Framer","https://www.awwwards.com/sites/rabenrifaie-studio-1","https://www.awwwards.com/websites/portfolio/?page=14","https://assets.awwwards.com/awards/media/cache/thumb_880_660/submissions/2026/04/69d64e54a5dab988930113.png","2026-04-13T09:39:00Z"
"Radiance","radiance","submission","Design Agencies | Technology | Web & Interactive | Parallax | Portfolio | Video | Data Visualization | UI design | Webflow | Figma | Adobe Illustrator","https://www.awwwards.com/sites/radiance","https://www.awwwards.com/websites/portfolio/?page=17","https://assets.awwwards.com/awards/media/cache/thumb_880_660/submissions/2026/02/6993e3f7b7404877473492.png","2026-03-02T10:17:50Z"
"Radilson Gomes '24 Portfolio","radilson-gomes-24-portfolio","submission","Design Agencies | Web & Interactive | Animation | Portfolio | Typography | Storytelling | Interaction Design | Project Page","https://www.awwwards.com/sites/radilson-gomes-24-portfolio","https://www.awwwards.com/websites/portfolio/?page=66","https://assets.awwwards.com/awards/media/cache/thumb_880_660/submissions/2023/12/658ecbff6c6e6256998836.png","2024-01-04T12:34:38Z"
"Radka Olejňáková - Portfolio","radka-olejnakova-portfolio","submission","Design Agencies | Technology | Web & Interactive | Colorful | Graphic design | Portfolio | Typography | Illustration | Interaction Design","https://www.awwwards.com/sites/radka-olejnakova-portfolio","https://www.awwwards.com/websites/portfolio/?page=41","https://assets.awwwards.com/awards/media/cache/thumb_880_660/submissions/2025/01/678562ce1981a589677948.png","2025-01-28T06:16:08Z"
"RAMEN2023","ramen2023","submission","Food & Drink | Animation | Colorful | Portfolio | Single page | Typography | Web Fonts","https://www.awwwards.com/sites/ramen2023","https://www.awwwards.com/websites/portfolio/?page=65","https://assets.awwwards.com/awards/media/cache/thumb_880_660/submissions/2024/01/65ab639418916723035908.jpg","2024-01-25T10:13:04Z"
"RAMEN2024","ramen2024","submission","Food & Drink | Animation | Minimal | Portfolio | Typography | Web Fonts | Transitions","https://www.awwwards.com/sites/ramen2024","https://www.awwwards.com/websites/portfolio/?page=39","https://assets.awwwards.com/awards/media/cache/thumb_880_660/submissions/2025/02/67af30949dc2d343551319.jpg","2025-02-27T06:47:39Z"
"ranlus studio","ranlus-studio","submission","Design Agencies | Film & TV | Animation | Portfolio | Photography | Transitions | Interaction Design | Photo & Video","https://www.awwwards.com/sites/ranlus-studio","https://www.awwwards.com/websites/portfolio/?page=50","https://assets.awwwards.com/awards/media/cache/thumb_880_660/submissions/2024/07/66964f5b58abd275083965.png","2024-08-30T00:00:00Z"
"Raphael Segerman Portfolio","raphael-segerman-portfolio","submission","3D | Web & Interactive | Filters and Effects | Clean | Astro | Infinite Scroll | Portfolio | WebGL | Transitions | GSAP","https://www.awwwards.com/sites/raphael-segerman-portfolio","https://www.awwwards.com/websites/portfolio/?page=6","https://assets.awwwards.com/awards/media/cache/thumb_880_660/submissions/2026/07/6a5d1dda72158405906435.jpg","2026-08-02T13:26:00Z"
"RASUL AKHUNDOV","rasul-akhundov","submission","Technology | Web & Interactive | Animation | Parallax | Portfolio | Responsive Design | Transitions | 3D","https://www.awwwards.com/sites/rasul-akhundov","https://www.awwwards.com/websites/portfolio/?page=39","https://assets.awwwards.com/awards/media/cache/thumb_880_660/submissions/2025/02/67ad937166d94588403271.jpg","2025-02-25T06:51:51Z"
"Raveena Amarasiriwardena","raveena-amarasiriwardena","submission","Business & Corporate | Promotional | Web & Interactive | Animation | Colorful | Portfolio | Responsive Design | UI design | Footer Design","https://www.awwwards.com/sites/raveena-amarasiriwardena","https://www.awwwards.com/websites/portfolio/?page=37","https://assets.awwwards.com/awards/media/cache/thumb_880_660/submissions/2025/03/67d86a586c562895116115.png","2025-04-01T06:00:03Z"
"Ravi Klaassens","ravi-klaassens","submission","Design Agencies | Web & Interactive | Animation | Portfolio | Typography | Transitions | Experimental | GSAP | Interaction Design | UI design | BARBA.js | Webflow","https://www.awwwards.com/sites/ravi-klaassens","https://www.awwwards.com/websites/portfolio/?page=14","https://assets.awwwards.com/awards/media/cache/thumb_880_660/submissions/2026/03/69bf097709074095320379.png","2026-04-15T00:00:00Z"
"Raw Cereal","raw-cereal","submission","Art & Illustration | Design Agencies | Other | Clean | Horizontal Layout | Portfolio | Scrolling | Video | Gallery","https://www.awwwards.com/sites/raw-cereal","https://www.awwwards.com/websites/portfolio/?page=62","https://assets.awwwards.com/awards/media/cache/thumb_880_660/submissions/2024/03/65e6313f9546a800472627.jpg","2024-03-05T08:43:01Z"
"RAYRAYlab","rayraylab","submission","Design Agencies | Technology | Web & Interactive | Portfolio | Retro | Typography | 3D | Interaction Design","https://www.awwwards.com/sites/rayraylab","https://www.awwwards.com/websites/portfolio/?page=36","https://assets.awwwards.com/awards/media/cache/thumb_880_660/submissions/2025/03/67d85241b76a5785459947.jpg","2025-04-07T00:00:00Z"
"Reactive","reactive-2","submission","Design Agencies | Animation | Wordpress | Portfolio | Responsive Design | SVG | UI design | Project Page | Figma","https://www.awwwards.com/sites/reactive-2","https://www.awwwards.com/websites/portfolio/?page=29","https://assets.awwwards.com/awards/media/cache/thumb_880_660/submissions/2025/07/686fe7a311e5c601876237.jpg","2025-07-29T10:09:52Z"
"Readymag Portfolio","readymag-portfolio","submission","Art & Illustration | Other | Web & Interactive | Animation | Colorful | Graphic design | Portfolio | Readymag","https://www.awwwards.com/sites/readymag-portfolio","https://www.awwwards.com/websites/portfolio/?page=29","https://assets.awwwards.com/awards/media/cache/thumb_880_660/submissions/2025/07/68767336932b6112922496.jpg","2025-07-31T10:33:11Z"
"Really Up There","really-up-there","submission","Art & Illustration | Design Agencies | Web & Interactive | Animation | Clean | Graphic design | Portfolio | Illustration | Gallery | Webflow | Figma | Adobe Illustrator","https://www.awwwards.com/sites/really-up-there","https://www.awwwards.com/websites/portfolio/?page=13","https://assets.awwwards.com/awards/media/cache/thumb_880_660/submissions/2026/04/69e109c89959a388689767.jpg","2026-04-27T09:51:30Z"
"Reckon House Staples","reckon-house-staples","submission","Business & Corporate | Design Agencies | Web & Interactive | Portfolio | Responsive Design | Transitions | Data Visualization | Three.js | Filters and Effects | Interaction Design | Next.js | Tailwind","https://www.awwwards.com/sites/reckon-house-staples","https://www.awwwards.com/websites/portfolio/?page=9","https://assets.awwwards.com/awards/media/cache/thumb_880_660/submissions/2026/06/6a2635eec2567362294903.jpg","2026-06-22T09:13:00Z"
"Redefine Labs","redefine-labs","submission","Technology | Web & Interactive | Portfolio | next.js","https://www.awwwards.com/sites/redefine-labs","https://www.awwwards.com/websites/portfolio/?page=52","https://assets.awwwards.com/awards/media/cache/thumb_880_660/submissions/2024/07/6694149e044c8221366468.png","2024-07-24T05:41:22Z"
"Redideo Studio Creative Agency","redideo-studio-creative-agency","submission","Business & Corporate | Design Agencies | Clean | Flat Design | Fullscreen | Portfolio | SEO | Responsive | Startups","https://www.awwwards.com/sites/redideo-studio-creative-agency","https://www.awwwards.com/websites/portfolio/?page=41","https://assets.awwwards.com/awards/media/cache/thumb_880_660/submissions/2025/01/678eae4d9f545880578486.jpg","2025-02-04T07:20:00Z"
"REDOUANE OUMAHI","redouane-oumahi","submission","Art & Illustration | Clean | Colorful | Graphic design | HTML5 | Portfolio | Typography | Contentful","https://www.awwwards.com/sites/redouane-oumahi","https://www.awwwards.com/websites/portfolio/?page=3","https://assets.awwwards.com/awards/media/cache/thumb_880_660/submissions/2026/08/6a8d16a813a6d565683059.png","2026-09-07T09:03:30Z"
"REDSTONE SOFTWARE","redstone-software","submission","Business & Corporate | Design Agencies | Web & Interactive | Animation | CSS | HTML5 | Portfolio | Responsive Design | Bootstrap | Interaction Design | Photo & Video | UI design","https://www.awwwards.com/sites/redstone-software","https://www.awwwards.com/websites/portfolio/?page=16","https://assets.awwwards.com/awards/media/cache/thumb_880_660/submissions/2026/02/699eb6c2e2363564841102.png","2026-03-09T11:44:17Z"
"ree|b. Handheld Portfolio","ree-b-handheld-portfolio","submission","React | Interaction Design | Web & Interactive | UI design | App Style | Next.js | Clean | Tailwind | Portfolio | Experimental | Storytelling","https://www.awwwards.com/sites/ree-b-handheld-portfolio","https://www.awwwards.com/websites/portfolio/?page=6","https://assets.awwwards.com/awards/media/cache/thumb_880_660/submissions/2026/07/6a665b480788d073638966.png","2026-08-10T09:07:00Z"
"REF Digital","ref-digital","submission","Design Agencies | Animation | Portfolio | GSAP | GLSL | About Page | Header Design | Microinteractions | Project Page | Nuxt.js","https://www.awwwards.com/sites/ref-digital","https://www.awwwards.com/websites/portfolio/?page=11","https://assets.awwwards.com/awards/media/cache/thumb_880_660/submissions/2026/04/69f3ba33019ca282961265.jpg","2026-06-02T00:00:00Z"
"Refik Anadol NFTs","refik-anadol-nfts","submission","Art & Illustration | Technology | Portfolio | Unusual Navigation | Responsive | GSAP | Three.js | 3D | Interaction Design | Microinteractions | Next.js","https://www.awwwards.com/sites/refik-anadol-nfts","https://www.awwwards.com/websites/portfolio/?page=27","https://assets.awwwards.com/awards/media/cache/thumb_880_660/submissions/2025/08/68a8af4cf3d96736789775.jpg","2025-09-03T09:23:49Z"
"Reform Collective","reform-collective-5","submission","Design Agencies | Mobile & Apps | Web & Interactive | Clean | Portfolio | next.js","https://www.awwwards.com/sites/reform-collective-5","https://www.awwwards.com/websites/portfolio/?page=31","https://assets.awwwards.com/awards/media/cache/thumb_880_660/submissions/2025/05/682a4c15e446c311061860.png","2025-06-28T00:00:00Z"
"REINO","reino","submission","Design Agencies | Mobile & Apps | Web & Interactive | Graphic design | HTML5 | Portfolio | Responsive Design | Transitions | UI design | Microinteractions | Javascript | Figma","https://www.awwwards.com/sites/reino","https://www.awwwards.com/websites/portfolio/?page=23","https://assets.awwwards.com/awards/media/cache/thumb_880_660/submissions/2025/11/6908e92a5a641742639915.png","2025-11-12T11:44:31Z"
"REJOUICE®","rejouice-r-3","submission","Design Agencies | Technology | Minimal | Portfolio | Storytelling | Project Page | Startups","https://www.awwwards.com/sites/rejouice-r-3","https://www.awwwards.com/websites/portfolio/?page=41","https://assets.awwwards.com/awards/media/cache/thumb_880_660/submissions/2025/01/678eadd7be54a891207847.png","2025-02-06T00:00:00Z"
"Relative Design","relative-design","submission","Design Agencies | Mobile & Apps | Web & Interactive | Clean | Graphic design | Portfolio | Responsive Design | Interaction Design | UI design","https://www.awwwards.com/sites/relative-design","https://www.awwwards.com/websites/portfolio/?page=49","https://assets.awwwards.com/awards/media/cache/thumb_880_660/submissions/2024/09/66dfcd2f9405b302058940.jpg","2024-09-23T06:14:00Z"
"Relaunch Format D Website","relaunch-format-d-website","submission","Web & Interactive | Portfolio | Responsive Design | Typography | Filters and Effects | Interaction Design | Contact Page","https://www.awwwards.com/sites/relaunch-format-d-website","https://www.awwwards.com/websites/portfolio/?page=36","https://assets.awwwards.com/awards/media/cache/thumb_880_660/submissions/2025/04/6800d6fb96347588234959.jpg","2025-04-25T05:28:00Z"
"Reline Studio","reline-studio","submission","Art & Illustration | Design Agencies | Web & Interactive | Minimal | Portfolio | Responsive Design | Transitions | Interaction Design | UI design","https://www.awwwards.com/sites/reline-studio","https://www.awwwards.com/websites/portfolio/?page=47","https://assets.awwwards.com/awards/media/cache/thumb_880_660/submissions/2024/10/670119af113f2375766333.jpg","2024-10-16T05:40:31Z"
"Remain Nantucket","remain-nantucket","submission","Business & Corporate | Culture & Education | Clean | Wordpress | CSS | Fullscreen | Portfolio | Video | Storytelling | PHP | Header Design | Social responsibility","https://www.awwwards.com/sites/remain-nantucket","https://www.awwwards.com/websites/portfolio/?page=28","https://assets.awwwards.com/awards/media/cache/thumb_880_660/submissions/2025/08/6891409b8510f504422131.jpg","2025-08-20T10:29:14Z"
"REMAX Delux","remax-delux","submission","Business & Corporate | Animation | CSS | jQuery | Navigation Menu | Portfolio | Responsive Design | Real Estate | UI design | Header Design | Javascript","https://www.awwwards.com/sites/remax-delux","https://www.awwwards.com/websites/portfolio/?page=27","https://assets.awwwards.com/awards/media/cache/thumb_880_660/submissions/2025/08/68a9d82526066491360156.png","2025-09-05T10:55:53Z"
"Remedy","remedy","submission","Business & Corporate | Film & TV | Wordpress | Navigation Menu | Portfolio | Interaction Design | Contact Page | Microinteractions | Footer Design | Figma","https://www.awwwards.com/sites/remedy","https://www.awwwards.com/websites/portfolio/?page=3","https://assets.awwwards.com/awards/media/cache/thumb_880_660/submissions/2026/09/6a99eda3ed99a136388678.jpg","2026-09-04T09:46:09Z"
"RemyShoots","remyshoots","submission","Fashion | Film & TV | Animation | Clean | Portfolio | Photography | Transitions | Gallery | Three.js | Interaction Design | Next.js | Sanity","https://www.awwwards.com/sites/remyshoots","https://www.awwwards.com/websites/portfolio/?page=2","https://assets.awwwards.com/awards/media/cache/thumb_880_660/submissions/2026/09/6a97cb9e7ff9e153129235.png","2026-09-12T10:49:31Z"
"Renflow Designs","renflow-designs","submission","Design Agencies | Web & Interactive | Animation | Portfolio | Scrolling | 3D | About Page | 404 pages","https://www.awwwards.com/sites/renflow-designs","https://www.awwwards.com/websites/portfolio/?page=64","https://assets.awwwards.com/awards/media/cache/thumb_880_660/submissions/2024/02/65bf257aa6450585672530.png","2024-02-06T09:33:23Z"
"Republik","republik","submission","Design Agencies | Animation | Fullscreen | Portfolio | Project Page | Social responsibility","https://www.awwwards.com/sites/republik","https://www.awwwards.com/websites/portfolio/?page=56","https://assets.awwwards.com/awards/media/cache/thumb_880_660/submissions/2024/05/6643c621b0e93998411807.jpg","2024-05-23T05:28:53Z"
"Rerter","rerter","submission","Design Agencies | Technology | Web & Interactive | Clean | Colorful | Portfolio | Gestures / Interaction | Interaction Design | UI design","https://www.awwwards.com/sites/rerter","https://www.awwwards.com/websites/portfolio/?page=31","https://assets.awwwards.com/awards/media/cache/thumb_880_660/submissions/2025/06/684a4ce192c58747881465.png","2025-06-30T09:05:37Z"
"Resonance","resonance","submission","Design Agencies | Clean | Minimal | Portfolio | Typography | Responsive","https://www.awwwards.com/sites/resonance","https://www.awwwards.com/websites/portfolio/?page=68","https://assets.awwwards.com/awards/media/cache/thumb_880_660/submissions/2023/11/6567515edd2de325343992.jpg","2023-12-05T09:34:27Z"
"Resonance communication","resonance-communication-1","submission","Design Agencies | Web & Interactive | Clean | Flat Design | Portfolio | Responsive Design | UI design | WooCommerce","https://www.awwwards.com/sites/resonance-communication-1","https://www.awwwards.com/websites/portfolio/?page=67","https://assets.awwwards.com/awards/media/cache/thumb_880_660/submissions/2023/12/65830c8f8cc95590905707.jpg","2023-12-27T10:18:40Z"
"Resume Site Christophe LOZANO","resume-site-christophe-lozano","submission","Other | Promotional | Web & Interactive | Flat Design | Minimal | Portfolio | next.js","https://www.awwwards.com/sites/resume-site-christophe-lozano","https://www.awwwards.com/websites/portfolio/?page=42","https://assets.awwwards.com/awards/media/cache/thumb_880_660/submissions/2025/01/677582b7428e2433226702.png","2025-01-16T07:57:00Z"
"Rethink Studio","rethink-studio","submission","Design Agencies | Web & Interactive | Animation | Clean | Minimal | Portfolio | Typography","https://www.awwwards.com/sites/rethink-studio","https://www.awwwards.com/websites/portfolio/?page=59","https://assets.awwwards.com/awards/media/cache/thumb_880_660/submissions/2024/04/660aa3d56ebbe861070194.jpg","2024-04-10T08:30:00Z"
"Revenant","revenant","submission","Business & Corporate | Animation | Clean | Fullscreen | Portfolio | Gallery | Photo & Video","https://www.awwwards.com/sites/revenant","https://www.awwwards.com/websites/portfolio/?page=57","https://assets.awwwards.com/awards/media/cache/thumb_880_660/submissions/2024/04/66226f05ec0e3409366779.jpg","2024-05-09T00:00:00Z"
"RH Digital","rh-digital","submission","Design Agencies | Promotional | Web & Interactive | Portfolio | Responsive Design | Data Visualization | Interaction Design","https://www.awwwards.com/sites/rh-digital","https://www.awwwards.com/websites/portfolio/?page=65","https://assets.awwwards.com/awards/media/cache/thumb_880_660/submissions/2024/01/65aa6eaab754d746812266.png","2024-01-24T09:40:12Z"
"Rhumb Studio","rhumb-studio","submission","Design Agencies | Web & Interactive | Animation | Portfolio | WebGL | Transitions | Experimental | Three.js | 3D | UI design | Microinteractions | Blender","https://www.awwwards.com/sites/rhumb-studio","https://www.awwwards.com/websites/portfolio/?page=19","https://assets.awwwards.com/awards/media/cache/thumb_880_660/submissions/2026/01/6978da9adb033887539460.jpg","2026-02-08T14:13:51Z"
"RI/OS","ri-os","submission","UI design | Technology | About Page | Web & Interactive | Project Page | CSS | Javascript | HTML5 | Portfolio | Responsive Design | Unusual Navigation","https://www.awwwards.com/sites/ri-os","https://www.awwwards.com/websites/portfolio/?page=4","https://assets.awwwards.com/awards/media/cache/thumb_880_660/submissions/2026/08/6a7c1d7eb4d11316749504.png","2026-08-21T09:57:33Z"
"Ria Scureman Designs","ria-scureman-designs","submission","Portfolio | Video | Filters and Effects | Design Agencies | Figma | Web & Interactive | Adobe Photoshop | Clean | Framer | Graphic design | Minimal","https://www.awwwards.com/sites/ria-scureman-designs","https://www.awwwards.com/websites/portfolio/?page=5","https://assets.awwwards.com/awards/media/cache/thumb_880_660/submissions/2026/07/6a6cc67a8a0d9815016006.png","2026-08-14T10:00:48Z"
"Ricardo Chance — Portfolio","ricardo-chance-portfolio","submission","Design Agencies | Technology | Web & Interactive | Portfolio | Scrolling | WebGL | Transitions | Storytelling | GSAP | GLSL | 3D | Gestures / Interaction","https://www.awwwards.com/sites/ricardo-chance-portfolio","https://www.awwwards.com/websites/portfolio/?page=7","https://assets.awwwards.com/awards/media/cache/thumb_880_660/submissions/2026/07/6a46d1d746bad545188416.png","2026-07-19T10:07:00Z"
"Rich Brown","rich-brown-4","submission","Design Agencies | Promotional | Web & Interactive | Portfolio | Interaction Design | UI design | Microinteractions | 404 pages","https://www.awwwards.com/sites/rich-brown-4","https://www.awwwards.com/websites/portfolio/?page=67","https://assets.awwwards.com/awards/media/cache/thumb_880_660/submissions/2023/11/655cefd8bb457926250040.jpg","2023-12-26T00:00:00Z"
"Richard Prescott - Folio©24","richard-prescott-folio-c-24","submission","Photographic | Portfolio | Scrolling | Photography | Transitions | Gallery","https://www.awwwards.com/sites/richard-prescott-folio-c-24","https://www.awwwards.com/websites/portfolio/?page=44","https://assets.awwwards.com/awards/media/cache/thumb_880_660/submissions/2024/11/67374f434d1e1637863651.png","2024-11-25T07:08:39Z"
"Rickman Architecture + Design","rickman-architecture-design","submission","Architecture | Design Agencies | Big Background Images | Horizontal Layout | Portfolio | Gallery | Responsive | Footer Design | Social responsibility","https://www.awwwards.com/sites/rickman-architecture-design","https://www.awwwards.com/websites/portfolio/?page=42","https://assets.awwwards.com/awards/media/cache/thumb_880_660/submissions/2024/12/67574e6fa1b76101260002.png","2025-01-11T00:00:00Z"
"Ringer Studio - Noah Lesage","ringer-studio-noah-lesage","submission","Design Agencies | Web & Interactive | Colorful | CSS | Graphic design | HTML5 | Portfolio | Experimental | Interaction Design | Photo & Video | Footer Design","https://www.awwwards.com/sites/ringer-studio-noah-lesage","https://www.awwwards.com/websites/portfolio/","https://assets.awwwards.com/awards/media/cache/thumb_880_660/submissions/2026/09/6aa2fad83cfb0963065384.jpg","2026-09-24T09:16:14Z"
"Rise at Seven","rise-at-seven-2","submission","Business & Corporate | Design Agencies | Technology | Clean | Portfolio | Transitions | Craft CMS | Header Design | Microinteractions | Footer Design | Vanilla JS | Tailwind","https://www.awwwards.com/sites/rise-at-seven-2","https://www.awwwards.com/websites/portfolio/?page=29","https://assets.awwwards.com/awards/media/cache/thumb_880_660/submissions/2025/07/687f42586bf1b227035348.jpg","2025-08-07T10:07:00Z"
"RISE2 Studio","rise2-studio","submission","Design Agencies | Technology | Web & Interactive | Animation | Big Background Images | Portfolio | Scrolling | UI design | next.js","https://www.awwwards.com/sites/rise2-studio","https://www.awwwards.com/websites/portfolio/?page=52","https://assets.awwwards.com/awards/media/cache/thumb_880_660/submissions/2024/07/6698ef6e371f9934735031.png","2024-07-29T08:56:00Z"
"Rishabh Upadhyay","rishabh-upadhyay","submission","Technology | Web & Interactive | Minimal | Portfolio | Transitions | Responsive | Storytelling | GSAP | Three.js | Startups | next.js | Next.js","https://www.awwwards.com/sites/rishabh-upadhyay","https://www.awwwards.com/websites/portfolio/?page=11","https://assets.awwwards.com/awards/media/cache/thumb_880_660/submissions/2026/05/6a060c5754a6c875063640.png","2026-05-16T12:19:55Z"
"Ritvik's Portfolio","ritviks-portfolio","submission","Art & Illustration | Web & Interactive | Animation | Portfolio | Responsive Design | Illustration | Storytelling | Interaction Design | Startups","https://www.awwwards.com/sites/ritviks-portfolio","https://www.awwwards.com/websites/portfolio/?page=42","https://assets.awwwards.com/awards/media/cache/thumb_880_660/submissions/2025/01/6775a4696cd8c454977042.png","2025-01-13T07:30:21Z"
"rj Digital Studio","rj-digital-studio","submission","Art & Illustration | Web & Interactive | Big Background Images | Parallax | Portfolio | Filters and Effects | Interaction Design","https://www.awwwards.com/sites/rj-digital-studio","https://www.awwwards.com/websites/portfolio/?page=44","https://assets.awwwards.com/awards/media/cache/thumb_880_660/submissions/2024/11/673cc3b85d832006001399.png","2024-12-02T07:13:44Z"
"Robby Yeager's Marketing Portfolio","robby-yeagers-marketing-portfolio","submission","Icons | Portfolio | Retro | Business & Corporate | Transitions | Web & Interactive | Experimental | CSS | Content architecture | Graphic design | Vanilla JS | HTML5","https://www.awwwards.com/sites/robby-yeagers-marketing-portfolio","https://www.awwwards.com/websites/portfolio/?page=5","https://assets.awwwards.com/awards/media/cache/thumb_880_660/submissions/2026/07/6a6bc3bc96a64676588119.png","2026-08-13T10:00:20Z"
"Robert Borghesi — Portfolio","robert-borghesi-portfolio","submission","Design Agencies | Animation | Colorful | Portfolio | Gestures / Interaction | Filters and Effects | Interaction Design","https://www.awwwards.com/sites/robert-borghesi-portfolio","https://www.awwwards.com/websites/portfolio/?page=63","https://assets.awwwards.com/awards/media/cache/thumb_880_660/submissions/2024/01/65b76ad749558659264260.png","2024-02-17T00:00:00Z"
"Robert Tran's Portfolio","robert-trans-portfolio","submission","Web & Interactive | Portfolio | Next.js | Tailwind","https://www.awwwards.com/sites/robert-trans-portfolio","https://www.awwwards.com/websites/portfolio/?page=7","https://assets.awwwards.com/awards/media/cache/thumb_880_660/submissions/2026/07/6a4dac2890d57489385263.png","2026-07-22T10:01:00Z"
"Robot","robot","submission","Film & TV | Colorful | Portfolio | Gallery | Photo & Video | Microinteractions | Project Page","https://www.awwwards.com/sites/robot","https://www.awwwards.com/websites/portfolio/?page=30","https://assets.awwwards.com/awards/media/cache/thumb_880_660/submissions/2025/06/683dae98881bd747486568.jpg","2025-07-16T00:00:00Z"
"Rocket SaaS","rocket-saas","submission","Business & Corporate | Technology | Animation | Wordpress | Colorful | CSS | Portfolio | Video | Startups | Figma","https://www.awwwards.com/sites/rocket-saas","https://www.awwwards.com/websites/portfolio/?page=28","https://assets.awwwards.com/awards/media/cache/thumb_880_660/submissions/2025/08/689af85d15b58656233392.jpg","2025-08-23T08:48:09Z"
"Rodeo Film","rodeo-film","submission","Design Agencies | Film & TV | Minimal | Portfolio | Scrolling | Photography | Gallery | Photo & Video | 404 pages","https://www.awwwards.com/sites/rodeo-film","https://www.awwwards.com/websites/portfolio/?page=54","https://assets.awwwards.com/awards/media/cache/thumb_880_660/submissions/2024/06/66733b15cc9c1197710061.png","2024-06-28T06:08:08Z"
"Rodolfo Sarno","rodolfo-sarno-2","submission","Web & Interactive | Portfolio | Typography | UI design","https://www.awwwards.com/sites/rodolfo-sarno-2","https://www.awwwards.com/websites/portfolio/?page=42","https://assets.awwwards.com/awards/media/cache/thumb_880_660/submissions/2025/01/67801b74bed80507041817.jpg","2025-01-21T08:55:00Z"
"Roel Schoonderbeek","roel-schoonderbeek","submission","Web & Interactive | Big Background Images | Fullscreen | Portfolio | Scrolling | Photography | GSAP | Microinteractions | Contentful | Webflow | Javascript","https://www.awwwards.com/sites/roel-schoonderbeek","https://www.awwwards.com/websites/portfolio/?page=23","https://assets.awwwards.com/awards/media/cache/thumb_880_660/submissions/2025/10/68ff66a534c3a503853414.png","2025-11-05T12:02:14Z"
"Roger Junior","roger-junior","submission","Art & Illustration | Design Agencies | Animation | Colorful | Portfolio | Retro | Scrolling | Experimental | Illustration","https://www.awwwards.com/sites/roger-junior","https://www.awwwards.com/websites/portfolio/?page=60","https://assets.awwwards.com/awards/media/cache/thumb_880_660/submissions/2024/03/6608088969653043890432.png","2024-04-09T07:56:08Z"
"rogi.dsgn","rogi-dsgn","submission","Design Agencies | Mobile & Apps | Web & Interactive | Minimal | Portfolio | Typography | Transitions | Responsive","https://www.awwwards.com/sites/rogi-dsgn","https://www.awwwards.com/websites/portfolio/?page=35","https://assets.awwwards.com/awards/media/cache/thumb_880_660/submissions/2025/04/680df6b133509192164899.jpg","2025-05-06T09:42:10Z"
"Rogier de Boevé Portfolio","rogier-de-boeve-portfolio","submission","Promotional | Web & Interactive | Animation | Portfolio | Experimental | Gallery | Sound-Audio | 3D | Filters and Effects","https://www.awwwards.com/sites/rogier-de-boeve-portfolio","https://www.awwwards.com/websites/portfolio/?page=53","https://assets.awwwards.com/awards/media/cache/thumb_880_660/submissions/2024/06/666ace23df1ce453805787.jpg","2024-07-09T00:00:00Z"
"Romain Vincens Portfolio","romain-vincens-portfolio","submission","Other | Portfolio","https://www.awwwards.com/sites/romain-vincens-portfolio","https://www.awwwards.com/websites/portfolio/?page=54","https://assets.awwwards.com/awards/media/cache/thumb_880_660/submissions/2024/06/667076575de62670352111.png","2024-06-25T06:42:00Z"
"Roman Salakhov","roman-salakhov","submission","Design Agencies | Promotional | Animation | Colorful | Portfolio | Scrolling | 3D | Microinteractions","https://www.awwwards.com/sites/roman-salakhov","https://www.awwwards.com/websites/portfolio/?page=50","https://assets.awwwards.com/awards/media/cache/thumb_880_660/submissions/2024/08/66cb9f7727bdf076780521.jpg","2024-09-02T05:23:00Z"
"Roman Salakhov","roman-salakhov-2","submission","Art & Illustration | Design Agencies | Web & Interactive | Animation | Colorful | CSS | Portfolio | GSAP | Three.js | 3D | Footer Design | 404 pages","https://www.awwwards.com/sites/roman-salakhov-2","https://www.awwwards.com/websites/portfolio/?page=24","https://assets.awwwards.com/awards/media/cache/thumb_880_660/submissions/2025/10/68e925ed858c6789415988.jpg","2025-10-21T11:08:51Z"
"Roman’s personal portfolio","romans-personal-portfolio","submission","Other | Promotional | Web & Interactive | Clean | Portfolio | Responsive Design | 3D | Interaction Design | Microinteractions","https://www.awwwards.com/sites/romans-personal-portfolio","https://www.awwwards.com/websites/portfolio/?page=68","https://assets.awwwards.com/awards/media/cache/thumb_880_660/submissions/2023/12/6569fca2a0e46084321912.png","2023-12-11T09:34:21Z"
"Ronin161","ronin161-2","submission","Art & Illustration | Web & Interactive | Animation | Portfolio | Transitions | Experimental | 3D | Filters and Effects | Microinteractions","https://www.awwwards.com/sites/ronin161-2","https://www.awwwards.com/websites/portfolio/?page=65","https://assets.awwwards.com/awards/media/cache/thumb_880_660/submissions/2024/01/65aee25b1ed8f567351310.png","2024-01-26T09:56:51Z"
"Room","room","submission","Architecture | Business & Corporate | Web & Interactive | Animation | Big Background Images | Parallax | Portfolio | GSAP | Interaction Design | Footer Design | Webflow | Figma","https://www.awwwards.com/sites/room","https://www.awwwards.com/websites/portfolio/?page=27","https://assets.awwwards.com/awards/media/cache/thumb_880_660/submissions/2025/08/68a5ba96c0f24605343950.jpg","2025-08-29T11:46:43Z"
"RoqPoint Design Studios","roqpoint-design-studios","submission","Design Agencies | Mobile & Apps | Web & Interactive | Clean | HTML5 | Minimal | Portfolio | Scrolling | Responsive | UI design | Javascript | Sass","https://www.awwwards.com/sites/roqpoint-design-studios","https://www.awwwards.com/websites/portfolio/?page=25","https://assets.awwwards.com/awards/media/cache/thumb_880_660/submissions/2025/10/68dc82e1e20eb861817371.png","2025-10-12T11:27:16Z"
"Ros Nych | rN044","ros-nych-rn044","submission","Business & Corporate | Promotional | Web & Interactive | Animation | Big Background Images | Portfolio | Scrolling | Transitions | Photo & Video","https://www.awwwards.com/sites/ros-nych-rn044","https://www.awwwards.com/websites/portfolio/?page=35","https://assets.awwwards.com/awards/media/cache/thumb_880_660/submissions/2025/04/680bb9f15bf75150495137.jpg","2025-05-06T09:43:00Z"
"Rose Norgrove","rose-norgrove","submission","Design Agencies | Web & Interactive | Minimal | Portfolio | Typography | Transitions | Experimental | Gallery | Gestures / Interaction","https://www.awwwards.com/sites/rose-norgrove","https://www.awwwards.com/websites/portfolio/?page=51","https://assets.awwwards.com/awards/media/cache/thumb_880_660/submissions/2024/08/66b937e7d3283612875128.png","2024-08-21T06:00:56Z"
"Roshan Sahu - folio","roshan-sahu-folio","submission","Design Agencies | Other | Web & Interactive | Portfolio | GSAP | UI design | Next.js","https://www.awwwards.com/sites/roshan-sahu-folio","https://www.awwwards.com/websites/portfolio/?page=8","https://assets.awwwards.com/awards/media/cache/thumb_880_660/submissions/2026/06/6a34fc1650eec277657036.jpg","2026-07-06T09:38:00Z"
"Roshan Sahu - Portfolio","roshan-sahu-portfolio","submission","Web & Interactive | Animation | Portfolio | GSAP | UI design | next.js | Matter.js | Sass","https://www.awwwards.com/sites/roshan-sahu-portfolio","https://www.awwwards.com/websites/portfolio/?page=19","https://assets.awwwards.com/awards/media/cache/thumb_880_660/submissions/2026/01/69721b5064885367880222.png","2026-02-03T12:14:23Z"
"ROSS HALFIN PHOTOGRAPHY","ross-halfin-photography","submission","Photography | Gallery | WooCommerce | Culture & Education | Interaction Design | Music & Sound | Photo & Video | Clean | Photographic | Portfolio","https://www.awwwards.com/sites/ross-halfin-photography","https://www.awwwards.com/websites/portfolio/?page=6","https://assets.awwwards.com/awards/media/cache/thumb_880_660/submissions/2026/07/6a5cc0c32d892508714341.png","2026-08-02T13:23:00Z"
"RossMason®","rossmason-r","submission","Design Agencies | Promotional | Web & Interactive | Animation | Infinite Scroll | Minimal | Portfolio | Typography","https://www.awwwards.com/sites/rossmason-r","https://www.awwwards.com/websites/portfolio/?page=62","https://assets.awwwards.com/awards/media/cache/thumb_880_660/submissions/2024/02/65c4f9a6c7cba605264407.jpg","2024-02-27T00:00:00Z"
"Rōta","rota","submission","Design Agencies | Minimal | Portfolio | Typography","https://www.awwwards.com/sites/rota","https://www.awwwards.com/websites/portfolio/?page=49","https://assets.awwwards.com/awards/media/cache/thumb_880_660/submissions/2024/09/66defdd18de9e148810861.png","2024-09-23T06:13:40Z"
"Rothelowman","rothelowman-site","submission","Architecture | Big Background Images | Portfolio | Gallery | Menu - Vertical | Gestures / Interaction","https://www.awwwards.com/sites/rothelowman-site","https://www.awwwards.com/websites/portfolio/?page=47","https://assets.awwwards.com/awards/media/cache/thumb_880_660/submissions/2024/10/6703742d8c3cb878607098.jpg","2024-10-14T05:33:27Z"
"Rottor","rottor","submission","Business & Corporate | Events | Big Background Images | Colorful | Portfolio | Scrolling | Transitions | Experimental | Storytelling","https://www.awwwards.com/sites/rottor","https://www.awwwards.com/websites/portfolio/?page=50","https://assets.awwwards.com/awards/media/cache/thumb_880_660/submissions/2024/09/66d6a20e6a725783154275.jpg","2024-09-03T05:44:43Z"
"Roud Studio","roud-studio-1","submission","Art & Illustration | Design Agencies | Web & Interactive | Navigation Menu | Portfolio | Menu - Vertical","https://www.awwwards.com/sites/roud-studio-1","https://www.awwwards.com/websites/portfolio/?page=66","https://assets.awwwards.com/awards/media/cache/thumb_880_660/submissions/2024/01/6593f96dced82681031974.jpg","2024-01-08T09:59:51Z"
"RS69 — Rogue Signal","rs69-rogue-signal","submission","Art & Illustration | Promotional | Web & Interactive | Animation | Parallax | Portfolio | WebGL | Storytelling | 3D | Interaction Design | Javascript | Canvas API","https://www.awwwards.com/sites/rs69-rogue-signal","https://www.awwwards.com/websites/portfolio/?page=13","https://assets.awwwards.com/awards/media/cache/thumb_880_660/submissions/2026/04/69e5b1d8944f0000830406.png","2026-04-29T09:26:00Z"
"rubenmarcus.dev portfolio","rubenmarcus-dev-portfolio","submission","Technology | Web & Interactive | Animation | Big Background Images | Fullscreen | Portfolio | Video | Experimental | 3D | Svelte | Tailwind | Typescript","https://www.awwwards.com/sites/rubenmarcus-dev-portfolio","https://www.awwwards.com/websites/portfolio/?page=17","https://assets.awwwards.com/awards/media/cache/thumb_880_660/submissions/2026/02/698fdef5ce5ee450198988.png","2026-02-28T18:45:08Z"
"Rückie","ruckie","submission","Business & Corporate | Games & Entertainment | Web & Interactive | Animation | Portfolio | Single page | Responsive | Three.js | React | Gestures / Interaction | About Page | Lottie","https://www.awwwards.com/sites/ruckie","https://www.awwwards.com/websites/portfolio/?page=22","https://assets.awwwards.com/awards/media/cache/thumb_880_660/submissions/2025/12/693496dd6a1e1916899077.png","2025-12-18T10:29:19Z"
"Run For The Hills","run-for-the-hills-1","submission","Art & Illustration | Design Agencies | Graphic design | Portfolio | Storytelling | Photo & Video | Project Page | Contentful | Webflow","https://www.awwwards.com/sites/run-for-the-hills-1","https://www.awwwards.com/websites/portfolio/?page=27","https://assets.awwwards.com/awards/media/cache/thumb_880_660/submissions/2025/08/68ada586c73d4940060046.jpg","2025-09-06T14:33:22Z"
"Russell Numo ~ Portfolio","russell-numo-portfolio","submission","Web & Interactive | CSS | HTML5 | Portfolio | Typography | UI design | Microinteractions | Javascript","https://www.awwwards.com/sites/russell-numo-portfolio","https://www.awwwards.com/websites/portfolio/?page=8","https://assets.awwwards.com/awards/media/cache/thumb_880_660/submissions/2026/06/6a3946aee4686357124616.png","2026-07-09T08:48:00Z"
"RXK Studio","rxk-studio","submission","Design Agencies | Web & Interactive | Animation | Minimal | Portfolio | Typography | Transitions | Interaction Design","https://www.awwwards.com/sites/rxk-studio","https://www.awwwards.com/websites/portfolio/?page=56","https://assets.awwwards.com/awards/media/cache/thumb_880_660/submissions/2024/05/6641ec9280fd2001843723.png","2024-05-30T00:00:00Z"
"Ryan Ritzenthaler Portfolio V2","ryan-ritzenthaler-portfolio-v2","submission","Business & Corporate | Web & Interactive | Parallax | Portfolio | Scrolling | Three.js | 3D | Interaction Design | next.js | Prismic | Next.js","https://www.awwwards.com/sites/ryan-ritzenthaler-portfolio-v2","https://www.awwwards.com/websites/portfolio/?page=8","https://assets.awwwards.com/awards/media/cache/thumb_880_660/submissions/2026/06/6a34a1ceb7de5831920200.png","2026-07-06T09:35:00Z"
"Rylan Phillips","rylan-phillips","submission","Web & Interactive | Animation | Minimal | Portfolio | Typography | Transitions | GSAP | Microinteractions | BARBA.js | Webflow","https://www.awwwards.com/sites/rylan-phillips","https://www.awwwards.com/websites/portfolio/?page=22","https://assets.awwwards.com/awards/media/cache/thumb_880_660/submissions/2025/12/693588f8e6e8a702619968.jpg","2025-12-18T10:30:00Z"
"s-edwards.com","s-edwards-com","submission","Architecture | Art & Illustration | Wordpress | Portfolio | Illustration | 3D","https://www.awwwards.com/sites/s-edwards-com","https://www.awwwards.com/websites/portfolio/?page=26","https://assets.awwwards.com/awards/media/cache/thumb_880_660/submissions/2025/09/68bedfce738e2735309351.jpg","2025-09-21T15:10:15Z"
"S.A MISHRA - PORTFOLIO","s-a-mishra-portfolio","submission","Art & Illustration | Clean | Graphic design | Minimal | Portfolio | Responsive | UI design","https://www.awwwards.com/sites/s-a-mishra-portfolio","https://www.awwwards.com/websites/portfolio/?page=37","https://assets.awwwards.com/awards/media/cache/thumb_880_660/submissions/2025/03/67e574a09db50353563259.png","2025-03-28T06:50:39Z"
"s0","s0","submission","Illustration | Transitions | React | Mobile & Apps | UI design | Web & Interactive | Startups | Clean | Figma | Portfolio | Blender | Responsive Design","https://www.awwwards.com/sites/s0","https://www.awwwards.com/websites/portfolio/?page=6","https://assets.awwwards.com/awards/media/cache/thumb_880_660/submissions/2026/07/6a66a44f9ad6b517392550.png","2026-08-10T09:04:00Z"
"S4Studio","s4studio-1","submission","Design Agencies | Clean | Graphic design | Minimal | Parallax | Portfolio | Responsive","https://www.awwwards.com/sites/s4studio-1","https://www.awwwards.com/websites/portfolio/?page=42","https://assets.awwwards.com/awards/media/cache/thumb_880_660/submissions/2025/01/6779b090df8f8821315099.jpg","2025-01-13T07:31:05Z"
"Sabyasachi Official Website","sabyasachi-official-website","submission","Fashion | Colorful | Fullscreen | Portfolio | Responsive Design | Typography | Content architecture | Luxury","https://www.awwwards.com/sites/sabyasachi-official-website","https://www.awwwards.com/websites/portfolio/?page=31","https://assets.awwwards.com/awards/media/cache/thumb_880_660/submissions/2025/06/685569031d90e058071373.png","2025-07-09T10:24:00Z"
"Sage East","sage-east","submission","Web & Interactive | Clean | Photographic | Portfolio | Photography | Transitions | Experimental | UI design | Microinteractions | Webflow","https://www.awwwards.com/sites/sage-east","https://www.awwwards.com/websites/portfolio/?page=62","https://assets.awwwards.com/awards/media/cache/thumb_880_660/submissions/2024/02/65c36b1ff0037907751412.jpg","2024-02-29T00:00:00Z"
"Sai Narayanan","sai-narayanan","submission","Mobile & Apps | Promotional | Web & Interactive | Animation | Minimal | Portfolio | Interaction Design | UI design | Contentful","https://www.awwwards.com/sites/sai-narayanan","https://www.awwwards.com/websites/portfolio/?page=33","https://assets.awwwards.com/awards/media/cache/thumb_880_660/submissions/2025/05/682491c9a0932077927821.jpg","2025-05-30T09:32:19Z"
"Sal Costa","sal-costa","submission","Design Agencies | Web & Interactive | Animation | Portfolio | Transitions | Responsive | Interaction Design | UI design","https://www.awwwards.com/sites/sal-costa","https://www.awwwards.com/websites/portfolio/?page=32","https://assets.awwwards.com/awards/media/cache/thumb_880_660/submissions/2025/05/683a2d7e95301903900343.png","2025-06-18T08:40:40Z"
"SALT AND PEPPER","salt-and-pepper","submission","Design Agencies | Technology | Web & Interactive | Portfolio | Gallery | 3D | Forms and Input | Filters and Effects | Motion","https://www.awwwards.com/sites/salt-and-pepper","https://www.awwwards.com/websites/portfolio/?page=49","https://assets.awwwards.com/awards/media/cache/thumb_880_660/submissions/2024/08/66bf6220c6008001329096.png","2024-09-19T00:00:00Z"
"Sam Stoof","sam-stoof","submission","Design Agencies | Technology | Clean | Flat Design | Graphic design | Minimal | Portfolio | Typography | Startups | Figma | Adobe Illustrator | Framer","https://www.awwwards.com/sites/sam-stoof","https://www.awwwards.com/websites/portfolio/?page=16","https://assets.awwwards.com/awards/media/cache/thumb_880_660/submissions/2026/02/69a2b6d0212b2605897742.png","2026-03-14T11:39:14Z"
"Samu Clima","samu-clima","submission","Storytelling | Art & Illustration | Three.js | Web & Interactive | 3D | Graphic design | Interaction Design | Portfolio | Javascript | Typography | WebGL | Experimental","https://www.awwwards.com/sites/samu-clima","https://www.awwwards.com/websites/portfolio/?page=4","https://assets.awwwards.com/awards/media/cache/thumb_880_660/submissions/2026/08/6a7e1c7c07f84990086790.jpg","2026-08-27T10:33:08Z"
"Samuel Scalzo — Portfolio","samuel-scalzo-portfolio-4","submission","Promotional | Web & Interactive | Portfolio | Typography | Transitions | Experimental | Interaction Design | UI design | Microinteractions","https://www.awwwards.com/sites/samuel-scalzo-portfolio-4","https://www.awwwards.com/websites/portfolio/?page=58","https://assets.awwwards.com/awards/media/cache/thumb_880_660/submissions/2024/04/661e2eec737b9298458759.png","2024-04-23T08:40:23Z"
"San Rita","san-rita","submission","Design Agencies | Web & Interactive | Animation | Portfolio | Unusual Navigation | WebGL | Experimental | Storytelling | 3D | UI design | Next.js | DatoCMS","https://www.awwwards.com/sites/san-rita","https://www.awwwards.com/websites/portfolio/?page=15","https://assets.awwwards.com/awards/media/cache/thumb_880_660/submissions/2026/02/699dbd299d44f400704436.jpg","2026-03-31T00:00:00Z"
"sanimani","sanimani","submission","Art & Illustration | Design Agencies | Web & Interactive | Minimal | Portfolio | Responsive Design | Storytelling | Interaction Design | Microinteractions | Lottie | Adobe Photoshop | Framer","https://www.awwwards.com/sites/sanimani","https://www.awwwards.com/websites/portfolio/?page=30","https://assets.awwwards.com/awards/media/cache/thumb_880_660/submissions/2025/07/6867972eb0edb913069886.jpg","2025-07-21T10:21:17Z"
"SANMIGUEL BRANDING AGENCY","sanmiguel-branding-agency","submission","Business & Corporate | Design Agencies | Web & Interactive | Clean | Parallax | Portfolio | Typography | Filters and Effects | Microinteractions","https://www.awwwards.com/sites/sanmiguel-branding-agency","https://www.awwwards.com/websites/portfolio/?page=38","https://assets.awwwards.com/awards/media/cache/thumb_880_660/submissions/2025/02/67bda00d4dfba934639492.jpg","2025-03-13T07:25:27Z"
"Sanni Sahil Portfolio","sanni-sahil-portfolio","submission","Web & Interactive | Horizontal Layout | Portfolio | Scrolling | Typography | Interaction Design | 404 pages","https://www.awwwards.com/sites/sanni-sahil-portfolio","https://www.awwwards.com/websites/portfolio/?page=60","https://assets.awwwards.com/awards/media/cache/thumb_880_660/submissions/2024/04/660ac2c71a4bb430007600.jpg","2024-04-10T08:29:11Z"
"Sasha Denisova - Portfolio","sasha-denisova-portfolio","submission","Design Agencies | Web & Interactive | Animation | Colorful | Portfolio | Filters and Effects | Interaction Design | UI design","https://www.awwwards.com/sites/sasha-denisova-portfolio","https://www.awwwards.com/websites/portfolio/?page=62","https://assets.awwwards.com/awards/media/cache/thumb_880_660/submissions/2024/02/65d51ffdd6009579187147.png","2024-02-27T09:22:48Z"
"SASHA KASIUHA","sasha-kasiuha","submission","Art & Illustration | Film & TV | Animation | Minimal | Portfolio | Responsive Design | Photography | Photo & Video | UI design","https://www.awwwards.com/sites/sasha-kasiuha","https://www.awwwards.com/websites/portfolio/?page=57","https://assets.awwwards.com/awards/media/cache/thumb_880_660/submissions/2024/04/6630667c6d979072902333.jpg","2024-05-08T08:03:03Z"
"Sasha Martynchuk","sasha-martynchuk","submission","Data Visualization | Gallery | GSAP | Design Agencies | UI design | Web & Interactive | Microinteractions | Parallax | Matter.js | Portfolio | WebGL","https://www.awwwards.com/sites/sasha-martynchuk","https://www.awwwards.com/websites/portfolio/?page=4","https://assets.awwwards.com/awards/media/cache/thumb_880_660/submissions/2026/08/6a827f3440346843704039.png","2026-08-30T13:42:28Z"
"Sasha Satchi","sasha-satchi","submission","Art & Illustration | Clean | Photographic | Portfolio | Photography | Gallery | UI design | Nuxt.js | Sanity","https://www.awwwards.com/sites/sasha-satchi","https://www.awwwards.com/websites/portfolio/?page=15","https://assets.awwwards.com/awards/media/cache/thumb_880_660/submissions/2026/03/69b7199388269516255100.png","2026-03-26T15:43:00Z"
"Sashen Fernandez Portfolio","sashen-fernandez-portfolio","submission","Hotel / Restaurant | Web & Interactive | Minimal | Photographic | Portfolio | Photography | UI design | About Page | Webflow | Figma","https://www.awwwards.com/sites/sashen-fernandez-portfolio","https://www.awwwards.com/websites/portfolio/?page=30","https://assets.awwwards.com/awards/media/cache/thumb_880_660/submissions/2025/07/686e33603e83e800532692.jpg","2025-07-26T16:16:54Z"
"Saud's PS2 Portfolio","sauds-ps2-portfolio","submission","Games & Entertainment | Web & Interactive | App Style | Portfolio | Retro | Unusual Navigation | WebGL | Experimental | Sound-Audio | Interaction Design | Javascript | Canvas API","https://www.awwwards.com/sites/sauds-ps2-portfolio","https://www.awwwards.com/websites/portfolio/?page=7","https://assets.awwwards.com/awards/media/cache/thumb_880_660/submissions/2026/07/6a4c494626bed526083800.png","2026-07-22T10:00:00Z"
"Saudi Research and Media Group","saudi-research-and-media-group","submission","Magazine / Newspaper / Blog | Culture & Education | Events | Clean | Portfolio | Scrolling | Interaction Design | Microinteractions","https://www.awwwards.com/sites/saudi-research-and-media-group","https://www.awwwards.com/websites/portfolio/?page=44","https://assets.awwwards.com/awards/media/cache/thumb_880_660/submissions/2024/11/673f005b0b640936174281.jpg","2024-12-02T07:13:55Z"
"Saumya Chaturvedi Portfolio","saumya-chaturvedi-portfolio","submission","Magazine / Newspaper / Blog | Technology | Web & Interactive | Clean | Minimal | Portfolio | Responsive Design | Menu - Vertical | Interaction Design | Motion | After Effects | Framer","https://www.awwwards.com/sites/saumya-chaturvedi-portfolio","https://www.awwwards.com/websites/portfolio/?page=23","https://assets.awwwards.com/awards/media/cache/thumb_880_660/submissions/2025/11/690704919d0ae841831654.png","2025-11-12T11:41:00Z"
"SAV1N Portfolio","sav1n-portfolio","submission","Design Agencies | Technology | Web & Interactive | Animation | Portfolio | Responsive Design | WebGL | Transitions | GSAP | UI design | 404 pages | Webflow","https://www.awwwards.com/sites/sav1n-portfolio","https://www.awwwards.com/websites/portfolio/?page=18","https://assets.awwwards.com/awards/media/cache/thumb_880_660/submissions/2026/02/6993617525ee3357547706.png","2026-02-21T12:47:55Z"
"SAVMEDIA","savmedia","submission","Clean | Minimal | Photographic | Portfolio | Photography | Gallery | Filters and Effects","https://www.awwwards.com/sites/savmedia","https://www.awwwards.com/websites/portfolio/?page=46","https://assets.awwwards.com/awards/media/cache/thumb_880_660/submissions/2024/10/6711e2321c820786594600.jpg","2024-10-29T07:21:27Z"
"Scanner Inc","scanner-inc","submission","Business & Corporate | Design Agencies | Web & Interactive | Clean | Photographic | Portfolio | UI design","https://www.awwwards.com/sites/scanner-inc","https://www.awwwards.com/websites/portfolio/?page=63","https://assets.awwwards.com/awards/media/cache/thumb_880_660/submissions/2024/02/65cc4f69ea823642156869.jpg","2024-02-14T09:58:34Z"
"Scheme Engine","scheme-engine","submission","Photography | GSAP | Three.js | Film & TV | Interaction Design | Web & Interactive | Fullscreen | Portfolio | WebGL","https://www.awwwards.com/sites/scheme-engine","https://www.awwwards.com/websites/portfolio/?page=6","https://assets.awwwards.com/awards/media/cache/thumb_880_660/submissions/2026/07/6a672e924eed3627181126.png","2026-08-08T10:59:08Z"
"SDCo Partners","sdco-partners","submission","Design Agencies | Promotional | Web & Interactive | Photographic | Portfolio | Typography | Gallery | Storytelling | Photo & Video","https://www.awwwards.com/sites/sdco-partners","https://www.awwwards.com/websites/portfolio/?page=59","https://assets.awwwards.com/awards/media/cache/thumb_880_660/submissions/2024/04/66102ba705b0f627160635.jpg","2024-04-10T08:29:42Z"
"Searchminds","searchminds","submission","Design Agencies | Web & Interactive | Animation | Minimal | Portfolio | Responsive Design | Footer Design | 404 pages","https://www.awwwards.com/sites/searchminds","https://www.awwwards.com/websites/portfolio/?page=68","https://assets.awwwards.com/awards/media/cache/thumb_880_660/submissions/2023/11/6565dd767b296319872830.png","2023-12-01T08:30:07Z"
"SEATED","seated","submission","Art & Illustration | Design Agencies | Food & Drink | Clean | Colorful | CSS | Portfolio | Typography | Illustration | UI design | Figma | Adobe Photoshop","https://www.awwwards.com/sites/seated","https://www.awwwards.com/websites/portfolio/?page=21","https://assets.awwwards.com/awards/media/cache/thumb_880_660/submissions/2025/12/6946a13891489832575672.jpg","2026-01-01T12:59:00Z"
"seb-astian","seb-astian","submission","Art & Illustration | Design Agencies | Photographic | Portfolio | Responsive Design | Retro | Unusual Navigation | Photography | Illustration","https://www.awwwards.com/sites/seb-astian","https://www.awwwards.com/websites/portfolio/?page=61","https://assets.awwwards.com/awards/media/cache/thumb_880_660/submissions/2024/03/65eb3884948ae798918668.jpg","2024-03-11T08:48:00Z"
"SEB® Portfolio","seb-r-portfolio","submission","Promotional | Clean | Minimal | Portfolio | Scrolling | Single page | Motion | Framer","https://www.awwwards.com/sites/seb-r-portfolio","https://www.awwwards.com/websites/portfolio/?page=63","https://assets.awwwards.com/awards/media/cache/thumb_880_660/submissions/2024/02/65ce29cf2feb9778450073.png","2024-02-21T08:42:00Z"
"Sebastian Wittig – Product Designer","sebastian-wittig-product-designer","submission","Business & Corporate | Design Agencies | Web & Interactive | Minimal | Portfolio | Responsive Design | Single page | Typography | UI design | Lottie | Javascript | Figma","https://www.awwwards.com/sites/sebastian-wittig-product-designer","https://www.awwwards.com/websites/portfolio/?page=8","https://assets.awwwards.com/awards/media/cache/thumb_880_660/submissions/2026/06/6a3a967815341495360711.png","2026-07-10T09:23:00Z"
"Sebastien Graf","sebastien-graf","submission","Technology | Web & Interactive | Animation | Colorful | Infinite Scroll | Portfolio | Typography | GSAP | Three.js | Project Page | Astro","https://www.awwwards.com/sites/sebastien-graf","https://www.awwwards.com/websites/portfolio/?page=23","https://assets.awwwards.com/awards/media/cache/thumb_880_660/submissions/2025/10/6900878adc2e3150025686.jpg","2025-11-09T14:42:36Z"
"Sébastien Lempens","sebastien-lempens","submission","Web & Interactive | Colorful | Portfolio | Scrolling | Transitions | 3D","https://www.awwwards.com/sites/sebastien-lempens","https://www.awwwards.com/websites/portfolio/?page=60","https://assets.awwwards.com/awards/media/cache/thumb_880_660/submissions/2024/02/65d73bca2e27a520579386.jpg","2024-03-29T00:00:00Z"
"Sébastien Morazzani-Marigny","sebastien-morazzani-marigny","submission","Business & Corporate | Web & Interactive | Portfolio | Responsive Design | SEO | Contact Page | Startups | next.js","https://www.awwwards.com/sites/sebastien-morazzani-marigny","https://www.awwwards.com/websites/portfolio/?page=66","https://assets.awwwards.com/awards/media/cache/thumb_880_660/submissions/2024/01/65974c7d50bc9576760271.png","2024-01-11T09:53:56Z"
"Secret Level","secret-level","submission","Film & TV | Promotional | Portfolio | Video | Transitions | GSAP | React | Filters and Effects | Photo & Video | next.js | Next.js","https://www.awwwards.com/sites/secret-level","https://www.awwwards.com/websites/portfolio/?page=15","https://assets.awwwards.com/awards/media/cache/thumb_880_660/submissions/2026/03/69b91938dad68059687621.png","2026-03-29T11:23:00Z"
"Sector 32 2025","sector-32-2025","submission","Design Agencies | Web & Interactive | Portfolio | Experimental | 3D | Interaction Design","https://www.awwwards.com/sites/sector-32-2025","https://www.awwwards.com/websites/portfolio/?page=60","https://assets.awwwards.com/awards/media/cache/thumb_880_660/submissions/2024/03/66088e3ac8b38948333276.png","2024-04-09T08:00:23Z"
"SEE ME","see-me","submission","Design Agencies | Film & TV | Big Background Images | Wordpress | Graphic design | Portfolio | Video | Photography | Gallery | Photo & Video | Vue.js | Nuxt.js","https://www.awwwards.com/sites/see-me","https://www.awwwards.com/websites/portfolio/?page=3","https://assets.awwwards.com/awards/media/cache/thumb_880_660/submissions/2026/08/6a83997f980f9596340040.png","2026-08-31T14:09:15Z"
"Seenk","seenk","submission","Art & Illustration | Design Agencies | Clean | Graphic design | Portfolio | Photography | Gallery | UI design | Project Page","https://www.awwwards.com/sites/seenk","https://www.awwwards.com/websites/portfolio/?page=65","https://assets.awwwards.com/awards/media/cache/thumb_880_660/submissions/2024/01/659fe2ee486e1517993157.jpg","2024-01-16T08:03:04Z"
"SELECT * FROM Brian","select-from-brian","submission","Games & Entertainment | Technology | Web & Interactive | Portfolio | Retro | Typography | Unusual Navigation | Sound-Audio | React | Interaction Design | Tailwind | Typescript","https://www.awwwards.com/sites/select-from-brian","https://www.awwwards.com/websites/portfolio/?page=20","https://assets.awwwards.com/awards/media/cache/thumb_880_660/submissions/2026/01/6969654391737491136999.jpg","2026-01-20T11:11:37Z"
"Selflux - Nick Cristea","selflux-nick-cristea","submission","Design Agencies | Web & Interactive | Colorful | Portfolio | Responsive Design | Vector | Experimental | Gallery | Three.js | React | UI design | P5.js","https://www.awwwards.com/sites/selflux-nick-cristea","https://www.awwwards.com/websites/portfolio/?page=14","https://assets.awwwards.com/awards/media/cache/thumb_880_660/submissions/2026/04/69cd89251310b887806236.png","2026-04-12T10:49:00Z"
"SENAWA","senawa","submission","Architecture | Business & Corporate | Animation | CSS | Minimal | Portfolio | Photography | React | Next.js","https://www.awwwards.com/sites/senawa","https://www.awwwards.com/websites/portfolio/?page=3","https://assets.awwwards.com/awards/media/cache/thumb_880_660/submissions/2026/08/6a87fa477d53e411066344.jpg","2026-09-05T15:14:15Z"
"Sergio Ayala | Art Director","sergio-ayala-art-director","submission","Portfolio | Responsive Design | SEO | Art & Illustration | Experimental | Web & Interactive | Interaction Design | CSS | UI design | Graphic design | Javascript | HTML5","https://www.awwwards.com/sites/sergio-ayala-art-director","https://www.awwwards.com/websites/portfolio/?page=6","https://assets.awwwards.com/awards/media/cache/thumb_880_660/submissions/2026/07/6a565e40cf867430145599.png","2026-07-29T08:35:00Z"
"Sergio Musel","sergio-musel","submission","Web & Interactive | CSS | Infinite Scroll | Minimal | Portfolio | Responsive Design | Photography | UI design | 404 pages | Figma | Framer","https://www.awwwards.com/sites/sergio-musel","https://www.awwwards.com/websites/portfolio/?page=22","https://assets.awwwards.com/awards/media/cache/thumb_880_660/submissions/2025/11/6928fbd4124b5854364045.png","2025-12-05T10:36:46Z"
"Sergio Riquelme","sergio-riquelme","submission","Art & Illustration | Other | Web & Interactive | Graphic design | Portfolio | Responsive Design | Illustration | UI design | Microinteractions","https://www.awwwards.com/sites/sergio-riquelme","https://www.awwwards.com/websites/portfolio/?page=34","https://assets.awwwards.com/awards/media/cache/thumb_880_660/submissions/2025/05/6821d1d16b5d9643374884.jpg","2025-05-27T09:56:42Z"
"Serhii Churilov","serhii-churilov","submission","Promotional | Web & Interactive | Animation | Portfolio | Typography | Transitions | Experimental | Photo & Video | About Page","https://www.awwwards.com/sites/serhii-churilov","https://www.awwwards.com/websites/portfolio/?page=31","https://assets.awwwards.com/awards/media/cache/thumb_880_660/submissions/2025/06/68582f89a8087915609744.png","2025-07-10T10:58:00Z"
"Seth Lukin","seth-lukin","submission","Other | Web & Interactive | Animation | Clean | Colorful | Graphic design | Portfolio | Experimental | Lottie | Figma | Framer","https://www.awwwards.com/sites/seth-lukin","https://www.awwwards.com/websites/portfolio/?page=26","https://assets.awwwards.com/awards/media/cache/thumb_880_660/submissions/2025/09/68c2004480514484698445.png","2025-09-23T10:25:06Z"
"Shader Development Studio","shader-development-studio","submission","Business & Corporate | Web & Interactive | Portfolio | Retro | WebGL | Experimental | Storytelling | Three.js | React | 3D | 404 pages | next.js","https://www.awwwards.com/sites/shader-development-studio","https://www.awwwards.com/websites/portfolio/?page=13","https://assets.awwwards.com/awards/media/cache/thumb_880_660/submissions/2026/03/69c68fdd02c88210050478.jpg","2026-04-20T00:00:00Z"
"Shaga","shaga","submission","Business & Corporate | Design Agencies | Web & Interactive | Clean | Minimal | Portfolio | Responsive Design | Single page | UI design | Webflow","https://www.awwwards.com/sites/shaga","https://www.awwwards.com/websites/portfolio/?page=50","https://assets.awwwards.com/awards/media/cache/thumb_880_660/submissions/2024/08/66c860f73471c625339768.png","2024-09-03T05:49:00Z"
"Shakuro","shakuro","submission","Design Agencies | Web & Interactive | Portfolio | Responsive Design | SEO | Video | Responsive | About Page","https://www.awwwards.com/sites/shakuro","https://www.awwwards.com/websites/portfolio/?page=32","https://assets.awwwards.com/awards/media/cache/thumb_880_660/submissions/2025/06/684173053a029978052096.png","2025-06-23T09:24:00Z"
"Shane Collier","shane-collier","submission","Promotional | Web & Interactive | Clean | Graphic design | Portfolio | Typography | UI design | Project Page","https://www.awwwards.com/sites/shane-collier","https://www.awwwards.com/websites/portfolio/?page=45","https://assets.awwwards.com/awards/media/cache/thumb_880_660/submissions/2024/11/6732c29cc7071003200542.jpg","2024-11-20T10:21:08Z"
"Shane Sayers Portfolio","shane-sayers-portfolio","submission","Art & Illustration | Technology | Web & Interactive | Animation | Graphic design | Portfolio | Retro | Typography | Storytelling | Webflow | Figma | Adobe Photoshop","https://www.awwwards.com/sites/shane-sayers-portfolio","https://www.awwwards.com/websites/portfolio/?page=18","https://assets.awwwards.com/awards/media/cache/thumb_880_660/submissions/2026/02/6985a2e1757f3832748519.png","2026-02-18T12:22:00Z"
"Shapeshyft Studio","shapeshyft-studio","submission","Technology | Web & Interactive | Clean | Portfolio | Single page | Gallery | UI design | Startups","https://www.awwwards.com/sites/shapeshyft-studio","https://www.awwwards.com/websites/portfolio/?page=56","https://assets.awwwards.com/awards/media/cache/thumb_880_660/submissions/2024/05/664233875eeeb543240487.png","2024-05-21T05:04:56Z"
"Shaun Scholtz Product Designer","shaun-scholtz-product-designer","submission","Transitions | Storytelling | GSAP | Promotional | Interaction Design | Web & Interactive | About Page | CSS | Astro | Photographic | Portfolio","https://www.awwwards.com/sites/shaun-scholtz-product-designer","https://www.awwwards.com/websites/portfolio/?page=5","https://assets.awwwards.com/awards/media/cache/thumb_880_660/submissions/2026/07/6a6baf25333b2913464284.png","2026-08-13T09:59:54Z"
"Shchebet Design","shchebet-design","submission","Design Agencies | Web & Interactive | Clean | Minimal | Portfolio | Responsive Design | Web Fonts | UI design | Figma | Framer","https://www.awwwards.com/sites/shchebet-design","https://www.awwwards.com/websites/portfolio/?page=23","https://assets.awwwards.com/awards/media/cache/thumb_880_660/submissions/2025/11/690e112d81e96061206083.png","2025-11-12T11:43:29Z"
"Shengjie Wu — Design Portfolio","shengjie-wu-design-portfolio","submission","Culture & Education | Design Agencies | Clean | Graphic design | Minimal | Portfolio | Unusual Navigation | Project Page | Webflow | After Effects | Adobe Photoshop","https://www.awwwards.com/sites/shengjie-wu-design-portfolio","https://www.awwwards.com/websites/portfolio/?page=19","https://assets.awwwards.com/awards/media/cache/thumb_880_660/submissions/2026/01/697c5e3f5e470872306264.jpg","2026-02-10T11:52:00Z"
"Shifton","shifton","submission","Design Agencies | Graphic design | Portfolio | Responsive Design | Storytelling | Gestures / Interaction | UI design | Startups | Social responsibility","https://www.awwwards.com/sites/shifton","https://www.awwwards.com/websites/portfolio/?page=44","https://assets.awwwards.com/awards/media/cache/thumb_880_660/submissions/2024/11/673dc8de686af577729375.png","2024-11-29T06:24:51Z"
"Shikha Sethi","shikha-sethi","submission","Mobile & Apps | Technology | Web & Interactive | Animation | Portfolio | Gestures / Interaction | Interaction Design | UI design | Microinteractions | Framer","https://www.awwwards.com/sites/shikha-sethi","https://www.awwwards.com/websites/portfolio/?page=65","https://assets.awwwards.com/awards/media/cache/thumb_880_660/submissions/2024/01/65afdc8834759861859404.jpg","2024-01-29T08:21:24Z"
"Shining","shining","submission","Art & Illustration | Web & Interactive | Colorful | Portfolio | Typography | Experimental | Storytelling | GSAP | Three.js | GLSL | 3D | Interaction Design","https://www.awwwards.com/sites/shining","https://www.awwwards.com/websites/portfolio/?page=11","https://assets.awwwards.com/awards/media/cache/thumb_880_660/submissions/2026/05/6a053354a760d926593465.png","2026-05-26T09:24:00Z"
"SHINYA OKANO / PORTFOLIO","shinya-okano-portfolio","submission","Art & Illustration | Web & Interactive | Animation | Graphic design | Portfolio | Scrolling | Typography | Photo & Video","https://www.awwwards.com/sites/shinya-okano-portfolio","https://www.awwwards.com/websites/portfolio/?page=58","https://assets.awwwards.com/awards/media/cache/thumb_880_660/submissions/2024/03/65ed4c31ee2b9838277798.jpg","2024-05-06T08:33:14Z"
"SHIO","shio","submission","Design Agencies | Web & Interactive | Colorful | CSS | Portfolio | Scrolling | Typography | WebGL | Experimental | Interaction Design | Microinteractions | Nuxt.js","https://www.awwwards.com/sites/shio","https://www.awwwards.com/websites/portfolio/?page=19","https://assets.awwwards.com/awards/media/cache/thumb_880_660/submissions/2026/01/69789949517b6318179520.png","2026-02-06T11:15:00Z"
"Shirakaba Studio","shirakaba-studio","submission","Architecture | Design Agencies | Animation | Clean | Portfolio | Typography | Header Design | Footer Design","https://www.awwwards.com/sites/shirakaba-studio","https://www.awwwards.com/websites/portfolio/?page=61","https://assets.awwwards.com/awards/media/cache/thumb_880_660/submissions/2024/03/65fa1866168ee210429043.png","2024-03-25T09:26:13Z"
"Shoya Kajita – Portfolio","shoya-kajita-portfolio","submission","Web & Interactive | Animation | Portfolio | WebGL | Experimental | Three.js | GLSL | 3D | Gestures / Interaction | Filters and Effects","https://www.awwwards.com/sites/shoya-kajita-portfolio","https://www.awwwards.com/websites/portfolio/?page=19","https://assets.awwwards.com/awards/media/cache/thumb_880_660/submissions/2026/01/69735134c8978676035181.png","2026-02-04T11:44:00Z"
"Shreejal Maharjan","shreejal-maharjan","submission","Technology | Web & Interactive | Clean | Minimal | Portfolio | Single page | Three.js | About Page | Webflow | Tailwind","https://www.awwwards.com/sites/shreejal-maharjan","https://www.awwwards.com/websites/portfolio/?page=26","https://assets.awwwards.com/awards/media/cache/thumb_880_660/submissions/2025/09/68c5fbc1d8396596264535.png","2025-09-29T07:49:55Z"
"sibaldesign","sibaldesign","submission","Design Agencies | Web & Interactive | Animation | CSS | Photographic | Portfolio | Retro | SVG | Typography | Photography | Interaction Design | Javascript","https://www.awwwards.com/sites/sibaldesign","https://www.awwwards.com/websites/portfolio/","https://assets.awwwards.com/awards/media/cache/thumb_880_660/submissions/2026/09/6aa3993434dc0815014881.png","2026-09-24T09:16:02Z"
"Sid Thailand","sid-thailand","submission","Architecture | Hotel / Restaurant | Portfolio | Real Estate | UI design","https://www.awwwards.com/sites/sid-thailand","https://www.awwwards.com/websites/portfolio/?page=31","https://assets.awwwards.com/awards/media/cache/thumb_880_660/submissions/2025/06/685437f73bcca800755341.jpg","2025-07-07T09:52:18Z"
"Sidewave","sidewave","submission","Business & Corporate | Technology | Web & Interactive | Animation | HTML5 | Portfolio | Unusual Navigation | WebGL | Storytelling | 3D | Interaction Design | Unity","https://www.awwwards.com/sites/sidewave","https://www.awwwards.com/websites/portfolio/?page=11","https://assets.awwwards.com/awards/media/cache/thumb_880_660/submissions/2026/04/69dfaa93df81c440908930.png","2026-05-22T00:00:00Z"
"Siempreric","siempreric","submission","Promotional | Web & Interactive | Photographic | Portfolio | Photography | Gallery | Responsive | GSAP | Interaction Design | Photo & Video | Figma | Astro","https://www.awwwards.com/sites/siempreric","https://www.awwwards.com/websites/portfolio/?page=18","https://assets.awwwards.com/awards/media/cache/thumb_880_660/submissions/2026/02/698760900c3b1482367064.jpg","2026-02-21T12:49:48Z"
"Signal-A Studio","signal-a-studio","submission","Typography | Webflow | Figma | Design Agencies | Web & Interactive | Clean | Minimal | Portfolio","https://www.awwwards.com/sites/signal-a-studio","https://www.awwwards.com/websites/portfolio/?page=3","https://assets.awwwards.com/awards/media/cache/thumb_880_660/submissions/2026/01/69761964571b9601514717.jpg","2026-09-01T13:10:05Z"
"SILEENT","sileent","submission","Business & Corporate | Design Agencies | Technology | Clean | Minimal | Portfolio | GSAP | Three.js | Nuxt.js","https://www.awwwards.com/sites/sileent","https://www.awwwards.com/websites/portfolio/?page=19","https://assets.awwwards.com/awards/media/cache/thumb_880_660/submissions/2026/01/695fb9032894a562447524.jpg","2026-02-10T00:00:00Z"
"Silent House","silent-house","submission","Events | Film & TV | Music & Sound | Clean | CSS | Minimal | Navigation Menu | Portfolio | GSAP | Project Page | Figma","https://www.awwwards.com/sites/silent-house","https://www.awwwards.com/websites/portfolio/?page=13","https://assets.awwwards.com/awards/media/cache/thumb_880_660/submissions/2026/04/69dbe88e993f2144574924.jpg","2026-04-28T00:00:00Z"
"Silent Partners Studio","silent-partners-studio","submission","Design Agencies | Music & Sound | Technology | Portfolio | Video | Transitions | Photo & Video | Webflow | Figma","https://www.awwwards.com/sites/silent-partners-studio","https://www.awwwards.com/websites/portfolio/?page=8","https://assets.awwwards.com/awards/media/cache/thumb_880_660/submissions/2026/06/6a39d44f26114402680067.jpg","2026-07-09T08:57:07Z"
"Silvia Malavasi Portfolio","silvia-malavasi-portfolio","submission","Web & Interactive | Portfolio | Scrolling | Unusual Navigation | Experimental | Storytelling | GSAP | Three.js | React | Interaction Design | UI design","https://www.awwwards.com/sites/silvia-malavasi-portfolio","https://www.awwwards.com/websites/portfolio/","https://assets.awwwards.com/awards/media/cache/thumb_880_660/submissions/2026/09/6aa122b49b2b0051018688.jpg","2026-09-22T09:40:20Z"
"SIMARRO LOZANO","simarro-lozano","submission","Film & TV | Portfolio | Photo & Video","https://www.awwwards.com/sites/simarro-lozano","https://www.awwwards.com/websites/portfolio/?page=68","https://assets.awwwards.com/awards/media/cache/thumb_880_660/submissions/2023/11/6561e8bea7790461689286.jpg","2023-12-10T00:00:00Z"
"Simon Corry","simon-corry-1","submission","Games & Entertainment | Web & Interactive | Clean | Minimal | Portfolio | Retro | Microinteractions","https://www.awwwards.com/sites/simon-corry-1","https://www.awwwards.com/websites/portfolio/?page=54","https://assets.awwwards.com/awards/media/cache/thumb_880_660/submissions/2024/06/667614995b953935530911.jpg","2024-06-28T06:07:29Z"
"SIMON TESSIER PORTFOLIO","simon-tessier-portfolio","submission","Games & Entertainment | Promotional | Animation | Colorful | Portfolio | Experimental | 3D","https://www.awwwards.com/sites/simon-tessier-portfolio","https://www.awwwards.com/websites/portfolio/?page=63","https://assets.awwwards.com/awards/media/cache/thumb_880_660/submissions/2024/02/65c39471c8c9e696857011.jpg","2024-02-13T09:52:44Z"
"Simone – 3D Space Experience","simone-3d-space-experience","submission","Technology | Web & Interactive | Animation | Graphic design | Portfolio | Unusual Navigation | Experimental | Responsive | Three.js | 3D | Vue.js | Sass","https://www.awwwards.com/sites/simone-3d-space-experience","https://www.awwwards.com/websites/portfolio/?page=30","https://assets.awwwards.com/awards/media/cache/thumb_880_660/submissions/2025/07/686fcbbbb5d22627173801.png","2025-07-28T09:43:00Z"
"Simonholm.studio","simonholm-studio","submission","Design Agencies | Promotional | Clean | Portfolio | Interaction Design | Webflow","https://www.awwwards.com/sites/simonholm-studio","https://www.awwwards.com/websites/portfolio/?page=12","https://assets.awwwards.com/awards/media/cache/thumb_880_660/submissions/2026/02/69945c4e1576a352522808.jpg","2026-05-09T00:00:00Z"
"Sin Tesis Studio","sin-tesis-studio","submission","Design Agencies | Web & Interactive | Animation | Graphic design | Portfolio | Transitions | Experimental | Interaction Design | UI design","https://www.awwwards.com/sites/sin-tesis-studio","https://www.awwwards.com/websites/portfolio/?page=40","https://assets.awwwards.com/awards/media/cache/thumb_880_660/submissions/2025/02/67a253c09937b824535187.png","2025-02-16T16:18:12Z"
"Sirnik","sirnik","submission","Design Agencies | Web & Interactive | Animation | Clean | Minimal | Portfolio | GSAP | Interaction Design | UI design | Webflow | Figma","https://www.awwwards.com/sites/sirnik","https://www.awwwards.com/websites/portfolio/?page=15","https://assets.awwwards.com/awards/media/cache/thumb_880_660/submissions/2026/03/69b82ec167db0445625475.png","2026-03-28T12:32:00Z"
"SK | Photographer","sk-photographer","submission","Design Agencies | Clean | Photographic | Portfolio | Typography | Photography | Gallery | UI design","https://www.awwwards.com/sites/sk-photographer","https://www.awwwards.com/websites/portfolio/?page=35","https://assets.awwwards.com/awards/media/cache/thumb_880_660/submissions/2025/04/680bc09f1df52592393402.png","2025-04-29T05:33:00Z"
"Skizophonic","skizophonic","submission","Music & Sound | Web & Interactive | Clean | Flat Design | Minimal | Portfolio | Transitions | GSAP | Microinteractions | Nuxt.js | Tailwind","https://www.awwwards.com/sites/skizophonic","https://www.awwwards.com/websites/portfolio/?page=25","https://assets.awwwards.com/awards/media/cache/thumb_880_660/submissions/2025/10/68dd1b1ecf614785037134.png","2025-10-13T09:44:54Z"
"Skyller","skyller","submission","Business & Corporate | Technology | Clean | Minimal | Photographic | Portfolio | Responsive Design | UI design","https://www.awwwards.com/sites/skyller","https://www.awwwards.com/websites/portfolio/?page=40","https://assets.awwwards.com/awards/media/cache/thumb_880_660/submissions/2025/01/67972df2c7b79769171047.png","2025-02-10T07:11:00Z"
"Slap Apps","slap-apps","submission","Design Agencies | Web & Interactive | Animation | Clean | Portfolio | Responsive Design | Scrolling | SEO | Startups | Nuxt.js | Anime.js | Figma","https://www.awwwards.com/sites/slap-apps","https://www.awwwards.com/websites/portfolio/?page=24","https://assets.awwwards.com/awards/media/cache/thumb_880_660/submissions/2025/10/68fa118f0c486201899514.png","2025-11-03T11:36:57Z"
"Slidor - Agence PowerPoint","slidor-agence-powerpoint","submission","Business & Corporate | Design Agencies | Animation | Big Background Images | Fullscreen | Navigation Menu | Portfolio | Typography","https://www.awwwards.com/sites/slidor-agence-powerpoint","https://www.awwwards.com/websites/portfolio/?page=59","https://assets.awwwards.com/awards/media/cache/thumb_880_660/submissions/2024/04/660e99438fc49425239482.png","2024-04-11T07:56:51Z"
"SLY","sly","submission","Portfolio | Scrolling | Typography | Transitions | Design Agencies | GSAP | Technology | Three.js | Web & Interactive | React | Minimal | Interaction Design","https://www.awwwards.com/sites/sly","https://www.awwwards.com/websites/portfolio/?page=6","https://assets.awwwards.com/awards/media/cache/thumb_880_660/submissions/2026/08/6a7631a96c9df097931668.png","2026-08-09T13:25:00Z"
"Small Town Witches","small-town-witches","submission","Design Agencies | Film & TV | Web & Interactive | Portfolio | Single page | Gallery | Menu - Horizontal | Photo & Video | UI design | Webflow | Javascript | Figma","https://www.awwwards.com/sites/small-town-witches","https://www.awwwards.com/websites/portfolio/?page=25","https://assets.awwwards.com/awards/media/cache/thumb_880_660/submissions/2025/09/68d2928988c14081660995.png","2025-10-05T17:35:11Z"
"Smedvig Ventures","smedvig-ventures","submission","Business & Corporate | Clean | Icons | Portfolio | Illustration | Storytelling | UI design","https://www.awwwards.com/sites/smedvig-ventures","https://www.awwwards.com/websites/portfolio/?page=55","https://assets.awwwards.com/awards/media/cache/thumb_880_660/submissions/2024/05/665738a81410b893565533.jpg","2024-06-05T08:00:26Z"
"Smile","smile","submission","Film & TV | Portfolio | Video | Footer Design","https://www.awwwards.com/sites/smile","https://www.awwwards.com/websites/portfolio/?page=35","https://assets.awwwards.com/awards/media/cache/thumb_880_660/submissions/2025/04/6804fb21d80e8262920393.png","2025-05-08T00:00:00Z"
"Snowhouse | Year in Review","snowhouse-year-in-review-2024","submission","Design Agencies | Web & Interactive | Animation | Colorful | Flat Design | Portfolio | Microinteractions | Footer Design","https://www.awwwards.com/sites/snowhouse-year-in-review-2024","https://www.awwwards.com/websites/portfolio/?page=41","https://assets.awwwards.com/awards/media/cache/thumb_880_660/submissions/2025/01/67853718b87b9108853127.png","2025-01-24T06:50:07Z"
"Sobhan Afsarian","sobhan-afsarian","submission","Film & TV | Music & Sound | Clean | Minimal | Portfolio | Transitions | Sound-Audio | Microinteractions","https://www.awwwards.com/sites/sobhan-afsarian","https://www.awwwards.com/websites/portfolio/?page=38","https://assets.awwwards.com/awards/media/cache/thumb_880_660/submissions/2025/02/67b39f878cb68728545443.png","2025-03-04T07:03:00Z"
"SOCIETY STUDIOS®","society-studios-r","submission","Business & Corporate | Design Agencies | Web & Interactive | Animation | Wordpress | Fullscreen | Portfolio | Typography | 3D | Microinteractions | After Effects | Figma","https://www.awwwards.com/sites/society-studios-r","https://www.awwwards.com/websites/portfolio/?page=28","https://assets.awwwards.com/awards/media/cache/thumb_880_660/submissions/2025/07/688a05525344d226956112.jpg","2025-08-14T13:43:20Z"
"Sofia Shcherbak","sofia-shcherbak","submission","Fashion | Technology | Infinite Scroll | Portfolio | Scrolling | Photography | Transitions | Gallery | Filters and Effects","https://www.awwwards.com/sites/sofia-shcherbak","https://www.awwwards.com/websites/portfolio/?page=60","https://assets.awwwards.com/awards/media/cache/thumb_880_660/submissions/2024/03/65f967553fd86628954484.jpg","2024-04-07T00:00:00Z"
"SOFIAT NAFIU - PORTFOLIO","sofiat-nafiu-portfolio","submission","Technology | Web & Interactive | Colorful | Graphic design | Portfolio | Copy design | Interaction Design | UI design | Startups | Vercel | Figma","https://www.awwwards.com/sites/sofiat-nafiu-portfolio","https://www.awwwards.com/websites/portfolio/?page=24","https://assets.awwwards.com/awards/media/cache/thumb_880_660/submissions/2025/10/68efc7bd95068727806184.png","2025-10-27T11:18:23Z"
"SOHub","sohub","submission","Design Agencies | Technology | Web & Interactive | Clean | Minimal | Portfolio | Transitions | GSAP | Contact Page | Footer Design | Next.js | Sanity","https://www.awwwards.com/sites/sohub","https://www.awwwards.com/websites/portfolio/?page=10","https://assets.awwwards.com/awards/media/cache/thumb_880_660/submissions/2026/03/69ca8f6407dce906025413.png","2026-06-07T00:00:00Z"
"sokolovski.pro","sokolovski-pro","submission","Clean | Javascript | CSS | HTML5 | Minimal | Portfolio | Typography | Design Agencies | Gallery | Web & Interactive | UI design","https://www.awwwards.com/sites/sokolovski-pro","https://www.awwwards.com/websites/portfolio/?page=4","https://assets.awwwards.com/awards/media/cache/thumb_880_660/submissions/2026/08/6a7fef8fa50ff033579780.png","2026-08-28T09:26:23Z"
"Solstice","solstice","submission","Design Agencies | Animation | Clean | Wordpress | Graphic design | Minimal | Portfolio | GSAP | Project Page | Tailwind","https://www.awwwards.com/sites/solstice","https://www.awwwards.com/websites/portfolio/?page=19","https://assets.awwwards.com/awards/media/cache/thumb_880_660/submissions/2026/01/69791c6e43f0b111181280.jpg","2026-02-05T11:23:00Z"
"Solvstrom","solvstrom","submission","Promotional | Clean | Minimal | Portfolio | Typography | Transitions | Responsive | Framer","https://www.awwwards.com/sites/solvstrom","https://www.awwwards.com/websites/portfolio/?page=57","https://assets.awwwards.com/awards/media/cache/thumb_880_660/submissions/2024/05/664245e5b6c83599755291.jpg","2024-05-15T08:16:51Z"
"Somerville","somerville","submission","Architecture | Business & Corporate | CSS | Minimal | Navigation Menu | Portfolio | Gallery | Craft CMS | UI design | Microinteractions | Vue.js | Luxury","https://www.awwwards.com/sites/somerville","https://www.awwwards.com/websites/portfolio/?page=20","https://assets.awwwards.com/awards/media/cache/thumb_880_660/submissions/2026/01/695f6ac22d29b494695530.jpg","2026-01-18T13:35:52Z"
"Sonar Music","sonar-music","submission","Design Agencies | Film & TV | Music & Sound | Portfolio | Transitions | UI design | Microinteractions | Footer Design | 404 pages","https://www.awwwards.com/sites/sonar-music","https://www.awwwards.com/websites/portfolio/?page=53","https://assets.awwwards.com/awards/media/cache/thumb_880_660/submissions/2024/06/66795e3839325393527706.jpg","2024-07-16T00:00:00Z"
"Sonya Pesselev Portfolio","sonya-pesselev-portfolio","submission","Web & Interactive | Colorful | Portfolio | Retro | SVG | Experimental | Storytelling | React | Gestures / Interaction | next.js | Tailwind","https://www.awwwards.com/sites/sonya-pesselev-portfolio","https://www.awwwards.com/websites/portfolio/","https://assets.awwwards.com/awards/media/cache/thumb_880_660/submissions/2026/09/6aa8885b678b6294398602.jpg","2026-09-28T09:10:21Z"
"SŌON","soon","submission","Film & TV | Animation | Big Background Images | Portfolio | Photography | Gestures / Interaction | Photo & Video | Project Page","https://www.awwwards.com/sites/soon","https://www.awwwards.com/websites/portfolio/?page=64","https://assets.awwwards.com/awards/media/cache/thumb_880_660/submissions/2024/01/65b966c96bebd602323115.jpg","2024-02-02T08:21:44Z"
"Spaag","spaag","submission","Business & Corporate | Design Agencies | Web & Interactive | Colorful | Portfolio | Illustration | 3D","https://www.awwwards.com/sites/spaag","https://www.awwwards.com/websites/portfolio/?page=56","https://assets.awwwards.com/awards/media/cache/thumb_880_660/submissions/2024/05/66448ccce5454992624079.jpg","2024-05-21T05:08:24Z"
"Spacecowboys Studio","spacecowboys-studio","submission","Design Agencies | Web & Interactive | Portfolio | 360 | Experimental | 3D | Gestures / Interaction | Interaction Design | Photo & Video","https://www.awwwards.com/sites/spacecowboys-studio","https://www.awwwards.com/websites/portfolio/?page=68","https://assets.awwwards.com/awards/media/cache/thumb_880_660/submissions/2023/12/6569c141cef79290633440.png","2023-12-04T12:34:00Z"
"SPARKK","sparkk-2","submission","Business & Corporate | Games & Entertainment | Web & Interactive | Animation | Portfolio | 3D | Filters and Effects","https://www.awwwards.com/sites/sparkk-2","https://www.awwwards.com/websites/portfolio/?page=54","https://assets.awwwards.com/awards/media/cache/thumb_880_660/submissions/2024/04/662a416e91912160260251.png","2024-06-23T00:00:00Z"
"Spartanbits","spartanbits","submission","Mobile & Apps | Web & Interactive | Colorful | Portfolio | Scrolling | Experimental | Filters and Effects | Interaction Design","https://www.awwwards.com/sites/spartanbits","https://www.awwwards.com/websites/portfolio/?page=55","https://assets.awwwards.com/awards/media/cache/thumb_880_660/submissions/2024/05/664a4a9f7d68d399250167.png","2024-06-12T05:47:00Z"
"Spasoje Perovic","spasoje-perovic","submission","Promotional | Technology | Web & Interactive | Portfolio | Single page | Typography | Sound-Audio | Interaction Design | next.js","https://www.awwwards.com/sites/spasoje-perovic","https://www.awwwards.com/websites/portfolio/?page=39","https://assets.awwwards.com/awards/media/cache/thumb_880_660/submissions/2025/02/67b7b4ca646a2686706750.jpg","2025-03-03T07:03:04Z"
"Spatial Innovation Lab","spatial-innovation-lab","submission","Design Agencies | Technology | Web & Interactive | Clean | Portfolio | Responsive | UI design | Header Design","https://www.awwwards.com/sites/spatial-innovation-lab","https://www.awwwards.com/websites/portfolio/?page=45","https://assets.awwwards.com/awards/media/cache/thumb_880_660/submissions/2024/11/672511de3d8eb886480581.jpg","2024-11-13T06:17:00Z"
"Spazio Di Paolo","spazio-di-paolo","submission","Business & Corporate | Design Agencies | Animation | Clean | Horizontal Layout | Photographic | Portfolio","https://www.awwwards.com/sites/spazio-di-paolo","https://www.awwwards.com/websites/portfolio/?page=60","https://assets.awwwards.com/awards/media/cache/thumb_880_660/submissions/2024/04/660ea8f5f12a8947282655.jpg","2024-04-05T08:46:04Z"
"Specia1ne","specia1ne","submission","Design Agencies | Technology | Web & Interactive | Animation | Minimal | Portfolio | Typography | Transitions | GSAP | Interaction Design | Vanilla JS | Astro","https://www.awwwards.com/sites/specia1ne","https://www.awwwards.com/websites/portfolio/?page=7","https://assets.awwwards.com/awards/media/cache/thumb_880_660/submissions/2026/07/6a4d232226493010520565.png","2026-07-21T09:49:00Z"
"SPH!NX — STUDIO","sph-nx-studio","submission","Design Agencies | Web & Interactive | Clean | Portfolio | Typography | Interaction Design | UI design | Microinteractions","https://www.awwwards.com/sites/sph-nx-studio","https://www.awwwards.com/websites/portfolio/?page=45","https://assets.awwwards.com/awards/media/cache/thumb_880_660/submissions/2024/11/672d121f46a62591245605.png","2024-11-08T05:19:21Z"
"Spot Studio","spot-studio","submission","Art & Illustration | Design Agencies | Technology | Flat Design | Portfolio | Typography | 3D | Footer Design | Contentful","https://www.awwwards.com/sites/spot-studio","https://www.awwwards.com/websites/portfolio/?page=42","https://assets.awwwards.com/awards/media/cache/thumb_880_660/submissions/2024/11/67337e1b336bc459574507.jpg","2024-12-28T00:00:00Z"
"Spotdly","spotdly-1","submission","Design Agencies | Technology | Web & Interactive | Graphic design | Portfolio | Responsive Design | 3D | Interaction Design | Microinteractions","https://www.awwwards.com/sites/spotdly-1","https://www.awwwards.com/websites/portfolio/?page=46","https://assets.awwwards.com/awards/media/cache/thumb_880_660/submissions/2024/10/670ee5ea8fa4d462819821.png","2024-10-29T07:21:35Z"
"Springer Studios","springer-studios","submission","Design Agencies | Promotional | Web & Interactive | Animation | Clean | Graphic design | Portfolio | Content architecture | Photo & Video","https://www.awwwards.com/sites/springer-studios","https://www.awwwards.com/websites/portfolio/?page=38","https://assets.awwwards.com/awards/media/cache/thumb_880_660/submissions/2025/02/67b65791093f7714606442.jpg","2025-03-06T07:08:51Z"
"srotimi","srotimi","submission","Business & Corporate | Design Agencies | Web & Interactive | Minimal | Portfolio | Responsive Design | Typography | Contact Page | Microinteractions","https://www.awwwards.com/sites/srotimi","https://www.awwwards.com/websites/portfolio/?page=34","https://assets.awwwards.com/awards/media/cache/thumb_880_660/submissions/2025/05/681b261619401934783041.png","2025-05-21T09:24:46Z"
"Stadium","stadium","submission","Art & Illustration | Design Agencies | Film & TV | Big Background Images | Minimal | Photographic | Portfolio | Video | Photo & Video","https://www.awwwards.com/sites/stadium","https://www.awwwards.com/websites/portfolio/?page=43","https://assets.awwwards.com/awards/media/cache/thumb_880_660/submissions/2024/12/674e43ef0c185210990527.jpg","2024-12-12T08:15:47Z"
"Start My Design Agency","start-my-design-agency","submission","Business & Corporate | Design Agencies | Animation | Clean | Colorful | Graphic design | Parallax | Portfolio | Startups","https://www.awwwards.com/sites/start-my-design-agency","https://www.awwwards.com/websites/portfolio/?page=64","https://assets.awwwards.com/awards/media/cache/thumb_880_660/submissions/2024/02/65bb15d44704e210486442.png","2024-02-07T10:07:07Z"
"Stas Bondar '25","stas-bondar-25","submission","Business & Corporate | Promotional | Web & Interactive | Portfolio | Scrolling | Photo & Video | Microinteractions | Project Page | 404 pages","https://www.awwwards.com/sites/stas-bondar-25","https://www.awwwards.com/websites/portfolio/?page=40","https://assets.awwwards.com/awards/media/cache/thumb_880_660/submissions/2025/01/678b6325409be787330860.jpg","2025-02-14T00:00:00Z"
"State Bird","state-bird","submission","Design Agencies | Web & Interactive | Animation | Navigation Menu | Portfolio | Menu - Vertical | Responsive | 3D","https://www.awwwards.com/sites/state-bird","https://www.awwwards.com/websites/portfolio/?page=55","https://assets.awwwards.com/awards/media/cache/thumb_880_660/submissions/2024/06/665f0911c0e76250772623.jpg","2024-06-10T05:55:04Z"
"Stay In Touch Studio","stay-in-touch-studio","submission","Design Agencies | Music & Sound | Web & Interactive | Clean | Flat Design | Graphic design | Minimal | Photographic | Portfolio","https://www.awwwards.com/sites/stay-in-touch-studio","https://www.awwwards.com/websites/portfolio/?page=65","https://assets.awwwards.com/awards/media/cache/thumb_880_660/submissions/2024/01/65b0377aca003190489129.jpg","2024-01-29T08:21:17Z"
"Stefano Bartoletti Portfolio","stefano-bartoletti-portfolio","submission","Design Agencies | Technology | Web & Interactive | Animation | Colorful | Portfolio | Scrolling | Transitions | Microinteractions","https://www.awwwards.com/sites/stefano-bartoletti-portfolio","https://www.awwwards.com/websites/portfolio/?page=58","https://assets.awwwards.com/awards/media/cache/thumb_880_660/submissions/2024/04/662f510e2ceb0517431636.png","2024-05-07T08:43:36Z"
"Stella Petkova","stella-petkova","submission","Promotional | Web & Interactive | Minimal | Portfolio | Scrolling | WebGL | Experimental | Storytelling | Filters and Effects | Interaction Design","https://www.awwwards.com/sites/stella-petkova","https://www.awwwards.com/websites/portfolio/?page=25","https://assets.awwwards.com/awards/media/cache/thumb_880_660/submissions/2025/09/68da9de308f54558250138.png","2025-10-10T09:37:06Z"
"STEREO – Alle News und Tests zu HiFi und Audio","stereo-alle-news-und-tests-zu-hifi-und-audio","submission","Magazine / Newspaper / Blog | Events | Web & Interactive | Wordpress | Portfolio | Responsive Design | Scrolling | Gallery | PHP | Photo & Video | UI design","https://www.awwwards.com/sites/stereo-alle-news-und-tests-zu-hifi-und-audio","https://www.awwwards.com/websites/portfolio/?page=30","https://assets.awwwards.com/awards/media/cache/thumb_880_660/submissions/2025/07/68652fe191e8a495706527.jpg","2025-07-25T14:16:23Z"
"stereotropism","stereotropism","submission","Design Agencies | Web & Interactive | Clean | Minimal | Parallax | Portfolio | Gallery","https://www.awwwards.com/sites/stereotropism","https://www.awwwards.com/websites/portfolio/?page=46","https://assets.awwwards.com/awards/media/cache/thumb_880_660/submissions/2024/10/671a039424ecc661936435.jpg","2024-11-05T06:42:35Z"
"Stewart & Partners","stewart-partners","submission","Architecture | Business & Corporate | Clean | Flat Design | Minimal | Portfolio | Typography | Real Estate","https://www.awwwards.com/sites/stewart-partners","https://www.awwwards.com/websites/portfolio/?page=51","https://assets.awwwards.com/awards/media/cache/thumb_880_660/submissions/2024/07/669119fb928fa022511123.jpg","2024-08-17T00:00:00Z"
"STILHAUS","stilhaus","submission","Design Agencies | Animation | Big Background Images | Parallax | Portfolio | Interaction Design | Project Page","https://www.awwwards.com/sites/stilhaus","https://www.awwwards.com/websites/portfolio/?page=32","https://assets.awwwards.com/awards/media/cache/thumb_880_660/submissions/2025/06/683c2106bda5a380130687.jpg","2025-06-19T10:04:01Z"
"Still Making Stuff","still-making-stuff","submission","Graphic design | Interaction Design | HTML5 | Portfolio | Unusual Navigation | WebGL | Experimental | Web & Interactive | Storytelling | CSS | 3D","https://www.awwwards.com/sites/still-making-stuff","https://www.awwwards.com/websites/portfolio/?page=6","https://assets.awwwards.com/awards/media/cache/thumb_880_660/submissions/2026/07/6a621fd12f8ee757430590.png","2026-08-08T10:54:35Z"
"Stirling Interiors","stirling-interiors","submission","Architecture | Business & Corporate | Design Agencies | Clean | Wordpress | Colorful | CSS | Portfolio | Content architecture | Photo & Video | Contact Page | Adobe Photoshop","https://www.awwwards.com/sites/stirling-interiors","https://www.awwwards.com/websites/portfolio/?page=19","https://assets.awwwards.com/awards/media/cache/thumb_880_660/submissions/2026/01/697241b186624910579866.png","2026-02-03T12:13:21Z"
"Stitching Stories","stitching-stories","submission","E-Commerce | Fashion | Web & Interactive | Big Background Images | Clean | Wordpress | Minimal | Photographic | Portfolio | WooCommerce | UI design | Figma","https://www.awwwards.com/sites/stitching-stories","https://www.awwwards.com/websites/portfolio/?page=17","https://assets.awwwards.com/awards/media/cache/thumb_880_660/submissions/2026/03/69aac1050a736946300209.jpg","2026-03-07T15:07:00Z"
"Stōkt - Creative Company","stokt-creative-company","submission","Design Agencies | Web & Interactive | Animation | Clean | Portfolio | 3D | Header Design | Footer Design | After Effects | Cinema 4D | Framer","https://www.awwwards.com/sites/stokt-creative-company","https://www.awwwards.com/websites/portfolio/?page=20","https://assets.awwwards.com/awards/media/cache/thumb_880_660/submissions/2026/01/69693859e1c9f519384494.png","2026-01-23T10:17:43Z"
"Stone Investment","stone-investment","submission","Big Background Images | Clean | Navigation Menu | Portfolio | SEO | Node.js | Real Estate | UI design | Next.js | Typescript","https://www.awwwards.com/sites/stone-investment","https://www.awwwards.com/websites/portfolio/?page=7","https://assets.awwwards.com/awards/media/cache/thumb_880_660/submissions/2026/06/6a4374a6a09fe497288234.jpg","2026-07-15T06:38:27Z"
"Storey Architecture","storey-architecture","submission","Parallax | DatoCMS | Portfolio | Typography | Gallery | GSAP | Real Estate | Architecture | Microinteractions | Clean | Nuxt.js","https://www.awwwards.com/sites/storey-architecture","https://www.awwwards.com/websites/portfolio/?page=4","https://assets.awwwards.com/awards/media/cache/thumb_880_660/submissions/2026/08/6a75987887b16283056794.jpg","2026-08-20T13:49:32Z"
"Strategic Web & Brand Designer","strategic-web-brand-designer","submission","Web & Interactive | Animation | Portfolio | Responsive Design | Typography | UI design | Microinteractions | Webflow | Javascript | Figma","https://www.awwwards.com/sites/strategic-web-brand-designer","https://www.awwwards.com/websites/portfolio/?page=26","https://assets.awwwards.com/awards/media/cache/thumb_880_660/submissions/2025/09/68b85c9205874661418480.jpg","2025-09-14T15:46:30Z"
"Stravagario","stravagario","submission","Other | Portfolio | Experimental | About Page | Contentful","https://www.awwwards.com/sites/stravagario","https://www.awwwards.com/websites/portfolio/?page=36","https://assets.awwwards.com/awards/media/cache/thumb_880_660/submissions/2025/03/67e10d2a12cb0052488995.jpg","2025-04-07T05:47:21Z"
"stribe / Jonathan Hendess","stribe-jonathan-hendess","submission","Business & Corporate | Sports | Animation | Parallax | Portfolio | Transitions | Storytelling | About Page","https://www.awwwards.com/sites/stribe-jonathan-hendess","https://www.awwwards.com/websites/portfolio/?page=36","https://assets.awwwards.com/awards/media/cache/thumb_880_660/submissions/2025/03/67df187ad3824430866954.png","2025-04-04T06:23:39Z"
"Strivence","strivence","submission","Design Agencies | Web & Interactive | Minimal | Portfolio | Responsive Design | Experimental | Gallery | Responsive | UI design","https://www.awwwards.com/sites/strivence","https://www.awwwards.com/websites/portfolio/?page=68","https://assets.awwwards.com/awards/media/cache/thumb_880_660/submissions/2023/11/6565b37c63576933244685.png","2023-12-01T08:30:03Z"
"Stubborn's Room","stubborns-room","submission","Design Agencies | Mobile & Apps | Web & Interactive | Animation | Colorful | Portfolio | 3D | UI design | next.js","https://www.awwwards.com/sites/stubborns-room","https://www.awwwards.com/websites/portfolio/?page=56","https://assets.awwwards.com/awards/media/cache/thumb_880_660/submissions/2024/05/664c3c397fb49775994305.png","2024-05-28T06:08:26Z"
"Studio 801 - Game Art","studio-801-game-art","submission","Art & Illustration | Business & Corporate | Games & Entertainment | Animation | Horizontal Layout | Portfolio | Illustration | 3D | UI design","https://www.awwwards.com/sites/studio-801-game-art","https://www.awwwards.com/websites/portfolio/?page=46","https://assets.awwwards.com/awards/media/cache/thumb_880_660/submissions/2024/10/670e650fb0182931296831.png","2024-10-28T07:07:00Z"
"studio bauhaus","studio-bauhaus","submission","Design Agencies | Technology | Web & Interactive | Animation | Flat Design | Portfolio | Typography | Unusual Navigation | UI design","https://www.awwwards.com/sites/studio-bauhaus","https://www.awwwards.com/websites/portfolio/?page=66","https://assets.awwwards.com/awards/media/cache/thumb_880_660/submissions/2024/01/6596bef0d7f5e292687972.jpg","2024-01-05T09:12:44Z"
"Studio Bo","studio-bo","submission","Art & Illustration | Film & TV | Games & Entertainment | Animation | Graphic design | Portfolio | Illustration | Footer Design | Contentful | Webflow | Figma","https://www.awwwards.com/sites/studio-bo","https://www.awwwards.com/websites/portfolio/?page=29","https://assets.awwwards.com/awards/media/cache/thumb_880_660/submissions/2025/07/688216b3cda13335607487.png","2025-08-11T09:46:16Z"
"Studio Bonded","studio-bonded","submission","Art & Illustration | Design Agencies | Food & Drink | Graphic design | Portfolio | Illustration | 3D | Header Design","https://www.awwwards.com/sites/studio-bonded","https://www.awwwards.com/websites/portfolio/?page=31","https://assets.awwwards.com/awards/media/cache/thumb_880_660/submissions/2025/06/685c31c13b3d0011328723.jpg","2025-07-09T10:29:00Z"
"Studio Claus Due","studio-claus-due","submission","Web & Interactive | Clean | Minimal | Portfolio | Single page | Gallery | Contentful","https://www.awwwards.com/sites/studio-claus-due","https://www.awwwards.com/websites/portfolio/?page=67","https://assets.awwwards.com/awards/media/cache/thumb_880_660/submissions/2023/11/6554da93d4ded152583534.png","2023-12-15T00:00:00Z"
"Studio Digital by Lonsdale","studio-digital-by-lonsdale-1","submission","Design Agencies | Web & Interactive | Animation | Minimal | Portfolio | UI design | Microinteractions | 404 pages | Figma | Next.js | Unity","https://www.awwwards.com/sites/studio-digital-by-lonsdale-1","https://www.awwwards.com/websites/portfolio/?page=20","https://assets.awwwards.com/awards/media/cache/thumb_880_660/submissions/2026/01/695b95b54ebbd504508614.png","2026-01-15T11:47:15Z"
"Studio Fables","studio-fables-2","submission","Design Agencies | Graphic design | Horizontal Layout | Minimal | Portfolio | Transitions | Gallery","https://www.awwwards.com/sites/studio-fables-2","https://www.awwwards.com/websites/portfolio/?page=54","https://assets.awwwards.com/awards/media/cache/thumb_880_660/submissions/2024/05/664f0d0d33085801701051.jpg","2024-06-21T00:00:00Z"
"Studio FORMAT","studio-format-2","submission","Art & Illustration | Design Agencies | Promotional | Animation | Portfolio | Typography | 3D | Content architecture | Project Page","https://www.awwwards.com/sites/studio-format-2","https://www.awwwards.com/websites/portfolio/?page=62","https://assets.awwwards.com/awards/media/cache/thumb_880_660/submissions/2024/02/65d379eb9e993831160063.jpg","2024-02-26T09:41:21Z"
"Studio Gruhl","studio-gruhl","submission","Design Agencies | Promotional | Web & Interactive | Portfolio | Responsive Design | UI design","https://www.awwwards.com/sites/studio-gruhl","https://www.awwwards.com/websites/portfolio/?page=49","https://assets.awwwards.com/awards/media/cache/thumb_880_660/submissions/2024/09/66ebe88648f33417760392.jpg","2024-09-24T05:45:00Z"
"Studio Ignatov","studio-ignatov","submission","Film & TV | Photographic | Portfolio | Video | Photography | Gallery | Photo & Video | Contentful | Framer","https://www.awwwards.com/sites/studio-ignatov","https://www.awwwards.com/websites/portfolio/?page=54","https://assets.awwwards.com/awards/media/cache/thumb_880_660/submissions/2024/06/6678913cd3a6b553979055.jpg","2024-07-02T05:15:03Z"
"Studio Indice","studio-indice","submission","Design Agencies | Clean | Graphic design | Minimal | Portfolio | Scrolling | Microinteractions","https://www.awwwards.com/sites/studio-indice","https://www.awwwards.com/websites/portfolio/?page=58","https://assets.awwwards.com/awards/media/cache/thumb_880_660/submissions/2024/04/6628cf6d2cb80551101560.jpg","2024-05-03T08:49:18Z"
"Studio K95","studio-k95-3","submission","Design Agencies | Animation | Portfolio | Responsive Design | Web Fonts | GSAP | Three.js | 3D | 404 pages | Nuxt.js","https://www.awwwards.com/sites/studio-k95-3","https://www.awwwards.com/websites/portfolio/?page=6","https://assets.awwwards.com/awards/media/cache/thumb_880_660/submissions/2026/06/6a350a1fd8bf5762277499.jpg","2026-08-11T00:00:00Z"
"Studio KA IL","studio-ka-il","submission","Portfolio | Illustration | Transitions | Design Agencies | 3D | Web & Interactive | Startups | Animation | Javascript | CSS | Vite | Graphic design","https://www.awwwards.com/sites/studio-ka-il","https://www.awwwards.com/websites/portfolio/?page=4","https://assets.awwwards.com/awards/media/cache/thumb_880_660/submissions/2026/08/6a7aa51dc3512705054261.png","2026-08-21T09:57:57Z"
"STUDIO KINA","studio-kina","submission","Design Agencies | Graphic design | Portfolio | Responsive Design | Web Fonts","https://www.awwwards.com/sites/studio-kina","https://www.awwwards.com/websites/portfolio/?page=43","https://assets.awwwards.com/awards/media/cache/thumb_880_660/submissions/2024/12/67570195acd3d821255513.jpg","2024-12-19T07:22:00Z"
"Studio Kogel","studio-kogel","submission","Design Agencies | Technology | Web & Interactive | Animation | Portfolio | Scrolling | Transitions | 3D | Microinteractions","https://www.awwwards.com/sites/studio-kogel","https://www.awwwards.com/websites/portfolio/?page=36","https://assets.awwwards.com/awards/media/cache/thumb_880_660/submissions/2025/04/67f3c56045927487287223.png","2025-04-22T06:26:37Z"
"Studio Krista","studio-krista","submission","Design Agencies | Web & Interactive | Clean | Graphic design | Minimal | Portfolio | Transitions | Contentful | Luxury","https://www.awwwards.com/sites/studio-krista","https://www.awwwards.com/websites/portfolio/?page=41","https://assets.awwwards.com/awards/media/cache/thumb_880_660/submissions/2025/01/67853ff092575621079500.png","2025-01-27T06:34:08Z"
"Studio Leichtfried","studio-leichtfried","submission","Design Agencies | Graphic design | Portfolio | Scrolling | Gallery","https://www.awwwards.com/sites/studio-leichtfried","https://www.awwwards.com/websites/portfolio/?page=59","https://assets.awwwards.com/awards/media/cache/thumb_880_660/submissions/2024/04/661d0e8408b80973196883.jpg","2024-04-22T08:55:12Z"
"Studio Lenzing","studio-lenzing-2","submission","Mobile & Apps | Web & Interactive | Minimal | Portfolio | Typography | About Page | Microinteractions | Startups","https://www.awwwards.com/sites/studio-lenzing-2","https://www.awwwards.com/websites/portfolio/?page=37","https://assets.awwwards.com/awards/media/cache/thumb_880_660/submissions/2025/03/67e139008838c662300351.jpg","2025-04-02T06:05:00Z"
"Studio Linear","studio-linear-2","submission","Design Agencies | Portfolio | Webflow | Adobe Photoshop","https://www.awwwards.com/sites/studio-linear-2","https://www.awwwards.com/websites/portfolio/?page=18","https://assets.awwwards.com/awards/media/cache/thumb_880_660/submissions/2026/02/6993600819fb3550040222.jpg","2026-02-24T11:22:49Z"
"Studio Loop","studio-loop","submission","Design Agencies | Animation | Colorful | Portfolio | GSAP | Interaction Design | Microinteractions | Figma | Next.js","https://www.awwwards.com/sites/studio-loop","https://www.awwwards.com/websites/portfolio/?page=2","https://assets.awwwards.com/awards/media/cache/thumb_880_660/submissions/2026/08/6a91ed7b7f99e515466750.png","2026-09-11T08:52:04Z"
"Studio Merge","studio-merge","submission","Typography | Experimental | Interaction Design | Design Agencies | UI design | Web & Interactive | Motion | Animation | Figma | Graphic design | Wix Studio | Portfolio","https://www.awwwards.com/sites/studio-merge","https://www.awwwards.com/websites/portfolio/?page=3","https://assets.awwwards.com/awards/media/cache/thumb_880_660/submissions/2026/08/6a84b233c43bb208211454.png","2026-09-02T12:13:14Z"
"Studio Modular","studio-modular","submission","Design Agencies | Animation | Colorful | Drupal | Portfolio | Scrolling | GSAP | Microinteractions","https://www.awwwards.com/sites/studio-modular","https://www.awwwards.com/websites/portfolio/?page=8","https://assets.awwwards.com/awards/media/cache/thumb_880_660/submissions/2026/06/6a3d26c713ca5522659512.jpg","2026-07-11T14:03:00Z"
"Studio Morfar","studio-morfar","submission","Art & Illustration | Design Agencies | Web & Interactive | Animation | Clean | Colorful | Graphic design | Portfolio | Illustration","https://www.awwwards.com/sites/studio-morfar","https://www.awwwards.com/websites/portfolio/?page=43","https://assets.awwwards.com/awards/media/cache/thumb_880_660/submissions/2024/11/673b921e40920107935702.jpg","2024-12-06T12:50:00Z"
"Studio Namma","studio-namma","submission","Design Agencies | Web & Interactive | Animation | Navigation Menu | Portfolio | Transitions | GSAP | Contact Page | Footer Design | Webflow | Javascript","https://www.awwwards.com/sites/studio-namma","https://www.awwwards.com/websites/portfolio/?page=12","https://assets.awwwards.com/awards/media/cache/thumb_880_660/submissions/2026/04/69d768dd8b896711383791.png","2026-05-08T00:00:00Z"
"Studio Nikita","studio-nikita","submission","Technology | Web & Interactive | Clean | Minimal | Portfolio | Experimental | React | Interaction Design | UI design | Microinteractions | Figma | Adobe Illustrator","https://www.awwwards.com/sites/studio-nikita","https://www.awwwards.com/websites/portfolio/?page=3","https://assets.awwwards.com/awards/media/cache/thumb_880_660/submissions/2026/08/6a8f75ccdb936100583694.png","2026-09-10T09:03:40Z"
"Studio Nordost","studio-nordost","submission","Design Agencies | Portfolio | GSAP | About Page | Header Design | Project Page | Lottie | Locomotive Scroll","https://www.awwwards.com/sites/studio-nordost","https://www.awwwards.com/websites/portfolio/?page=30","https://assets.awwwards.com/awards/media/cache/thumb_880_660/submissions/2025/07/68664c3a57a23747714247.jpg","2025-07-18T10:56:00Z"
"Studio Olimpo","studio-olimpo","submission","Web & Interactive | Clean | Minimal | Portfolio | Typography | Transitions | Microinteractions","https://www.awwwards.com/sites/studio-olimpo","https://www.awwwards.com/websites/portfolio/?page=38","https://assets.awwwards.com/awards/media/cache/thumb_880_660/submissions/2025/02/67b8af8243ad6045442023.jpg","2025-03-07T07:02:54Z"
"Studio Punto Cero","studio-punto-cero","submission","Architecture | Design Agencies | Web & Interactive | Wordpress | Portfolio | Storytelling | Interaction Design","https://www.awwwards.com/sites/studio-punto-cero","https://www.awwwards.com/websites/portfolio/?page=20","https://assets.awwwards.com/awards/media/cache/thumb_880_660/submissions/2026/01/6969347630944286857863.png","2026-01-26T11:50:00Z"
"STUDIO REDD","studio-redd","submission","Architecture | Magazine / Newspaper / Blog | Animation | Big Background Images | Wordpress | Portfolio | Gallery | Storytelling | GSAP | Project Page | Figma | Luxury","https://www.awwwards.com/sites/studio-redd","https://www.awwwards.com/websites/portfolio/?page=21","https://assets.awwwards.com/awards/media/cache/thumb_880_660/submissions/2025/12/6953ad739d00c343804739.jpg","2026-01-12T08:47:27Z"
"Studio Roosegaarde","studio-roosegaarde","submission","Architecture | Technology | Web & Interactive | Portfolio | UI design","https://www.awwwards.com/sites/studio-roosegaarde","https://www.awwwards.com/websites/portfolio/?page=47","https://assets.awwwards.com/awards/media/cache/thumb_880_660/submissions/2024/10/66fbf7a92db51481179007.jpg","2024-10-11T06:49:30Z"
"studio t8d","studio-t8d","submission","Design Agencies | Animation | Clean | Minimal | Portfolio | Typography | Framer","https://www.awwwards.com/sites/studio-t8d","https://www.awwwards.com/websites/portfolio/?page=36","https://assets.awwwards.com/awards/media/cache/thumb_880_660/submissions/2025/03/67e6a8d8238b2828468432.png","2025-04-10T06:29:05Z"
"Studio Tyrsa","studio-tyrsa","submission","Art & Illustration | Design Agencies | Promotional | Clean | Portfolio | GSAP | Three.js | 3D | Nuxt.js | Contentful","https://www.awwwards.com/sites/studio-tyrsa","https://www.awwwards.com/websites/portfolio/?page=24","https://assets.awwwards.com/awards/media/cache/thumb_880_660/submissions/2025/09/68da56a7daaa3799677515.jpg","2025-11-01T00:00:00Z"
"Studio vague d'amour portfolio","studio-vague-damour-portfolio","submission","Design Agencies | Web & Interactive | CSS | Graphic design | Portfolio | Typography | Photography | Wix Studio","https://www.awwwards.com/sites/studio-vague-damour-portfolio","https://www.awwwards.com/websites/portfolio/?page=23","https://assets.awwwards.com/awards/media/cache/thumb_880_660/submissions/2025/10/68ff3e0d225fe199360874.jpg","2025-11-05T12:02:04Z"
"Studio X","studio-x","submission","Architecture | Business & Corporate | Design Agencies | Clean | Portfolio | Typography | Unusual Navigation | Transitions | GSAP | Footer Design | BARBA.js | Webflow","https://www.awwwards.com/sites/studio-x","https://www.awwwards.com/websites/portfolio/?page=14","https://assets.awwwards.com/awards/media/cache/thumb_880_660/submissions/2026/03/69c14b75ad05f384971274.jpg","2026-04-17T00:00:00Z"
"Studio Yellow","studio-yellow","submission","Business & Corporate | Design Agencies | Technology | Animation | Minimal | Portfolio | Typography | UI design","https://www.awwwards.com/sites/studio-yellow","https://www.awwwards.com/websites/portfolio/?page=64","https://assets.awwwards.com/awards/media/cache/thumb_880_660/submissions/2024/02/65bcaaf768941261083505.png","2024-02-08T10:26:46Z"
"Studio—CC | Chris Carruthers","studio-cc-chris-carruthers","submission","Design Agencies | Web & Interactive | Clean | Minimal | Portfolio | Typography | 3D | 404 pages","https://www.awwwards.com/sites/studio-cc-chris-carruthers","https://www.awwwards.com/websites/portfolio/?page=36","https://assets.awwwards.com/awards/media/cache/thumb_880_660/submissions/2025/04/67f91ed8d2788751050075.png","2025-04-24T05:40:30Z"
"Studio375","studio375-2","submission","Business & Corporate | Design Agencies | Web & Interactive | Animation | Portfolio | Scrolling | Typography | WebGL | Transitions | GSAP | Next.js","https://www.awwwards.com/sites/studio375-2","https://www.awwwards.com/websites/portfolio/?page=13","https://assets.awwwards.com/awards/media/cache/thumb_880_660/submissions/2026/03/69a6b48999ead930334066.jpg","2026-04-30T00:00:00Z"
"Studios croustillants","studios-croustillants","submission","Design Agencies | Web & Interactive | Animation | Fullscreen | Portfolio | Single page | Storytelling | 3D","https://www.awwwards.com/sites/studios-croustillants","https://www.awwwards.com/websites/portfolio/?page=64","https://assets.awwwards.com/awards/media/cache/thumb_880_660/submissions/2024/01/65b3a21400828061827608.png","2024-01-31T10:56:47Z"
"Stuff by Kris Temmerman","stuff-by-kris-temmerman","submission","Design Agencies | Web & Interactive | Animation | Portfolio | WebGL | Experimental | GSAP","https://www.awwwards.com/sites/stuff-by-kris-temmerman","https://www.awwwards.com/websites/portfolio/?page=16","https://assets.awwwards.com/awards/media/cache/thumb_880_660/submissions/2026/02/69917f59643b7740243658.png","2026-03-20T00:00:00Z"
"SUB:BIO STUDIOS","sub-bio-studios","submission","Design Agencies | Web & Interactive | Clean | Wordpress | CSS | Minimal | Portfolio | Typography | Experimental | Interaction Design | Javascript","https://www.awwwards.com/sites/sub-bio-studios","https://www.awwwards.com/websites/portfolio/?page=28","https://assets.awwwards.com/awards/media/cache/thumb_880_660/submissions/2025/08/68a1c56e99ace516325535.jpg","2025-08-25T18:44:13Z"
"Suero Studio","suero-studio","submission","Design Agencies | Portfolio | Typography | Storytelling | GSAP | Filters and Effects | Microinteractions | Footer Design | Webflow","https://www.awwwards.com/sites/suero-studio","https://www.awwwards.com/websites/portfolio/?page=13","https://assets.awwwards.com/awards/media/cache/thumb_880_660/submissions/2026/04/69d90cbc50ddb437794353.png","2026-04-20T10:03:13Z"
"Sujan Khadgi's Portfolio","sujan-khadgis-portfolio","submission","Other | Web & Interactive | Clean | Minimal | Portfolio | Experimental | Storytelling | Interaction Design | Microinteractions","https://www.awwwards.com/sites/sujan-khadgis-portfolio","https://www.awwwards.com/websites/portfolio/?page=35","https://assets.awwwards.com/awards/media/cache/thumb_880_660/submissions/2025/04/680a887a61f7b468027076.jpg","2025-05-06T09:45:00Z"
"SULLIVAN NYC","sullivan-nyc","submission","Business & Corporate | Design Agencies | Animation | Navigation Menu | Portfolio | Responsive Design | Interaction Design | UI design","https://www.awwwards.com/sites/sullivan-nyc","https://www.awwwards.com/websites/portfolio/?page=46","https://assets.awwwards.com/awards/media/cache/thumb_880_660/submissions/2024/10/67212022f31d4486812050.png","2024-10-30T07:33:55Z"
"Sumairha's Portfolio","sumairhas-portfolio","submission","Business & Corporate | Design Agencies | Technology | Clean | Colorful | CSS | Portfolio | Gestures / Interaction | Interaction Design | UI design | Webflow | Javascript","https://www.awwwards.com/sites/sumairhas-portfolio","https://www.awwwards.com/websites/portfolio/?page=16","https://assets.awwwards.com/awards/media/cache/thumb_880_660/submissions/2026/03/69a7fc037bc0f427026315.jpg","2026-03-16T09:34:00Z"
"Sumatrancat Portfolio","sumatrancat-portfolio","submission","Web & Interactive | Animation | Minimal | Portfolio | Vector | Illustration","https://www.awwwards.com/sites/sumatrancat-portfolio","https://www.awwwards.com/websites/portfolio/?page=53","https://assets.awwwards.com/awards/media/cache/thumb_880_660/submissions/2024/06/6672bca691001964903065.png","2024-07-11T04:42:23Z"
"Summoner","summoner","submission","Design Agencies | Games & Entertainment | Web & Interactive | Animation | Portfolio | Single page | Transitions | Gestures / Interaction | Interaction Design","https://www.awwwards.com/sites/summoner","https://www.awwwards.com/websites/portfolio/?page=36","https://assets.awwwards.com/awards/media/cache/thumb_880_660/submissions/2025/03/67e41fe348d55329627922.png","2025-04-09T06:01:25Z"
"Sun Hung – Web/UIUX Porfolio Design in Viet Nam","sun-hung-web-uiux-porfolio-design-in-viet-nam","submission","Art & Illustration | Design Agencies | Web & Interactive | Animation | Big Background Images | Portfolio | Typography | Unusual Navigation | Interaction Design | Motion | Figma | Framer","https://www.awwwards.com/sites/sun-hung-web-uiux-porfolio-design-in-viet-nam","https://www.awwwards.com/websites/portfolio/?page=27","https://assets.awwwards.com/awards/media/cache/thumb_880_660/submissions/2025/08/68a832e73f017576880608.jpg","2025-09-04T09:32:28Z"
"Supari Studios","supari-studios","submission","Film & TV | Games & Entertainment | Clean | Portfolio | Responsive Design | Typography | Illustration | Interaction Design | Webflow | Adobe XD | Adobe Illustrator","https://www.awwwards.com/sites/supari-studios","https://www.awwwards.com/websites/portfolio/?page=10","https://assets.awwwards.com/awards/media/cache/thumb_880_660/submissions/2026/05/6a193215287e4525097350.png","2026-06-12T10:57:00Z"
"Super Evil Genius Corp","super-evil-genius-corp","submission","Design Agencies | Music & Sound | Promotional | Fullscreen | Graphic design | Portfolio | Scrolling | Typography | Gallery","https://www.awwwards.com/sites/super-evil-genius-corp","https://www.awwwards.com/websites/portfolio/?page=38","https://assets.awwwards.com/awards/media/cache/thumb_880_660/submissions/2025/03/67c37a7e9a26b297359528.jpg","2025-03-12T07:35:23Z"
"Superhuge","superhuge","submission","Web & Interactive | Animation | Portfolio | Typography | WebGL | Experimental | Interaction Design | Microinteractions | Motion | Next.js","https://www.awwwards.com/sites/superhuge","https://www.awwwards.com/websites/portfolio/?page=2","https://assets.awwwards.com/awards/media/cache/thumb_880_660/submissions/2026/09/6a9e81761f0e2638332749.png","2026-09-17T08:23:06Z"
"Supersolid","supersolid","submission","Design Agencies | Film & TV | Other | Horizontal Layout | Photographic | Portfolio | Typography | WebGL | GSAP | Microinteractions | Footer Design | Webflow","https://www.awwwards.com/sites/supersolid","https://www.awwwards.com/websites/portfolio/?page=30","https://assets.awwwards.com/awards/media/cache/thumb_880_660/submissions/2025/07/687f459392878357499682.jpg","2025-07-22T09:57:00Z"
"Supra architecture","supra-architecture","submission","Architecture | Business & Corporate | Clean | Flat Design | Minimal | Portfolio | Responsive Design | Real Estate","https://www.awwwards.com/sites/supra-architecture","https://www.awwwards.com/websites/portfolio/?page=67","https://assets.awwwards.com/awards/media/cache/thumb_880_660/submissions/2023/12/65816ef15ef87114400770.jpg","2023-12-26T10:39:37Z"
"Surendar Selvaraj","surendar-selvaraj","submission","Web & Interactive | Clean | Minimal | Portfolio | Responsive Design | GSAP | React | UI design | Next.js","https://www.awwwards.com/sites/surendar-selvaraj","https://www.awwwards.com/websites/portfolio/?page=8","https://assets.awwwards.com/awards/media/cache/thumb_880_660/submissions/2026/06/6a3f198711e60018639139.png","2026-07-13T09:31:00Z"
"Surinder · AI Product Designer","surinder-ai-product-designer","submission","Storytelling | Interaction Design | Microinteractions | Business & Corporate | Startups | Technology | Vercel | Minimal | Figma | Portfolio | Astro | Typography","https://www.awwwards.com/sites/surinder-ai-product-designer","https://www.awwwards.com/websites/portfolio/?page=4","https://assets.awwwards.com/awards/media/cache/thumb_880_660/submissions/2026/08/6a776923ce492591284898.png","2026-08-22T15:55:33Z"
"SwarajSingh Portfolio'25","swarajsingh-portfolio25","submission","Technology | Web & Interactive | Animation | Parallax | Portfolio | Typography | GSAP | Footer Design | Javascript | Tailwind","https://www.awwwards.com/sites/swarajsingh-portfolio25","https://www.awwwards.com/websites/portfolio/?page=24","https://assets.awwwards.com/awards/media/cache/thumb_880_660/submissions/2025/10/68f3fbd8efbfa861335790.png","2025-10-28T10:32:11Z"
"Swell Interactive","swell-interactive","submission","Design Agencies | Web & Interactive | Animation | Parallax | Portfolio | Gallery | 3D | Filters and Effects | Real Estate","https://www.awwwards.com/sites/swell-interactive","https://www.awwwards.com/websites/portfolio/?page=66","https://assets.awwwards.com/awards/media/cache/thumb_880_660/submissions/2023/12/658d739b50763870234975.png","2024-01-03T08:17:41Z"
"Synapser Studio","synapser-studio","submission","Business & Corporate | Design Agencies | Web & Interactive | Animation | Minimal | Portfolio | Scrolling | Video | GSAP | Three.js | Interaction Design | Next.js","https://www.awwwards.com/sites/synapser-studio","https://www.awwwards.com/websites/portfolio/?page=11","https://assets.awwwards.com/awards/media/cache/thumb_880_660/submissions/2026/05/6a01fa3f49471018021386.png","2026-05-21T10:27:00Z"
"Synergy Tower","synergy-tower","submission","Architecture | Web & Interactive | Animation | Portfolio | Responsive Design | Real Estate | Content architecture | Interaction Design | UI design","https://www.awwwards.com/sites/synergy-tower","https://www.awwwards.com/websites/portfolio/?page=52","https://assets.awwwards.com/awards/media/cache/thumb_880_660/submissions/2024/07/6695d2c56d8dc103454337.png","2024-07-23T05:25:08Z"
"Synqro","synqro","submission","Business & Corporate | Design Agencies | Web & Interactive | Animation | Clean | Portfolio | SEO | Responsive | GSAP | Footer Design | Webflow | Figma","https://www.awwwards.com/sites/synqro","https://www.awwwards.com/websites/portfolio/?page=25","https://assets.awwwards.com/awards/media/cache/thumb_880_660/submissions/2025/10/68dd20d428fda802767732.png","2025-10-13T09:38:00Z"
"T-KO.SPACE 2.0","t-ko-space-2-0","submission","Design Agencies | Web & Interactive | Animation | Portfolio | Video | Experimental | Three.js | 3D | Interaction Design | UI design | Javascript | Blender","https://www.awwwards.com/sites/t-ko-space-2-0","https://www.awwwards.com/websites/portfolio/?page=27","https://assets.awwwards.com/awards/media/cache/thumb_880_660/submissions/2025/08/68acf1a001176035296882.png","2025-08-31T16:22:00Z"
"TA Design","ta-design","submission","Architecture | Clean | Photographic | Portfolio | Typography | Photo & Video | Luxury","https://www.awwwards.com/sites/ta-design","https://www.awwwards.com/websites/portfolio/?page=34","https://assets.awwwards.com/awards/media/cache/thumb_880_660/submissions/2025/05/681883b4e5295037372881.jpg","2025-05-12T09:36:32Z"
"Taazaa Tech Custom Software","taazaa-tech-custom-software","submission","Design Agencies | Web & Interactive | Colorful | Portfolio | Responsive Design | Illustration | UI design | Startups | Contentful","https://www.awwwards.com/sites/taazaa-tech-custom-software","https://www.awwwards.com/websites/portfolio/?page=48","https://assets.awwwards.com/awards/media/cache/thumb_880_660/submissions/2024/09/66fa6ea99c2c9656495434.jpg","2024-10-08T06:52:58Z"
"TAIKI SATO Portfolio","taiki-sato-portfolio","submission","Design Agencies | Web & Interactive | Animation | Graphic design | Photographic | Portfolio | Retro | Typography","https://www.awwwards.com/sites/taiki-sato-portfolio","https://www.awwwards.com/websites/portfolio/?page=35","https://assets.awwwards.com/awards/media/cache/thumb_880_660/submissions/2025/04/67fbe6fb6e72a004986523.jpg","2025-04-25T05:42:26Z"
"Taishi Oishi Portfolio","taishi-oishi-portfolio","submission","Design Agencies | Film & TV | Web & Interactive | Big Background Images | Wordpress | Minimal | Portfolio | Responsive Design | Video | UI design | Figma | Elementor","https://www.awwwards.com/sites/taishi-oishi-portfolio","https://www.awwwards.com/websites/portfolio/?page=28","https://assets.awwwards.com/awards/media/cache/thumb_880_660/submissions/2025/08/689ae57801fb4372715241.jpg","2025-08-25T18:42:55Z"
"Takamitsu Motoyoshi","takamitsu-motoyoshi","submission","Clean | Portfolio | Photography | Gallery","https://www.awwwards.com/sites/takamitsu-motoyoshi","https://www.awwwards.com/websites/portfolio/?page=40","https://assets.awwwards.com/awards/media/cache/thumb_880_660/submissions/2025/02/67af2d8d3f8fb260148568.png","2025-02-19T00:00:00Z"
"Takuya Oshima Portfolio","takuya-oshima-portfolio","submission","Web & Interactive | Animation | Parallax | Portfolio | Responsive Design | Scrolling | GSAP | UI design | Next.js | Tailwind","https://www.awwwards.com/sites/takuya-oshima-portfolio","https://www.awwwards.com/websites/portfolio/?page=26","https://assets.awwwards.com/awards/media/cache/thumb_880_660/submissions/2025/09/68c65b0f08051519526423.png","2025-09-27T14:19:39Z"
"TAMAKI YOSHIDA — PORTFOLIO","tamaki-yoshida-portfolio","submission","Art & Illustration | Minimal | Photographic | Portfolio | Typography | Photography | Gallery | React | Project Page | Next.js | Typescript","https://www.awwwards.com/sites/tamaki-yoshida-portfolio","https://www.awwwards.com/websites/portfolio/?page=10","https://assets.awwwards.com/awards/media/cache/thumb_880_660/submissions/2026/06/6a1d1e7a57ac2942313909.jpg","2026-06-14T12:46:00Z"
"Tamás Olajos  - AI Filmmaker","tamas-olajos-ai-filmmaker","submission","Photography | Art & Illustration | Three.js | Film & TV | GLSL | Minimal | 3D | Parallax | Photo & Video | Portfolio | Video | WebGL","https://www.awwwards.com/sites/tamas-olajos-ai-filmmaker","https://www.awwwards.com/websites/portfolio/?page=4","https://assets.awwwards.com/awards/media/cache/thumb_880_660/submissions/2026/08/6a7f2ebf4e0ce834810228.jpg","2026-08-28T09:24:55Z"
"TANDEM","tandem-2","submission","Architecture | Business & Corporate | Portfolio | Retro | Typography | GSAP | Real Estate | Header Design | Footer Design | Webflow | Swiper.js","https://www.awwwards.com/sites/tandem-2","https://www.awwwards.com/websites/portfolio/?page=23","https://assets.awwwards.com/awards/media/cache/thumb_880_660/submissions/2025/10/69037fc1ae90b768385426.jpg","2025-11-09T14:43:47Z"
"Taras Yareha","taras-yareha","submission","Art & Illustration | Animation | Minimal | Photographic | Portfolio | WebGL | Photography | Gallery | GSAP | Vanilla JS","https://www.awwwards.com/sites/taras-yareha","https://www.awwwards.com/websites/portfolio/?page=19","https://assets.awwwards.com/awards/media/cache/thumb_880_660/submissions/2026/01/6973aa842208a483009642.png","2026-02-05T11:24:00Z"
"Tash ♠","tash","submission","Other | Technology | Web & Interactive | Portfolio | Unusual Navigation | Storytelling | React | PixiJS | About Page | Microinteractions","https://www.awwwards.com/sites/tash","https://www.awwwards.com/websites/portfolio/?page=21","https://assets.awwwards.com/awards/media/cache/thumb_880_660/submissions/2026/01/695b6f8a01188288171376.png","2026-01-14T11:11:17Z"
"Tatiana Braoun Photographer","tatiana-braoun-photographer","submission","Animation | CSS | Photographic | Portfolio | Photography | Figma | Tilda","https://www.awwwards.com/sites/tatiana-braoun-photographer","https://www.awwwards.com/websites/portfolio/?page=17","https://assets.awwwards.com/awards/media/cache/thumb_880_660/submissions/2026/02/699e90b764171198995594.jpg","2026-03-01T12:49:21Z"
"Tattoo Digital","tattoo-digital","submission","Design Agencies | Web & Interactive | Animation | Parallax | Portfolio | Typography | GSAP | Interaction Design | UI design | Webflow | Swiper.js","https://www.awwwards.com/sites/tattoo-digital","https://www.awwwards.com/websites/portfolio/?page=15","https://assets.awwwards.com/awards/media/cache/thumb_880_660/submissions/2026/03/69ba6c4ba3241342883236.png","2026-03-31T10:31:00Z"
"Team Best Productions","team-best-productions","submission","Film & TV | CSS | Fullscreen | Parallax | Portfolio | Typography | Interaction Design | UI design | Javascript | Elementor","https://www.awwwards.com/sites/team-best-productions","https://www.awwwards.com/websites/portfolio/?page=7","https://assets.awwwards.com/awards/media/cache/thumb_880_660/submissions/2026/07/6a47dbb34f1c3446367560.png","2026-07-19T10:09:00Z"
"Tech Redux Website","tech-redux-website","submission","Design Agencies | Technology | Web & Interactive | Animation | Portfolio | Transitions | 3D | UI design | Contentful","https://www.awwwards.com/sites/tech-redux-website","https://www.awwwards.com/websites/portfolio/?page=36","https://assets.awwwards.com/awards/media/cache/thumb_880_660/submissions/2025/04/67f3c98ee40d1550003667.png","2025-04-22T06:26:47Z"
"Technoprofil","technoprofil","submission","Architecture | Business & Corporate | Clean | Portfolio | Gallery","https://www.awwwards.com/sites/technoprofil","https://www.awwwards.com/websites/portfolio/?page=38","https://assets.awwwards.com/awards/media/cache/thumb_880_660/submissions/2025/02/67c073bd5b490207608532.jpg","2025-03-10T07:04:35Z"
"Tecna","tecna","submission","Business & Corporate | Design Agencies | Technology | Flat Design | Portfolio | Responsive Design | Photo & Video | Microinteractions","https://www.awwwards.com/sites/tecna","https://www.awwwards.com/websites/portfolio/?page=37","https://assets.awwwards.com/awards/media/cache/thumb_880_660/submissions/2025/03/67d048c8a50e3408283638.jpg","2025-03-24T06:51:19Z"
"Telha Clarke","telha-clarke","submission","Architecture | Animation | Wordpress | Parallax | Portfolio | Transitions | Gallery | GSAP | Microinteractions | Tailwind","https://www.awwwards.com/sites/telha-clarke","https://www.awwwards.com/websites/portfolio/?page=18","https://assets.awwwards.com/awards/media/cache/thumb_880_660/submissions/2026/01/6964b60076436116585408.jpg","2026-02-16T00:00:00Z"
"Templatehouse","templatehouse","submission","Business & Corporate | Technology | Web & Interactive | Animation | Fullscreen | Parallax | Portfolio | Responsive Design | Node.js | Interaction Design | Vue.js | Nuxt.js","https://www.awwwards.com/sites/templatehouse","https://www.awwwards.com/websites/portfolio/?page=29","https://assets.awwwards.com/awards/media/cache/thumb_880_660/submissions/2025/07/6877082751bce290085683.png","2025-08-04T09:47:32Z"
"Tequila Branding & Web Agency","tequila-branding-web-agency","submission","Design Agencies | Wordpress | HTML5 | Navigation Menu | Portfolio | Responsive Design | Content architecture | UI design | About Page | Javascript","https://www.awwwards.com/sites/tequila-branding-web-agency","https://www.awwwards.com/websites/portfolio/?page=7","https://assets.awwwards.com/awards/media/cache/thumb_880_660/submissions/2026/07/6a59fdd4d793f794913883.png","2026-07-23T09:34:00Z"
"Terrain","terrain","submission","Business & Corporate | Design Agencies | Web & Interactive | Animation | Fullscreen | Minimal | Portfolio | Responsive Design | Project Page","https://www.awwwards.com/sites/terrain","https://www.awwwards.com/websites/portfolio/?page=37","https://assets.awwwards.com/awards/media/cache/thumb_880_660/submissions/2025/03/67d99dab9eb06216608930.png","2025-04-02T06:04:28Z"
"Tetiana Prokhoda Portfolio","tetiana-prokhoda-portfolio","submission","Business & Corporate | Design Agencies | Web & Interactive | Minimal | Portfolio | Retro | Unusual Navigation | Menu - Vertical","https://www.awwwards.com/sites/tetiana-prokhoda-portfolio","https://www.awwwards.com/websites/portfolio/?page=50","https://assets.awwwards.com/awards/media/cache/thumb_880_660/submissions/2024/08/66c23b7d984bd840320274.png","2024-08-29T05:35:42Z"
"TGE Ventures","tge-ventures","submission","Promotional | Technology | Animation | Clean | Colorful | Portfolio | 3D | Gestures / Interaction | Startups","https://www.awwwards.com/sites/tge-ventures","https://www.awwwards.com/websites/portfolio/?page=58","https://assets.awwwards.com/awards/media/cache/thumb_880_660/submissions/2024/04/6623c179a7864216033517.jpg","2024-04-26T08:07:26Z"
"The Agency of Love & Logic","the-agency-of-love-logic","submission","Design Agencies | Graphic design | Portfolio | Responsive | GSAP | Interaction Design | UI design | Project Page | Sanity | Astro","https://www.awwwards.com/sites/the-agency-of-love-logic","https://www.awwwards.com/websites/portfolio/?page=13","https://assets.awwwards.com/awards/media/cache/thumb_880_660/submissions/2026/03/69a849752f761629311403.jpg","2026-04-19T00:00:00Z"
"The Booth","the-booth","submission","Art & Illustration | Design Agencies | Animation | Minimal | Portfolio | Video | Transitions | Copy design","https://www.awwwards.com/sites/the-booth","https://www.awwwards.com/websites/portfolio/?page=41","https://assets.awwwards.com/awards/media/cache/thumb_880_660/submissions/2025/01/67901f7195cbd373796615.jpg","2025-02-04T07:25:49Z"
"the branding people","the-branding-people","submission","Business & Corporate | Design Agencies | Web & Interactive | Animation | Graphic design | Portfolio | Typography | 3D | Project Page | Webflow | Figma | Adobe Photoshop","https://www.awwwards.com/sites/the-branding-people","https://www.awwwards.com/websites/portfolio/?page=18","https://assets.awwwards.com/awards/media/cache/thumb_880_660/submissions/2026/02/6983bca346431223340366.jpg","2026-02-15T17:20:41Z"
"The Coconut Studio","the-coconut-studio","submission","Design Agencies | Web & Interactive | Animation | Portfolio | Transitions | 3D | Interaction Design | Startups | next.js","https://www.awwwards.com/sites/the-coconut-studio","https://www.awwwards.com/websites/portfolio/?page=41","https://assets.awwwards.com/awards/media/cache/thumb_880_660/submissions/2025/01/67811addcbfb3798258405.jpg","2025-01-23T07:26:00Z"
"THE COUNTENANCE OF SHINJUKU","the-countenance-of-shinjuku","submission","Portfolio | Retro | Typography | Photography | Transitions | Gallery | 404 pages","https://www.awwwards.com/sites/the-countenance-of-shinjuku","https://www.awwwards.com/websites/portfolio/?page=66","https://assets.awwwards.com/awards/media/cache/thumb_880_660/submissions/2024/01/6593cdc09e3f0890576262.jpg","2024-01-05T09:13:00Z"
"THE DAYS GO ON.","the-days-go-on","submission","Music & Sound | Portfolio","https://www.awwwards.com/sites/the-days-go-on","https://www.awwwards.com/websites/portfolio/?page=34","https://assets.awwwards.com/awards/media/cache/thumb_880_660/submissions/2025/05/6820ae7d94167435196841.jpg","2025-05-26T09:38:38Z"
"The Design Archive by Dinidu","the-design-archive-by-dinidu","submission","Art & Illustration | Web & Interactive | Clean | Flat Design | Minimal | Portfolio | Webflow | Figma | Adobe Illustrator","https://www.awwwards.com/sites/the-design-archive-by-dinidu","https://www.awwwards.com/websites/portfolio/?page=28","https://assets.awwwards.com/awards/media/cache/thumb_880_660/submissions/2025/08/688dcb27df6d6445658253.png","2025-08-14T13:42:34Z"
"The Dome Retreats","the-dome-retreats","submission","Business & Corporate | Events | Hotel / Restaurant | Big Background Images | Clean | Colorful | Portfolio | Responsive Design | UI design","https://www.awwwards.com/sites/the-dome-retreats","https://www.awwwards.com/websites/portfolio/?page=68","https://assets.awwwards.com/awards/media/cache/thumb_880_660/submissions/2023/12/656eec714aae1694241492.jpg","2023-12-11T09:33:53Z"
"The Donut Studio","the-donut-studio","submission","Art & Illustration | Design Agencies | Web & Interactive | Colorful | Graphic design | Portfolio | Responsive Design | Interaction Design | Adobe Photoshop | Adobe Illustrator | Framer","https://www.awwwards.com/sites/the-donut-studio","https://www.awwwards.com/websites/portfolio/?page=3","https://assets.awwwards.com/awards/media/cache/thumb_880_660/submissions/2026/08/6a84025ecb0b9604685522.png","2026-08-31T14:09:40Z"
"The Drop for Creatives","the-drop-for-creatives","submission","Business & Corporate | Web & Interactive | Animation | Portfolio | 3D | Startups","https://www.awwwards.com/sites/the-drop-for-creatives","https://www.awwwards.com/websites/portfolio/?page=33","https://assets.awwwards.com/awards/media/cache/thumb_880_660/submissions/2025/05/6830274734c2e995385662.png","2025-06-10T09:59:48Z"
"The First The Last® Agency","the-first-the-last-r-agency","submission","Business & Corporate | Design Agencies | Web & Interactive | Clean | Minimal | Portfolio | Scrolling | UI design | Microinteractions","https://www.awwwards.com/sites/the-first-the-last-r-agency","https://www.awwwards.com/websites/portfolio/?page=41","https://assets.awwwards.com/awards/media/cache/thumb_880_660/submissions/2024/12/676e9d24af504239059842.png","2025-01-26T00:00:00Z"
"The Garden Builders","the-garden-builders-2","submission","Architecture | Portfolio | Responsive Design | SEO | Photography | Gallery | Real Estate | Content architecture | Project Page","https://www.awwwards.com/sites/the-garden-builders-2","https://www.awwwards.com/websites/portfolio/?page=34","https://assets.awwwards.com/awards/media/cache/thumb_880_660/submissions/2025/04/680f4f1e53fdd860294302.jpg","2025-05-12T09:31:32Z"
"The Genius Club","the-genius-club","submission","Design Agencies | Music & Sound | Minimal | Photographic | Portfolio | Video | Photography | Illustration","https://www.awwwards.com/sites/the-genius-club","https://www.awwwards.com/websites/portfolio/?page=67","https://assets.awwwards.com/awards/media/cache/thumb_880_660/submissions/2023/11/65650762961b0933781898.png","2023-12-20T00:00:00Z"
"The Gum","the-gum","submission","Design Agencies | Big Background Images | CSS | Horizontal Layout | HTML5 | Infinite Scroll | Portfolio | Unusual Navigation | Photo & Video | Javascript","https://www.awwwards.com/sites/the-gum","https://www.awwwards.com/websites/portfolio/?page=15","https://assets.awwwards.com/awards/media/cache/thumb_880_660/submissions/2026/03/69bc978f2c93c811910573.jpg","2026-04-02T12:09:14Z"
"The Khalili Collections","the-khalili-collections","submission","Art & Illustration | Animation | Portfolio | SEO | Vector | Gallery | UI design","https://www.awwwards.com/sites/the-khalili-collections","https://www.awwwards.com/websites/portfolio/?page=60","https://assets.awwwards.com/awards/media/cache/thumb_880_660/submissions/2024/03/65fb08a0b077e920663203.png","2024-03-28T09:56:14Z"
"The most epic Porfolio","the-most-epic-porfolio","submission","Design Agencies | Promotional | Animation | Portfolio | UI design | Microinteractions","https://www.awwwards.com/sites/the-most-epic-porfolio","https://www.awwwards.com/websites/portfolio/?page=60","https://assets.awwwards.com/awards/media/cache/thumb_880_660/submissions/2024/03/65fdcf113e596826717396.png","2024-04-02T08:03:42Z"
"The NXT","the-nxt","submission","Design Agencies | Web & Interactive | Animation | Clean | Colorful | Portfolio | Responsive Design | Single page","https://www.awwwards.com/sites/the-nxt","https://www.awwwards.com/websites/portfolio/?page=48","https://assets.awwwards.com/awards/media/cache/thumb_880_660/submissions/2024/09/66f8913026d2a810090880.png","2024-10-08T06:51:29Z"
"The Podcast Coach","the-podcast-coach","submission","Business & Corporate | Music & Sound | Clean | Wordpress | Portfolio | Responsive Design | Typography | GSAP | Photo & Video | UI design | Figma","https://www.awwwards.com/sites/the-podcast-coach","https://www.awwwards.com/websites/portfolio/?page=19","https://assets.awwwards.com/awards/media/cache/thumb_880_660/submissions/2026/01/6970a604c990b859418841.jpg","2026-02-01T12:40:00Z"
"The Portfolio of Anthony Fonte","the-portfolio-of-anthony-fonte","submission","Design Agencies | Promotional | Web & Interactive | Parallax | Portfolio | Responsive Design | Gestures / Interaction | Interaction Design | UI design","https://www.awwwards.com/sites/the-portfolio-of-anthony-fonte","https://www.awwwards.com/websites/portfolio/?page=63","https://assets.awwwards.com/awards/media/cache/thumb_880_660/submissions/2024/02/65c5381089bba273670159.jpg","2024-02-15T09:41:28Z"
"The Rain Gutter Specialists","the-rain-gutter-specialists","submission","Business & Corporate | CSS | HTML5 | Portfolio | Responsive Design | SEO | Gallery | Responsive | Contentful | Javascript","https://www.awwwards.com/sites/the-rain-gutter-specialists","https://www.awwwards.com/websites/portfolio/?page=24","https://assets.awwwards.com/awards/media/cache/thumb_880_660/submissions/2025/10/68f53e64b4624962846265.png","2025-11-01T13:22:13Z"
"The REX Agency","the-rex-agency","submission","Business & Corporate | Design Agencies | Big Background Images | Graphic design | Portfolio | Responsive Design | Typography | UI design","https://www.awwwards.com/sites/the-rex-agency","https://www.awwwards.com/websites/portfolio/?page=54","https://assets.awwwards.com/awards/media/cache/thumb_880_660/submissions/2024/06/66721dd8bb05e695975577.png","2024-06-26T07:24:54Z"
"The Ride","the-ride","submission","Web & Interactive | HTML5 | Portfolio | Typography | Experimental | Storytelling | GSAP | Interaction Design | UI design | Vanilla JS","https://www.awwwards.com/sites/the-ride","https://www.awwwards.com/websites/portfolio/","https://assets.awwwards.com/awards/media/cache/thumb_880_660/submissions/2026/09/6aa2b61ff0f7d582401937.jpg","2026-09-23T08:52:05Z"
"The Robot and Me","the-robot-and-me","submission","Art & Illustration | CSS | Fullscreen | HTML5 | Portfolio | Data Visualization | Experimental | Storytelling | Gestures / Interaction | Interaction Design | Javascript","https://www.awwwards.com/sites/the-robot-and-me","https://www.awwwards.com/websites/portfolio/?page=2","https://assets.awwwards.com/awards/media/cache/thumb_880_660/submissions/2026/09/6a9d3d2d6849b290137381.jpg","2026-09-19T09:55:48Z"
"The studio of Sergey Lisovskiy","the-studio-of-sergey-lisovskiy","submission","Design Agencies | Web & Interactive | Clean | Portfolio | Scrolling | Experimental | About Page | Microinteractions | 404 pages","https://www.awwwards.com/sites/the-studio-of-sergey-lisovskiy","https://www.awwwards.com/websites/portfolio/?page=46","https://assets.awwwards.com/awards/media/cache/thumb_880_660/submissions/2024/10/671662ed37380860035958.png","2024-11-01T07:22:00Z"
"THE WALL. ■ COMMUNICATIONS v2","the-wall-communications-v2","submission","Design Agencies | Promotional | Web & Interactive | Animation | Clean | Portfolio | 3D | UI design | About Page","https://www.awwwards.com/sites/the-wall-communications-v2","https://www.awwwards.com/websites/portfolio/?page=66","https://assets.awwwards.com/awards/media/cache/thumb_880_660/submissions/2023/12/658ea60d8c7c9093528550.jpg","2024-01-04T12:34:42Z"
"The Watermark Collection","the-watermark-collection","submission","Architecture | Other | Minimal | Portfolio | Responsive Design | Gallery | Content architecture","https://www.awwwards.com/sites/the-watermark-collection","https://www.awwwards.com/websites/portfolio/?page=61","https://assets.awwwards.com/awards/media/cache/thumb_880_660/submissions/2024/01/659c10ef38e20656955227.jpg","2024-03-13T09:21:52Z"
"TheFinch Design","thefinch-design","submission","Business & Corporate | Design Agencies | Minimal | Portfolio | Responsive | Interaction Design | About Page | Footer Design | Startups","https://www.awwwards.com/sites/thefinch-design","https://www.awwwards.com/websites/portfolio/?page=50","https://assets.awwwards.com/awards/media/cache/thumb_880_660/submissions/2024/08/66c5ef078363f289275823.png","2024-09-02T05:20:41Z"
"TheFinch Design","thefinch-design-1","submission","Business & Corporate | Design Agencies | Web & Interactive | Wordpress | Portfolio | Typography | GSAP | About Page | Header Design | Microinteractions | Footer Design | Figma","https://www.awwwards.com/sites/thefinch-design-1","https://www.awwwards.com/websites/portfolio/?page=26","https://assets.awwwards.com/awards/media/cache/thumb_880_660/submissions/2025/09/68b976743b19e370536392.jpg","2025-09-14T15:45:54Z"
"Theo Hue Williams - Production","theo-hue-williams-production","submission","Design Agencies | Fashion | Film & TV | Animation | Clean | Fullscreen | Minimal | Portfolio | Transitions","https://www.awwwards.com/sites/theo-hue-williams-production","https://www.awwwards.com/websites/portfolio/?page=43","https://assets.awwwards.com/awards/media/cache/thumb_880_660/submissions/2024/02/65ca78e24026a610838732.png","2024-12-12T14:20:47Z"
"ThevertMenthe","thevertmenthe","submission","Art & Illustration | Web & Interactive | Animation | Portfolio | Gallery | GSAP | Three.js | GLSL | 3D | Interaction Design | 404 pages","https://www.awwwards.com/sites/thevertmenthe","https://www.awwwards.com/websites/portfolio/?page=22","https://assets.awwwards.com/awards/media/cache/thumb_880_660/submissions/2025/12/692f1a4e2586a938773259.png","2025-12-12T12:12:00Z"
"They Call Me Giulio","they-call-me-giulio-1","submission","Design Agencies | Web & Interactive | Portfolio | Single page | WebGL | Responsive | GSAP | React | 3D","https://www.awwwards.com/sites/they-call-me-giulio-1","https://www.awwwards.com/websites/portfolio/?page=16","https://assets.awwwards.com/awards/media/cache/thumb_880_660/submissions/2026/02/69a1bf2c38279719840680.jpg","2026-03-11T11:06:00Z"
"Thibaud Fellay — Portfolio 24'","thibaud-fellay-portfolio-24","submission","Film & TV | Web & Interactive | Animation | Big Background Images | Portfolio | Photography | Gallery | Filters and Effects | Photo & Video","https://www.awwwards.com/sites/thibaud-fellay-portfolio-24","https://www.awwwards.com/websites/portfolio/?page=44","https://assets.awwwards.com/awards/media/cache/thumb_880_660/submissions/2024/10/671f5a713bcb7640619156.png","2024-11-28T00:00:00Z"
"THIBAULT GUIGNAND PORTFOLIO","thibault-guignand-portfolio","submission","Promotional | Web & Interactive | Animation | Portfolio | WebGL | Transitions | Experimental | GSAP | 3D | Gestures / Interaction | Microinteractions | Typescript","https://www.awwwards.com/sites/thibault-guignand-portfolio","https://www.awwwards.com/websites/portfolio/?page=16","https://assets.awwwards.com/awards/media/cache/thumb_880_660/submissions/2026/02/69a15e7dee140998306345.png","2026-03-11T11:08:00Z"
"Thibault Introvigne Portfolio","thibault-introvigne-portfolio","submission","Games & Entertainment | Web & Interactive | Portfolio | Responsive Design | Single page | Unusual Navigation | Three.js | 3D | Vanilla JS | Blender","https://www.awwwards.com/sites/thibault-introvigne-portfolio","https://www.awwwards.com/websites/portfolio/?page=22","https://assets.awwwards.com/awards/media/cache/thumb_880_660/submissions/2025/12/692d5e853f3fe674076861.png","2025-12-10T11:54:00Z"
"Thibault Picard Portfolio","thibault-picard-portfolio","submission","Art & Illustration | Web & Interactive | Animation | Clean | Infinite Scroll | Portfolio | Typography | 3D","https://www.awwwards.com/sites/thibault-picard-portfolio","https://www.awwwards.com/websites/portfolio/?page=53","https://assets.awwwards.com/awards/media/cache/thumb_880_660/submissions/2024/07/668e8b9fc1555977657042.jpg","2024-07-18T05:10:54Z"
"Thibaut Noyer - Digital designer","thibaut-noyer-digital-designer","submission","Art & Illustration | Design Agencies | Web & Interactive | Clean | Minimal | Portfolio | Typography","https://www.awwwards.com/sites/thibaut-noyer-digital-designer","https://www.awwwards.com/websites/portfolio/?page=39","https://assets.awwwards.com/awards/media/cache/thumb_880_660/submissions/2025/02/67ab8f8623f77326110459.png","2025-02-25T06:54:02Z"
"Thing By Nemanja","thing-by-nemanja","submission","Other | Web & Interactive | Animation | Portfolio | Illustration | Transitions | Interaction Design | Microinteractions","https://www.awwwards.com/sites/thing-by-nemanja","https://www.awwwards.com/websites/portfolio/?page=33","https://assets.awwwards.com/awards/media/cache/thumb_880_660/submissions/2025/05/682d07389c8d0010705082.jpg","2025-06-06T09:41:26Z"
"Thinkbig Studio","thinkbig-studio","submission","Design Agencies | Clean | Graphic design | Minimal | Portfolio | Gallery | Menu - Vertical","https://www.awwwards.com/sites/thinkbig-studio","https://www.awwwards.com/websites/portfolio/?page=62","https://assets.awwwards.com/awards/media/cache/thumb_880_660/submissions/2024/03/65e1f37d26669921512053.png","2024-03-06T08:38:28Z"
"Thinreel","thinreel","submission","Film & TV | Promotional | Parallax | Portfolio | Typography | Illustration | Photography | Storytelling","https://www.awwwards.com/sites/thinreel","https://www.awwwards.com/websites/portfolio/?page=32","https://assets.awwwards.com/awards/media/cache/thumb_880_660/submissions/2025/06/683bd863c9268626312229.jpg","2025-06-13T08:27:25Z"
"THISISNOTANOTHERAGENCY","thisisnotanotheragency","submission","Infinite Scroll | Portfolio | Photography | Gallery | Photo & Video | About Page | Svelte | Figma","https://www.awwwards.com/sites/thisisnotanotheragency","https://www.awwwards.com/websites/portfolio/?page=21","https://assets.awwwards.com/awards/media/cache/thumb_880_660/submissions/2025/12/693b37aea7a22783650507.png","2025-12-24T13:15:00Z"
"Thomas Barrial-  Portfolio","thomas-barrial-portfolio","submission","Technology | Web & Interactive | Animation | Parallax | Portfolio | 3D | UI design | next.js","https://www.awwwards.com/sites/thomas-barrial-portfolio","https://www.awwwards.com/websites/portfolio/?page=35","https://assets.awwwards.com/awards/media/cache/thumb_880_660/submissions/2025/04/6809584d3ec60606631622.png","2025-05-05T12:32:00Z"
"Thomas Boulay","thomas-boulay","submission","Design Agencies | Web & Interactive | Portfolio | Responsive Design | UI design | Microinteractions | Project Page | Framer","https://www.awwwards.com/sites/thomas-boulay","https://www.awwwards.com/websites/portfolio/?page=41","https://assets.awwwards.com/awards/media/cache/thumb_880_660/submissions/2025/01/67882d79f1a61528379374.jpg","2025-01-29T07:27:00Z"
"Thomas Corneteau -Portfolio 24","thomas-corneteau-portfolio-24","submission","Web & Interactive | Clean | Portfolio | Typography | Responsive | 3D | Interaction Design","https://www.awwwards.com/sites/thomas-corneteau-portfolio-24","https://www.awwwards.com/websites/portfolio/?page=58","https://assets.awwwards.com/awards/media/cache/thumb_880_660/submissions/2024/04/662348f625229942529748.png","2024-04-26T08:07:42Z"
"Thomas Le Corre","thomas-le-corre","submission","Design Agencies | Mobile & Apps | Web & Interactive | Minimal | Portfolio | Typography | 3D | Interaction Design | Framer","https://www.awwwards.com/sites/thomas-le-corre","https://www.awwwards.com/websites/portfolio/?page=34","https://assets.awwwards.com/awards/media/cache/thumb_880_660/submissions/2025/05/6818af1519918460936740.jpg","2025-05-14T09:42:32Z"
"Thomas Lossie","thomas-lossie","submission","Art & Illustration | Design Agencies | Web & Interactive | Animation | Graphic design | Parallax | Portfolio | Gestures / Interaction | next.js","https://www.awwwards.com/sites/thomas-lossie","https://www.awwwards.com/websites/portfolio/?page=45","https://assets.awwwards.com/awards/media/cache/thumb_880_660/submissions/2024/11/672ce4ddc66f3514100087.png","2024-11-19T07:04:41Z"
"Thomas Monavon — Portfolio 24'","thomas-monavon-portfolio-24","submission","Other | Web & Interactive | Clean | Infinite Scroll | Portfolio | Photo & Video | UI design","https://www.awwwards.com/sites/thomas-monavon-portfolio-24","https://www.awwwards.com/websites/portfolio/?page=43","https://assets.awwwards.com/awards/media/cache/thumb_880_660/submissions/2024/11/67321398d3a93846344788.png","2024-12-10T00:00:00Z"
"thread & mesh","thread-mesh","submission","Fashion | Technology | Web & Interactive | Portfolio | Responsive Design | Storytelling | GSAP | Three.js | 3D | Interaction Design | UI design | Vanilla JS","https://www.awwwards.com/sites/thread-mesh","https://www.awwwards.com/websites/portfolio/?page=18","https://assets.awwwards.com/awards/media/cache/thumb_880_660/submissions/2026/02/698a165d90c1a845687546.jpg","2026-02-22T13:08:00Z"
"Three.js Game Gallery — 電脳遊技場","three-js-game-gallery-dian-noy-you-ji-chang","submission","Games & Entertainment | Animation | Portfolio | Retro | Scrolling | Single page | WebGL | Three.js | 3D","https://www.awwwards.com/sites/three-js-game-gallery-dian-noy-you-ji-chang","https://www.awwwards.com/websites/portfolio/?page=3","https://assets.awwwards.com/awards/media/cache/thumb_880_660/submissions/2026/08/6a86c307a140a336722859.jpg","2026-09-04T09:46:16Z"
"Tier II","tier-ii","submission","Architecture | Design Agencies | Wordpress | CSS | Parallax | Portfolio | Gallery | Figma | Social responsibility","https://www.awwwards.com/sites/tier-ii","https://www.awwwards.com/websites/portfolio/?page=20","https://assets.awwwards.com/awards/media/cache/thumb_880_660/submissions/2026/01/6966bda4d9d83553634207.jpg","2026-01-23T10:14:00Z"
"Tim Ogundipe '25","tim-ogundipe-25","submission","Design Agencies | Other | Web & Interactive | Animation | Clean | Minimal | Navigation Menu | Portfolio | Transitions","https://www.awwwards.com/sites/tim-ogundipe-25","https://www.awwwards.com/websites/portfolio/?page=31","https://assets.awwwards.com/awards/media/cache/thumb_880_660/submissions/2025/06/6856e58aaa1dc418315050.png","2025-06-27T09:29:16Z"
"Tingting Luo Portfolio","tingting-luo-portfolio","submission","Technology | Web & Interactive | Animation | Portfolio | Gallery | 3D | UI design | Figma | Blender | Framer","https://www.awwwards.com/sites/tingting-luo-portfolio","https://www.awwwards.com/websites/portfolio/?page=29","https://assets.awwwards.com/awards/media/cache/thumb_880_660/submissions/2025/07/68781926ed0a2917035683.jpg","2025-08-02T18:15:43Z"
"Tiny Wizard Studio","tiny-wizard-studio","submission","Art & Illustration | Design Agencies | Web & Interactive | Animation | Parallax | Portfolio | Illustration | Storytelling | Gestures / Interaction","https://www.awwwards.com/sites/tiny-wizard-studio","https://www.awwwards.com/websites/portfolio/?page=68","https://assets.awwwards.com/awards/media/cache/thumb_880_660/submissions/2023/11/65575aba4eba3059141740.jpg","2023-12-11T09:35:24Z"
"TIWIS","tiwis","submission","Business & Corporate | Animation | Horizontal Layout | Portfolio | GSAP | About Page | 404 pages | Webflow | Figma","https://www.awwwards.com/sites/tiwis","https://www.awwwards.com/websites/portfolio/?page=16","https://assets.awwwards.com/awards/media/cache/thumb_880_660/submissions/2026/02/69a1b54735b50845149729.jpg","2026-03-11T11:09:31Z"
"Tokonoma Studio","tokonoma-studio","submission","Design Agencies | CSS | HTML5 | Portfolio | Responsive Design | Unusual Navigation | Photography | Experimental | Gestures / Interaction | Interaction Design | Photo & Video | Javascript","https://www.awwwards.com/sites/tokonoma-studio","https://www.awwwards.com/websites/portfolio/","https://assets.awwwards.com/awards/media/cache/thumb_880_660/submissions/2026/09/6aa2633a2835f704300367.png","2026-09-23T08:51:51Z"
"TOKYO PHOTOGRAPHY","tokyo-photography","submission","Web & Interactive | Animation | Photographic | Portfolio | Photography | 404 pages","https://www.awwwards.com/sites/tokyo-photography","https://www.awwwards.com/websites/portfolio/?page=56","https://assets.awwwards.com/awards/media/cache/thumb_880_660/submissions/2024/05/664a29fe9f244448885118.jpg","2024-05-27T06:02:38Z"
"Tolis C.","tolis-c","submission","Web & Interactive | Minimal | Portfolio | Retro | SVG | Experimental | React | Gestures / Interaction | Microinteractions | Canvas API","https://www.awwwards.com/sites/tolis-c","https://www.awwwards.com/websites/portfolio/?page=8","https://assets.awwwards.com/awards/media/cache/thumb_880_660/submissions/2026/06/6a3ad274439e8320942715.png","2026-07-10T09:29:29Z"
"Tom - Portfolio '25","tom-portfolio-25","submission","Web & Interactive | Portfolio | GSAP | Webflow","https://www.awwwards.com/sites/tom-portfolio-25","https://www.awwwards.com/websites/portfolio/?page=29","https://assets.awwwards.com/awards/media/cache/thumb_880_660/submissions/2025/07/687470a334012410381649.png","2025-07-30T10:01:22Z"
"Tom Carder Media","tom-carder-media","submission","Film & TV | Big Background Images | Photographic | Portfolio | Photography | Gallery | GSAP | Photo & Video | Microinteractions | Webflow | Javascript","https://www.awwwards.com/sites/tom-carder-media","https://www.awwwards.com/websites/portfolio/?page=14","https://assets.awwwards.com/awards/media/cache/thumb_880_660/submissions/2026/04/69d9fe2624d5f530884271.jpg","2026-04-13T09:40:00Z"
"Tomasz ""ITom"" Szmajda Folio","tomasz-itom-szmajda-folio","submission","Web & Interactive | Animation | Portfolio | Responsive Design | WebGL | Experimental | GSAP | Three.js | 3D | Contentful","https://www.awwwards.com/sites/tomasz-itom-szmajda-folio","https://www.awwwards.com/websites/portfolio/?page=13","https://assets.awwwards.com/awards/media/cache/thumb_880_660/submissions/2026/04/69e6be3cc1912539087467.png","2026-04-30T10:38:03Z"
"tomoliverharrison.co.uk","tomoliverharrison-co-uk","submission","Web & Interactive | Portfolio | Filters and Effects","https://www.awwwards.com/sites/tomoliverharrison-co-uk","https://www.awwwards.com/websites/portfolio/?page=38","https://assets.awwwards.com/awards/media/cache/thumb_880_660/submissions/2025/02/67bf4b25c90c4229232201.jpg","2025-03-14T07:19:54Z"
"TOMOMI SHIBAKUSA","tomomi-shibakusa","submission","Art & Illustration | Music & Sound | Web & Interactive | Colorful | Parallax | Portfolio | Typography | Transitions | Gallery","https://www.awwwards.com/sites/tomomi-shibakusa","https://www.awwwards.com/websites/portfolio/?page=56","https://assets.awwwards.com/awards/media/cache/thumb_880_660/submissions/2024/05/66432d792e456667693270.jpg","2024-05-23T05:28:48Z"
"Tomoro Sugawara Design Profile","tomoro-sugawara-design-profile","submission","Figma | Adobe XD | Art & Illustration | Blender | Web & Interactive | Portfolio | Experimental | About Page | Contact Page","https://www.awwwards.com/sites/tomoro-sugawara-design-profile","https://www.awwwards.com/websites/portfolio/?page=4","https://assets.awwwards.com/awards/media/cache/thumb_880_660/submissions/2026/08/6a7ad1ed653de667739337.png","2026-08-24T12:23:03Z"
"tomoya okada - portfolio","tomoya-okada-portfolio","submission","Web & Interactive | Animation | Clean | Minimal | Portfolio | GSAP | UI design | Nuxt.js","https://www.awwwards.com/sites/tomoya-okada-portfolio","https://www.awwwards.com/websites/portfolio/?page=29","https://assets.awwwards.com/awards/media/cache/thumb_880_660/submissions/2025/08/689171c047103769000756.jpg","2025-08-10T12:28:00Z"
"Tomoya Okada - portfolio v6","tomoya-okada-portfolio-v6","submission","Other | Technology | Web & Interactive | Clean | Minimal | Portfolio | Typography | UI design | About Page","https://www.awwwards.com/sites/tomoya-okada-portfolio-v6","https://www.awwwards.com/websites/portfolio/?page=38","https://assets.awwwards.com/awards/media/cache/thumb_880_660/submissions/2025/02/67b71cec1fa84614904690.jpg","2025-03-07T06:59:36Z"
"Toshihito Endo's Portfolio","toshihito-endos-portfolio","submission","Architecture | Games & Entertainment | Web & Interactive | Animation | Portfolio | Storytelling | UI design","https://www.awwwards.com/sites/toshihito-endos-portfolio","https://www.awwwards.com/websites/portfolio/?page=38","https://assets.awwwards.com/awards/media/cache/thumb_880_660/submissions/2025/02/67bdc8e47b415323346650.png","2025-03-13T07:26:22Z"
"toutdroit","toutdroit","submission","Design Agencies | Promotional | Web & Interactive | Clean | Minimal | Portfolio | Responsive Design | Responsive | UI design | Framer","https://www.awwwards.com/sites/toutdroit","https://www.awwwards.com/websites/portfolio/?page=33","https://assets.awwwards.com/awards/media/cache/thumb_880_660/submissions/2025/05/682f0b2c441eb093882051.jpg","2025-06-10T10:00:00Z"
"Trajectory Web Design","trajectory-web-design-1","submission","Business & Corporate | Design Agencies | Web & Interactive | Animation | CSS | Minimal | Portfolio | Responsive Design | Typography | UI design | Vanilla JS | 11ty","https://www.awwwards.com/sites/trajectory-web-design-1","https://www.awwwards.com/websites/portfolio/?page=12","https://assets.awwwards.com/awards/media/cache/thumb_880_660/submissions/2026/04/69e8bdd2eaeb4489347585.jpg","2026-05-02T11:26:00Z"
"Travelling Distribution","travelling-distribution","submission","Film & TV | Big Background Images | Colorful | Photographic | Portfolio | Photo & Video | Figma","https://www.awwwards.com/sites/travelling-distribution","https://www.awwwards.com/websites/portfolio/?page=19","https://assets.awwwards.com/awards/media/cache/thumb_880_660/submissions/2026/01/6973ec3576d87966847803.jpg","2026-02-04T11:43:10Z"
"Tredi Interiors","tredi-interiors","submission","Design Agencies | Wordpress | Portfolio","https://www.awwwards.com/sites/tredi-interiors","https://www.awwwards.com/websites/portfolio/?page=23","https://assets.awwwards.com/awards/media/cache/thumb_880_660/submissions/2025/10/6904cc9eee290605781761.jpg","2025-11-11T10:54:26Z"
"TREIZE GRAMMES","treize-grammes","submission","Business & Corporate | Design Agencies | Web & Interactive | Animation | Portfolio | Scrolling | Responsive | Gestures / Interaction | Microinteractions","https://www.awwwards.com/sites/treize-grammes","https://www.awwwards.com/websites/portfolio/?page=47","https://assets.awwwards.com/awards/media/cache/thumb_880_660/submissions/2024/10/66fd0c65e8df5636500178.png","2024-10-11T06:53:00Z"
"Trew Knowledge","trew-knowledge","submission","Business & Corporate | Design Agencies | Web & Interactive | Animation | Portfolio | Typography | Responsive | Gestures / Interaction | UI design","https://www.awwwards.com/sites/trew-knowledge","https://www.awwwards.com/websites/portfolio/?page=41","https://assets.awwwards.com/awards/media/cache/thumb_880_660/submissions/2025/01/6797ecadac1d6182062266.png","2025-02-06T06:58:44Z"
"TREY HOLLINGER","trey-hollinger","submission","Technology | Web & Interactive | Graphic design | Portfolio | WebGL | Data Visualization | Experimental | Storytelling | Three.js | GLSL | Filters and Effects | next.js","https://www.awwwards.com/sites/trey-hollinger","https://www.awwwards.com/websites/portfolio/?page=12","https://assets.awwwards.com/awards/media/cache/thumb_880_660/submissions/2026/04/69e8e0959ad32765512895.png","2026-05-02T11:33:51Z"
"Trigger Shoots","trigger-shoots-3","submission","Fashion | Clean | Photographic | Portfolio | Photography | Responsive","https://www.awwwards.com/sites/trigger-shoots-3","https://www.awwwards.com/websites/portfolio/?page=57","https://assets.awwwards.com/awards/media/cache/thumb_880_660/submissions/2024/05/6641f7d65566c772163806.png","2024-05-17T08:37:31Z"
"TRIONN","trionn-2","submission","Design Agencies | Technology | Web & Interactive | Animation | Portfolio | GSAP | Three.js | 3D | Interaction Design | Microinteractions | 404 pages | Next.js","https://www.awwwards.com/sites/trionn-2","https://www.awwwards.com/websites/portfolio/?page=6","https://assets.awwwards.com/awards/media/cache/thumb_880_660/submissions/2026/06/6a26b74abec2f887166957.png","2026-07-27T00:00:00Z"
"Tripalium Studio","tripalium-studio","submission","Design Agencies | Technology | Web & Interactive | Animation | Graphic design | Portfolio | Transitions | About Page | Footer Design","https://www.awwwards.com/sites/tripalium-studio","https://www.awwwards.com/websites/portfolio/?page=47","https://assets.awwwards.com/awards/media/cache/thumb_880_660/submissions/2024/09/66fa6e1c7a5a4907426086.jpg","2024-10-09T06:49:20Z"
"Triptych","triptych-2","submission","Business & Corporate | Design Agencies | Web & Interactive | Animation | Graphic design | Portfolio | Illustration | 3D","https://www.awwwards.com/sites/triptych-2","https://www.awwwards.com/websites/portfolio/?page=54","https://assets.awwwards.com/awards/media/cache/thumb_880_660/submissions/2024/06/6679b59b9d551999068231.png","2024-07-02T05:19:26Z"
"TRUF Creative","truf-creative-2","submission","Art & Illustration | Promotional | Web & Interactive | Big Background Images | Clean | Graphic design | Minimal | Portfolio | Gallery","https://www.awwwards.com/sites/truf-creative-2","https://www.awwwards.com/websites/portfolio/?page=63","https://assets.awwwards.com/awards/media/cache/thumb_880_660/submissions/2024/02/65c3bce5d3e18712480407.jpg","2024-02-14T09:59:09Z"
"Truus","truus","submission","Design Agencies | Film & TV | Colorful | Portfolio | Typography | Illustration | GSAP | BARBA.js | Webflow","https://www.awwwards.com/sites/truus","https://www.awwwards.com/websites/portfolio/?page=27","https://assets.awwwards.com/awards/media/cache/thumb_880_660/submissions/2025/07/6878a302b9c28800104087.jpg","2025-09-09T00:00:00Z"
"Tuinen in stijl","tuinen-in-stijl","submission","Architecture | Clean | Minimal | Portfolio | Real Estate | Project Page | Luxury","https://www.awwwards.com/sites/tuinen-in-stijl","https://www.awwwards.com/websites/portfolio/?page=42","https://assets.awwwards.com/awards/media/cache/thumb_880_660/submissions/2024/12/6769818e6e2d2311656366.jpg","2025-01-05T19:40:41Z"
"TURBOHOOD","turbohood","submission","Games & Entertainment | Colorful | Portfolio | Retro | 3D | Photo & Video","https://www.awwwards.com/sites/turbohood","https://www.awwwards.com/websites/portfolio/?page=52","https://assets.awwwards.com/awards/media/cache/thumb_880_660/submissions/2024/07/66a23b2ab2f78769574347.jpg","2024-07-26T06:05:00Z"
"Turco Design","turco-design","submission","Architecture | Design Agencies | Navigation Menu | Portfolio | Typography | Content architecture | Footer Design | Project Page | Luxury","https://www.awwwards.com/sites/turco-design","https://www.awwwards.com/websites/portfolio/?page=49","https://assets.awwwards.com/awards/media/cache/thumb_880_660/submissions/2024/09/66dae6cdc4920108520721.jpg","2024-09-18T14:16:37Z"
"Tusaro Studio","tusaro-studio","submission","Business & Corporate | Design Agencies | Web & Interactive | Minimal | Navigation Menu | Portfolio | Typography | Interaction Design | Microinteractions","https://www.awwwards.com/sites/tusaro-studio","https://www.awwwards.com/websites/portfolio/?page=32","https://assets.awwwards.com/awards/media/cache/thumb_880_660/submissions/2025/06/684485073a872964566461.jpg","2025-06-16T09:25:00Z"
"twks","twks-1","submission","Design Agencies | Portfolio | Typography | Gallery | Interaction Design | Contact Page | Microinteractions | Figma","https://www.awwwards.com/sites/twks-1","https://www.awwwards.com/websites/portfolio/?page=3","https://assets.awwwards.com/awards/media/cache/thumb_880_660/submissions/2026/08/6a8d4591d07cb861638495.jpg","2026-08-31T14:09:31Z"
"Two Capitals Studio","two-capitals-studio","submission","Business & Corporate | Web & Interactive | Animation | Minimal | Portfolio | 3D | UI design | Startups","https://www.awwwards.com/sites/two-capitals-studio","https://www.awwwards.com/websites/portfolio/?page=40","https://assets.awwwards.com/awards/media/cache/thumb_880_660/submissions/2025/02/67ab76ba72f0b407118122.jpg","2025-02-14T07:06:46Z"
"TWODESIGNERS – Design studio","twodesigners-design-studio","submission","Architecture | Business & Corporate | Design Agencies | Big Background Images | Infinite Scroll | Navigation Menu | Portfolio | Transitions | Project Page","https://www.awwwards.com/sites/twodesigners-design-studio","https://www.awwwards.com/websites/portfolio/?page=59","https://assets.awwwards.com/awards/media/cache/thumb_880_660/submissions/2024/04/660eae50f0c68792477769.png","2024-04-11T07:57:04Z"
"TWOFIFTYK™️","twofiftyktm","submission","Business & Corporate | Design Agencies | Events | Clean | Portfolio | Transitions | Microinteractions","https://www.awwwards.com/sites/twofiftyktm","https://www.awwwards.com/websites/portfolio/?page=45","https://assets.awwwards.com/awards/media/cache/thumb_880_660/submissions/2024/11/672a098e2b39f144959182.jpg","2024-11-15T06:50:00Z"
"UBBS London","ubbs-london","submission","Architecture | Clean | Minimal | Portfolio | Responsive Design | Real Estate | UI design | Microinteractions","https://www.awwwards.com/sites/ubbs-london","https://www.awwwards.com/websites/portfolio/?page=62","https://assets.awwwards.com/awards/media/cache/thumb_880_660/submissions/2024/02/65de3191f1f5c143452461.jpg","2024-03-04T09:32:08Z"
"UCLAB","uclab","submission","Culture & Education | Institutions | Web & Interactive | Graphic design | Portfolio | Responsive Design | Typography | Gestures / Interaction | UI design","https://www.awwwards.com/sites/uclab","https://www.awwwards.com/websites/portfolio/?page=31","https://assets.awwwards.com/awards/media/cache/thumb_880_660/submissions/2025/06/6852e278258ce153522202.png","2025-07-04T09:29:42Z"
"UI Forge","ui-forge","submission","Art & Illustration | Design Agencies | Web & Interactive | Icons | Portfolio | Illustration | UI design | About Page","https://www.awwwards.com/sites/ui-forge","https://www.awwwards.com/websites/portfolio/?page=46","https://assets.awwwards.com/awards/media/cache/thumb_880_660/submissions/2024/10/67098cf0810d1285747138.png","2024-10-24T06:20:00Z"
"UI/UX Designer | Portfolio","ui-ux-designer-portfolio","submission","Art & Illustration | Design Agencies | Web & Interactive | Flat Design | Portfolio | Responsive Design | Responsive | Interaction Design | UI design | Framer","https://www.awwwards.com/sites/ui-ux-designer-portfolio","https://www.awwwards.com/websites/portfolio/?page=60","https://assets.awwwards.com/awards/media/cache/thumb_880_660/submissions/2024/03/660861e24ff86580235173.jpg","2024-04-09T07:58:31Z"
"Ulf.Online","ulf-online","submission","Mobile & Apps | Promotional | Web & Interactive | Wordpress | CSS | Graphic design | Parallax | Portfolio | Storytelling | Interaction Design | UI design | Figma","https://www.awwwards.com/sites/ulf-online","https://www.awwwards.com/websites/portfolio/?page=29","https://assets.awwwards.com/awards/media/cache/thumb_880_660/submissions/2025/07/6877301652a05327817158.png","2025-08-01T09:31:00Z"
"ULTRACOMBOS","ultracombos","submission","Design Agencies | Portfolio | Filters and Effects | Interaction Design | next.js","https://www.awwwards.com/sites/ultracombos","https://www.awwwards.com/websites/portfolio/?page=33","https://assets.awwwards.com/awards/media/cache/thumb_880_660/submissions/2025/06/683d3e7be5c34136840041.jpg","2025-06-06T09:45:24Z"
"ULTRAGRID","ultragrid","submission","GSAP | 3D | Design Agencies | Interaction Design | Web & Interactive | Microinteractions | Animation | Webflow | Portfolio | Blender | Experimental | Storytelling","https://www.awwwards.com/sites/ultragrid","https://www.awwwards.com/websites/portfolio/?page=5","https://assets.awwwards.com/awards/media/cache/thumb_880_660/submissions/2026/07/6a69d7a270b8e122845232.png","2026-08-12T09:27:49Z"
"Umault","umault","submission","Design Agencies | Film & TV | Promotional | Animation | Parallax | Portfolio | Retro | Video | Transitions","https://www.awwwards.com/sites/umault","https://www.awwwards.com/websites/portfolio/?page=47","https://assets.awwwards.com/awards/media/cache/thumb_880_660/submissions/2024/08/66d324a61c780013209550.png","2024-10-11T00:00:00Z"
"Un refugio para Psicólogas","un-refugio-para-psicologas","submission","Culture & Education | E-Commerce | Colorful | Fullscreen | Graphic design | Portfolio | Microinteractions | Social responsibility | WooCommerce","https://www.awwwards.com/sites/un-refugio-para-psicologas","https://www.awwwards.com/websites/portfolio/?page=38","https://assets.awwwards.com/awards/media/cache/thumb_880_660/submissions/2025/02/67bf41229876a208599633.jpg","2025-03-13T07:26:32Z"
"UN-SCALABLE VISION","un-scalable-vision","submission","Business & Corporate | Design Agencies | Web & Interactive | Animation | Parallax | Portfolio | Video | Transitions | 3D","https://www.awwwards.com/sites/un-scalable-vision","https://www.awwwards.com/websites/portfolio/?page=34","https://assets.awwwards.com/awards/media/cache/thumb_880_660/submissions/2025/04/6811d9bf3c462090573914.jpg","2025-05-09T07:55:20Z"
"Unbearable Design","unbearable-design","submission","Design Agencies | Web & Interactive | Animation | Graphic design | Parallax | Portfolio | Experimental | UI design | Microinteractions","https://www.awwwards.com/sites/unbearable-design","https://www.awwwards.com/websites/portfolio/?page=43","https://assets.awwwards.com/awards/media/cache/thumb_880_660/submissions/2024/12/6762c4c9a57cc649671989.png","2024-12-18T07:27:00Z"
"Uncommon website","uncommon-website","submission","Design Agencies | Promotional | Web & Interactive | Fullscreen | Portfolio | Microinteractions | Footer Design | Project Page | next.js","https://www.awwwards.com/sites/uncommon-website","https://www.awwwards.com/websites/portfolio/?page=53","https://assets.awwwards.com/awards/media/cache/thumb_880_660/submissions/2024/04/661e01860f90c088428651.png","2024-07-14T00:00:00Z"
"Undefined","undefined-1","submission","Design Agencies | Web & Interactive | Big Background Images | Colorful | Portfolio | next.js | Prismic | Next.js","https://www.awwwards.com/sites/undefined-1","https://www.awwwards.com/websites/portfolio/?page=25","https://assets.awwwards.com/awards/media/cache/thumb_880_660/submissions/2025/09/68d464cb348a6816000629.jpg","2025-10-07T09:34:00Z"
"Uni Agency","uni-agency","submission","Business & Corporate | Design Agencies | Web & Interactive | Portfolio | Typography | Unusual Navigation | Content architecture | UI design | Footer Design","https://www.awwwards.com/sites/uni-agency","https://www.awwwards.com/websites/portfolio/?page=67","https://assets.awwwards.com/awards/media/cache/thumb_880_660/submissions/2023/12/65797c1443140123314102.png","2024-01-02T08:10:02Z"
"Unloop","unloop","submission","Business & Corporate | Design Agencies | Web & Interactive | Animation | Navigation Menu | Portfolio | Transitions | 3D","https://www.awwwards.com/sites/unloop","https://www.awwwards.com/websites/portfolio/?page=52","https://assets.awwwards.com/awards/media/cache/thumb_880_660/submissions/2024/07/66a288910d5dc398688593.jpg","2024-08-05T06:27:43Z"
"UNOXUNO®","unoxuno-r","submission","Fashion | Film & TV | Animation | Infinite Scroll | Portfolio | Unusual Navigation | Photography | Filters and Effects | Photo & Video","https://www.awwwards.com/sites/unoxuno-r","https://www.awwwards.com/websites/portfolio/?page=51","https://assets.awwwards.com/awards/media/cache/thumb_880_660/submissions/2024/08/66ae58078a3a1182990060.jpg","2024-08-14T05:54:00Z"
"Untraditional Weddingfilms","untraditional-weddingfilms","submission","Film & TV | Music & Sound | Animation | Clean | Portfolio | Sound-Audio | Photo & Video | About Page | Luxury","https://www.awwwards.com/sites/untraditional-weddingfilms","https://www.awwwards.com/websites/portfolio/?page=44","https://assets.awwwards.com/awards/media/cache/thumb_880_660/submissions/2024/11/673ef0f250a29096672846.jpg","2024-12-03T09:56:15Z"
"UNVEIL®","unveil-r","submission","Design Agencies | Web & Interactive | Clean | Minimal | Portfolio | Experimental | Gallery | 3D | next.js","https://www.awwwards.com/sites/unveil-r","https://www.awwwards.com/websites/portfolio/?page=57","https://assets.awwwards.com/awards/media/cache/thumb_880_660/submissions/2024/05/663e549136454530891378.jpg","2024-05-17T08:43:03Z"
"Up&Up","up-up","submission","Design Agencies | Film & TV | Web & Interactive | Clean | jQuery | Navigation Menu | Portfolio | GSAP | 3D | UI design | Microinteractions | BARBA.js","https://www.awwwards.com/sites/up-up","https://www.awwwards.com/websites/portfolio/?page=25","https://assets.awwwards.com/awards/media/cache/thumb_880_660/submissions/2025/09/68bab6be1a4fe684453358.jpg","2025-10-13T00:00:00Z"
"UPP","upp","submission","Design Agencies | Film & TV | Web & Interactive | Animation | Portfolio | Transitions | 3D | Interaction Design | Photo & Video","https://www.awwwards.com/sites/upp","https://www.awwwards.com/websites/portfolio/?page=34","https://assets.awwwards.com/awards/media/cache/thumb_880_660/submissions/2025/04/67f7c87b2fd9e244068054.jpg","2025-05-21T09:27:00Z"
"Uppley Media","uppley-media","submission","Design Agencies | Clean | Minimal | Portfolio | Menu - Vertical","https://www.awwwards.com/sites/uppley-media","https://www.awwwards.com/websites/portfolio/?page=64","https://assets.awwwards.com/awards/media/cache/thumb_880_660/submissions/2024/02/65bd1c1af3d55639788499.png","2024-02-08T10:27:46Z"
"Uprising™","uprisingtm","submission","Design Agencies | Web & Interactive | Animation | Portfolio | Transitions | Experimental | 3D | About Page | Footer Design","https://www.awwwards.com/sites/uprisingtm","https://www.awwwards.com/websites/portfolio/?page=51","https://assets.awwwards.com/awards/media/cache/thumb_880_660/submissions/2024/07/668561b07b2cf203375674.png","2024-08-09T00:00:00Z"
"Upsidedown","upsidedown","submission","Design Agencies | Web & Interactive | Animation | Portfolio | 3D | Interaction Design | UI design | 404 pages | Startups","https://www.awwwards.com/sites/upsidedown","https://www.awwwards.com/websites/portfolio/?page=57","https://assets.awwwards.com/awards/media/cache/thumb_880_660/submissions/2024/05/663de457589e0453261540.jpg","2024-05-16T08:22:22Z"
"Urbanjava Studio","urbanjava-studio","submission","Design Agencies | Other | Minimal | Portfolio | Scrolling | Typography | Transitions | Project Page","https://www.awwwards.com/sites/urbanjava-studio","https://www.awwwards.com/websites/portfolio/?page=41","https://assets.awwwards.com/awards/media/cache/thumb_880_660/submissions/2025/01/678e0a9fc84c4512889808.png","2025-01-31T07:29:00Z"
"Uri O'Callaghan - Freelancer","uri-ocallaghan-freelancer","submission","Technology | Web & Interactive | Clean | Minimal | Portfolio | Scrolling | Data Visualization | 3D | Startups","https://www.awwwards.com/sites/uri-ocallaghan-freelancer","https://www.awwwards.com/websites/portfolio/?page=48","https://assets.awwwards.com/awards/media/cache/thumb_880_660/submissions/2024/09/66f3e0cdc65be443213210.jpg","2024-10-07T05:56:57Z"
"USUAL2UNUSUAL","usual2unusual","submission","Art & Illustration | Animation | Minimal | Parallax | Portfolio | Photography | Gallery | About Page","https://www.awwwards.com/sites/usual2unusual","https://www.awwwards.com/websites/portfolio/?page=42","https://assets.awwwards.com/awards/media/cache/thumb_880_660/submissions/2024/12/676025d369a8c012438895.png","2024-12-27T07:55:40Z"
"UTAZON","utazon","submission","Games & Entertainment | Other | Web & Interactive | Clean | Portfolio | Video | Sound-Audio | React | 3D | UI design | Figma | Cinema 4D","https://www.awwwards.com/sites/utazon","https://www.awwwards.com/websites/portfolio/?page=25","https://assets.awwwards.com/awards/media/cache/thumb_880_660/submissions/2025/09/68d72d1c97a69563305366.png","2025-10-09T10:39:00Z"
"Utopia513","utopia513","submission","Business & Corporate | Design Agencies | Technology | Fullscreen | Graphic design | Portfolio | Transitions | 3D | Filters and Effects","https://www.awwwards.com/sites/utopia513","https://www.awwwards.com/websites/portfolio/?page=51","https://assets.awwwards.com/awards/media/cache/thumb_880_660/submissions/2024/08/66b379064ad9f338087910.jpg","2024-08-15T04:55:47Z"
"UX Design Portfolio","ux-design-portfolio-1","submission","Business & Corporate | Design Agencies | Web & Interactive | Clean | Flat Design | Portfolio | Responsive Design | Storytelling | UI design | Figma | Framer","https://www.awwwards.com/sites/ux-design-portfolio-1","https://www.awwwards.com/websites/portfolio/?page=22","https://assets.awwwards.com/awards/media/cache/thumb_880_660/submissions/2025/12/69344d0cc41e7472097261.jpeg","2025-12-17T10:45:45Z"
"UX/UI designer portfolio","ux-ui-designer-portfolio","submission","Design Agencies | Mobile & Apps | Web & Interactive | Animation | Parallax | Portfolio | Transitions | UI design | Project Page | Vercel | Figma | Next.js","https://www.awwwards.com/sites/ux-ui-designer-portfolio","https://www.awwwards.com/websites/portfolio/?page=10","https://assets.awwwards.com/awards/media/cache/thumb_880_660/submissions/2026/06/6a1ecabc20334192843267.png","2026-06-16T09:55:19Z"
"UXDOX","uxdox","submission","Design Agencies | Clean | Portfolio | Forms and Input | Microinteractions | Project Page | 404 pages","https://www.awwwards.com/sites/uxdox","https://www.awwwards.com/websites/portfolio/?page=64","https://assets.awwwards.com/awards/media/cache/thumb_880_660/submissions/2024/02/65c26b98ae838729884151.png","2024-02-09T10:22:07Z"
"uxluddg.it","uxluddg-it","submission","Design Agencies | Web & Interactive | Animation | Big Background Images | Parallax | Portfolio | Experimental | Interaction Design | Project Page","https://www.awwwards.com/sites/uxluddg-it","https://www.awwwards.com/websites/portfolio/?page=37","https://assets.awwwards.com/awards/media/cache/thumb_880_660/submissions/2025/03/67d92dc04a77e660420682.png","2025-04-01T06:00:59Z"
"Værsågod","vaersagod","submission","Technology | Web & Interactive | Animation | Clean | Portfolio | Illustration | Microinteractions","https://www.awwwards.com/sites/vaersagod","https://www.awwwards.com/websites/portfolio/?page=47","https://assets.awwwards.com/awards/media/cache/thumb_880_660/submissions/2024/10/6704e140a03e9942684725.jpg","2024-10-18T08:29:03Z"
"Valentin Cheval","valentin-cheval","submission","Design Agencies | Web & Interactive | Animation | Infinite Scroll | Portfolio | Typography | Storytelling | Interaction Design","https://www.awwwards.com/sites/valentin-cheval","https://www.awwwards.com/websites/portfolio/?page=46","https://assets.awwwards.com/awards/media/cache/thumb_880_660/submissions/2024/10/6710c4154e8c0624537821.png","2024-10-28T07:10:34Z"
"Valentin Gassend Portfolio","valentin-gassend-portfolio","submission","Design Agencies | Web & Interactive | Animation | Infinite Scroll | Portfolio | Scrolling | WebGL | Experimental | GSAP | Three.js | 3D | Interaction Design","https://www.awwwards.com/sites/valentin-gassend-portfolio","https://www.awwwards.com/websites/portfolio/?page=11","https://assets.awwwards.com/awards/media/cache/thumb_880_660/submissions/2026/05/69fe79e5021e3854266633.png","2026-05-18T10:37:24Z"
"VALENTIN MOR - PORTFOLIO 2025","valentin-mor-portfolio-2025","submission","Web & Interactive | Animation | Clean | Minimal | Portfolio | Single page | WebGL | Experimental | GSAP | 3D | Next.js","https://www.awwwards.com/sites/valentin-mor-portfolio-2025","https://www.awwwards.com/websites/portfolio/?page=29","https://assets.awwwards.com/awards/media/cache/thumb_880_660/submissions/2025/07/687f447958a5c680874656.png","2025-08-04T09:51:18Z"
"VALIENTE","valiente","submission","Design Agencies | Web & Interactive | Clean | Portfolio | Typography | GSAP | Gestures / Interaction | Copy design | Interaction Design | Nuxt.js | Prismic","https://www.awwwards.com/sites/valiente","https://www.awwwards.com/websites/portfolio/?page=18","https://assets.awwwards.com/awards/media/cache/thumb_880_660/submissions/2026/01/69611c3df2030539808361.png","2026-02-13T00:00:00Z"
"Van Lent","van-lent","submission","Portfolio | Scrolling | Three.js | Design Agencies | 3D | Technology | next.js | Web & Interactive | Motion | Animation | Next.js | Clean","https://www.awwwards.com/sites/van-lent","https://www.awwwards.com/websites/portfolio/?page=5","https://assets.awwwards.com/awards/media/cache/thumb_880_660/submissions/2026/08/6a70fc6966a9c608735454.jpg","2026-08-18T13:57:52Z"
"Vanderbrand","vanderbrand","submission","Design Agencies | Web & Interactive | Clean | Graphic design | Portfolio | Responsive Design | Gallery | Photo & Video","https://www.awwwards.com/sites/vanderbrand","https://www.awwwards.com/websites/portfolio/?page=44","https://assets.awwwards.com/awards/media/cache/thumb_880_660/submissions/2024/11/67376a79342cd696873992.jpg","2024-11-22T06:27:31Z"
"Vasil Gurbov - Web Designer","vasil-gurbov-web-designer","submission","Art & Illustration | Design Agencies | Web & Interactive | Colorful | Fullscreen | Portfolio | Retro | Scrolling | Illustration","https://www.awwwards.com/sites/vasil-gurbov-web-designer","https://www.awwwards.com/websites/portfolio/?page=41","https://assets.awwwards.com/awards/media/cache/thumb_880_660/submissions/2025/01/678a4a6fe8532192772134.png","2025-01-30T07:54:21Z"
"Velizar Delyanov Portfolio","velizar-delyanov-portfolio","submission","Web & Interactive | Portfolio | WebGL | Transitions | GSAP | Microinteractions | Vanilla JS","https://www.awwwards.com/sites/velizar-delyanov-portfolio","https://www.awwwards.com/websites/portfolio/?page=25","https://assets.awwwards.com/awards/media/cache/thumb_880_660/submissions/2025/09/68d2a6b0872f8878152892.png","2025-10-06T10:23:51Z"
"Velour Productions","velour-productions","submission","Film & TV | Animation | Portfolio | Typography | Photography | GSAP | Interaction Design | Photo & Video | Microinteractions | Next.js | Sanity","https://www.awwwards.com/sites/velour-productions","https://www.awwwards.com/websites/portfolio/?page=2","https://assets.awwwards.com/awards/media/cache/thumb_880_660/submissions/2026/09/6aa1a4ca765d2056870862.jpg","2026-09-18T09:29:57Z"
"Velozão","velozao","submission","Sports | Infinite Scroll | Photographic | Portfolio | GSAP | Three.js | Interaction Design | Next.js","https://www.awwwards.com/sites/velozao","https://www.awwwards.com/websites/portfolio/?page=20","https://assets.awwwards.com/awards/media/cache/thumb_880_660/submissions/2026/01/695c66df15111999408839.png","2026-01-16T11:07:00Z"
"Verlinvest","verlinvest","submission","Business & Corporate | Web & Interactive | Portfolio | Scrolling | Transitions | UI design | Microinteractions | next.js","https://www.awwwards.com/sites/verlinvest","https://www.awwwards.com/websites/portfolio/?page=61","https://assets.awwwards.com/awards/media/cache/thumb_880_660/submissions/2024/02/65c4e3e00caeb455978883.png","2024-03-13T09:21:39Z"
"Veronica Zubakova — Portfolio","veronica-zubakova-portfolio","submission","Design Agencies | Other | Web & Interactive | Colorful | Portfolio | Responsive Design | Typography | UI design | Project Page","https://www.awwwards.com/sites/veronica-zubakova-portfolio","https://www.awwwards.com/websites/portfolio/?page=33","https://assets.awwwards.com/awards/media/cache/thumb_880_660/submissions/2025/05/682b94e730a39642444469.jpg","2025-05-29T10:17:00Z"
"verteal","verteal","submission","Business & Corporate | Design Agencies | Web & Interactive | Clean | Parallax | Portfolio | Typography | Transitions | Gestures / Interaction | Motion | Figma | Next.js","https://www.awwwards.com/sites/verteal","https://www.awwwards.com/websites/portfolio/?page=10","https://assets.awwwards.com/awards/media/cache/thumb_880_660/submissions/2026/06/6a222bef1c20d859705198.png","2026-06-05T09:02:00Z"
"Vertex3D","vertex3d","submission","Design Agencies | Web & Interactive | Portfolio | Responsive Design | WebGL | Experimental | Storytelling | GSAP | 3D | Gestures / Interaction | Interaction Design | Webflow","https://www.awwwards.com/sites/vertex3d","https://www.awwwards.com/websites/portfolio/?page=14","https://assets.awwwards.com/awards/media/cache/thumb_880_660/submissions/2026/04/69d260561ef27493969872.jpg","2026-04-09T10:21:00Z"
"Vesplus - Real estate agency","vesplus-real-estate-agency","submission","Architecture | Business & Corporate | Web & Interactive | Animation | Portfolio | Interaction Design | UI design | About Page | Contact Page","https://www.awwwards.com/sites/vesplus-real-estate-agency","https://www.awwwards.com/websites/portfolio/?page=33","https://assets.awwwards.com/awards/media/cache/thumb_880_660/submissions/2025/05/6826b32a4680e342749734.jpg","2025-06-03T08:59:00Z"
"Viacheslav Novoseltsev","viacheslav-novoseltsev","submission","Design Agencies | Web & Interactive | Fullscreen | Portfolio | WebGL | GSAP | 3D | Filters and Effects | Astro","https://www.awwwards.com/sites/viacheslav-novoseltsev","https://www.awwwards.com/websites/portfolio/?page=9","https://assets.awwwards.com/awards/media/cache/thumb_880_660/submissions/2026/07/6a454b8a8baa1181901414.jpg","2026-07-02T09:14:00Z"
"Vic Rojo Studio","vic-rojo-studio","submission","Art & Illustration | Design Agencies | Portfolio | Illustration | About Page | Header Design | Contact Page | Project Page","https://www.awwwards.com/sites/vic-rojo-studio","https://www.awwwards.com/websites/portfolio/?page=46","https://assets.awwwards.com/awards/media/cache/thumb_880_660/submissions/2024/10/670d3ef88a96e122317496.png","2024-10-25T05:42:46Z"
"VICE Awards","vice-awards","submission","Business & Corporate | Design Agencies | Web & Interactive | Clean | CSS | Minimal | Portfolio | Responsive Design | SEO | Typography | Adobe Photoshop | Wix Studio","https://www.awwwards.com/sites/vice-awards","https://www.awwwards.com/websites/portfolio/?page=26","https://assets.awwwards.com/awards/media/cache/thumb_880_660/submissions/2025/09/68d51c1b85cc1694487952.jpg","2025-10-04T14:31:00Z"
"Victor Berbel — Portfolio 2025","victor-berbel-portfolio-2025","submission","Business & Corporate | Design Agencies | Mobile & Apps | Animation | Clean | Portfolio | Responsive | Interaction Design | UI design","https://www.awwwards.com/sites/victor-berbel-portfolio-2025","https://www.awwwards.com/websites/portfolio/?page=33","https://assets.awwwards.com/awards/media/cache/thumb_880_660/submissions/2025/05/6829fd72dd292905662524.png","2025-06-04T10:02:09Z"
"Victor Furuya '26","victor-furuya-26","submission","Technology | Web & Interactive | Parallax | Portfolio | Photography | Transitions | GSAP | Interaction Design | About Page | Project Page | Vanilla JS | Vite","https://www.awwwards.com/sites/victor-furuya-26","https://www.awwwards.com/websites/portfolio/?page=12","https://assets.awwwards.com/awards/media/cache/thumb_880_660/submissions/2026/04/69ed8d6df262a989524083.png","2026-05-03T15:18:00Z"
"Victor Sin - 2026","victor-sin-2026","submission","Promotional | Web & Interactive | Animation | Portfolio | WebGL | Responsive | GSAP | Interaction Design | Project Page | next.js | Next.js","https://www.awwwards.com/sites/victor-sin-2026","https://www.awwwards.com/websites/portfolio/?page=17","https://assets.awwwards.com/awards/media/cache/thumb_880_660/submissions/2026/02/69973f4a2f290669118620.png","2026-03-05T11:14:00Z"
"Victor Vororontsov","victor-vororontsov","submission","Art & Illustration | Design Agencies | Web & Interactive | Animation | Flat Design | Horizontal Layout | Minimal | Portfolio | Interaction Design | Webflow | Figma","https://www.awwwards.com/sites/victor-vororontsov","https://www.awwwards.com/websites/portfolio/?page=29","https://assets.awwwards.com/awards/media/cache/thumb_880_660/submissions/2025/07/687f74c86e044969260510.png","2025-08-05T10:28:06Z"
"VIDKLYK","vidklyk","submission","Design Agencies | Technology | Web & Interactive | Graphic design | Navigation Menu | Portfolio | Gallery | Illustration | UI design","https://www.awwwards.com/sites/vidklyk","https://www.awwwards.com/websites/portfolio/?page=55","https://assets.awwwards.com/awards/media/cache/thumb_880_660/submissions/2024/05/6654aefa448de038964473.jpg","2024-06-04T06:30:39Z"
"View Marketing & Creative","view-marketing-creative","submission","Business & Corporate | Design Agencies | Web & Interactive | Colorful | Portfolio | Responsive Design | Typography | Responsive","https://www.awwwards.com/sites/view-marketing-creative","https://www.awwwards.com/websites/portfolio/?page=57","https://assets.awwwards.com/awards/media/cache/thumb_880_660/submissions/2024/05/663d09ef624cd267586690.jpg","2024-05-10T08:20:12Z"
"VilenDesign","vilendesign","submission","Art & Illustration | Technology | Web & Interactive | CSS | Minimal | Portfolio | Typography | Illustration | Data Visualization | Typescript | Vite","https://www.awwwards.com/sites/vilendesign","https://www.awwwards.com/websites/portfolio/?page=3","https://assets.awwwards.com/awards/media/cache/thumb_880_660/submissions/2026/08/6a8dee019bb3a020689293.png","2026-09-08T08:34:52Z"
"Vincent Van Dough","vincent-van-dough","submission","Art & Illustration | Technology | Minimal | Portfolio | Microinteractions | DatoCMS","https://www.awwwards.com/sites/vincent-van-dough","https://www.awwwards.com/websites/portfolio/?page=24","https://assets.awwwards.com/awards/media/cache/thumb_880_660/submissions/2025/10/68eea5f5da950134166189.png","2025-10-24T10:28:09Z"
"Viralistic Digital Agency","viralistic-digital-agency","submission","Design Agencies | Web & Interactive | Animation | Clean | Minimal | Portfolio | Unusual Navigation | Project Page | Luxury","https://www.awwwards.com/sites/viralistic-digital-agency","https://www.awwwards.com/websites/portfolio/?page=32","https://assets.awwwards.com/awards/media/cache/thumb_880_660/submissions/2025/06/684755d36d0cb473886386.png","2025-06-25T08:01:50Z"
"Visia Media","visia-media","submission","Business & Corporate | Design Agencies | Web & Interactive | Animation | Clean | Portfolio | Transitions | Forms and Input | Microinteractions","https://www.awwwards.com/sites/visia-media","https://www.awwwards.com/websites/portfolio/?page=67","https://assets.awwwards.com/awards/media/cache/thumb_880_660/submissions/2023/12/65834e346ca49715008918.png","2024-01-02T08:10:00Z"
"Visiodp.com","visiodp-com","submission","Business & Corporate | Design Agencies | Promotional | Animation | Clean | Parallax | Portfolio | Scrolling | Typography","https://www.awwwards.com/sites/visiodp-com","https://www.awwwards.com/websites/portfolio/?page=57","https://assets.awwwards.com/awards/media/cache/thumb_880_660/submissions/2024/05/663e27899cb2f828109860.png","2024-05-16T08:22:32Z"
"Visions Design","visions-design","submission","Business & Corporate | Design Agencies | Web & Interactive | Graphic design | Portfolio | Responsive Design | Responsive | UI design","https://www.awwwards.com/sites/visions-design","https://www.awwwards.com/websites/portfolio/?page=58","https://assets.awwwards.com/awards/media/cache/thumb_880_660/submissions/2024/05/66322132c030a159662657.png","2024-05-02T08:05:47Z"
"VISKHAN KHASIYEV","viskhan-khasiyev","submission","Typography | WebGL | Microinteractions | E-Commerce | Startups | Web & Interactive | next.js | Clean | Motion | Portfolio | Next.js | Responsive Design","https://www.awwwards.com/sites/viskhan-khasiyev","https://www.awwwards.com/websites/portfolio/?page=6","https://assets.awwwards.com/awards/media/cache/thumb_880_660/submissions/2026/07/6a5d35dc72858535955145.png","2026-08-02T13:27:00Z"
"Visual Domain","visual-domain-1","submission","Design Agencies | Film & TV | Animation | Clean | Flat Design | Portfolio","https://www.awwwards.com/sites/visual-domain-1","https://www.awwwards.com/websites/portfolio/?page=30","https://assets.awwwards.com/awards/media/cache/thumb_880_660/submissions/2025/06/685cdd6799255118290654.png","2025-07-14T10:25:00Z"
"Visual Identity Studio","visual-identity-studio","submission","Design Agencies | Web & Interactive | Animation | Clean | Wordpress | Portfolio | Responsive Design | WebGL | 3D | Interaction Design | Elementor","https://www.awwwards.com/sites/visual-identity-studio","https://www.awwwards.com/websites/portfolio/?page=7","https://assets.awwwards.com/awards/media/cache/thumb_880_660/submissions/2026/07/6a4aae67c3749724215367.png","2026-07-20T11:04:00Z"
"Visual—Identity","visual-identity-2","submission","Design Agencies | Web & Interactive | Animation | Clean | Minimal | Portfolio | Experimental | Responsive | 3D","https://www.awwwards.com/sites/visual-identity-2","https://www.awwwards.com/websites/portfolio/?page=59","https://assets.awwwards.com/awards/media/cache/thumb_880_660/submissions/2024/04/661a5ade61ba4904978581.png","2024-04-19T09:02:01Z"
"Visualbusiness","visualbusiness","submission","Fashion | Animation | Minimal | Photographic | Portfolio | Typography | Photography | Transitions | Luxury","https://www.awwwards.com/sites/visualbusiness","https://www.awwwards.com/websites/portfolio/?page=34","https://assets.awwwards.com/awards/media/cache/thumb_880_660/submissions/2025/03/67e43da1525b2635724769.jpg","2025-05-20T00:00:00Z"
"VisualMatter","visualmatter","submission","Games & Entertainment | Mobile & Apps | Colorful | Parallax | Portfolio | Photography | Storytelling | Photo & Video | Project Page","https://www.awwwards.com/sites/visualmatter","https://www.awwwards.com/websites/portfolio/?page=43","https://assets.awwwards.com/awards/media/cache/thumb_880_660/submissions/2024/11/674855a9230d0770276163.png","2024-12-10T10:23:11Z"
"Visuvate Studio","visuvate-studio","submission","Magazine / Newspaper / Blog | Design Agencies | Web & Interactive | CSS | Portfolio | Forms and Input | About Page | Contact Page | Microinteractions | Footer Design | Figma | Wix Studio","https://www.awwwards.com/sites/visuvate-studio","https://www.awwwards.com/websites/portfolio/?page=22","https://assets.awwwards.com/awards/media/cache/thumb_880_660/submissions/2025/12/6936d5df5f8d2925599878.png","2025-12-19T11:09:16Z"
"Vitalina Tattoo Artist","vitalina-tattoo-artist","submission","Art & Illustration | Other | Parallax | Portfolio | Scrolling | Experimental | Responsive | 3D | UI design | Webflow | Figma | Blender","https://www.awwwards.com/sites/vitalina-tattoo-artist","https://www.awwwards.com/websites/portfolio/?page=26","https://assets.awwwards.com/awards/media/cache/thumb_880_660/submissions/2025/09/68b7d6791f4bf746072604.jpg","2025-09-13T13:53:00Z"
"VIVDE","vivde","submission","Business & Corporate | Design Agencies | Web & Interactive | Big Background Images | Clean | Colorful | Portfolio | Interaction Design | Microinteractions","https://www.awwwards.com/sites/vivde","https://www.awwwards.com/websites/portfolio/?page=63","https://assets.awwwards.com/awards/media/cache/thumb_880_660/submissions/2024/02/65cf638fecf1d538528505.jpg","2024-02-22T09:23:23Z"
"Vivid Motion","vivid-motion-1","submission","Business & Corporate | Design Agencies | Big Background Images | Navigation Menu | Portfolio | WebGL | Responsive | GSAP | About Page | 404 pages | Webflow","https://www.awwwards.com/sites/vivid-motion-1","https://www.awwwards.com/websites/portfolio/?page=8","https://assets.awwwards.com/awards/media/cache/thumb_880_660/submissions/2026/06/6a3d27a138c5e103573976.png","2026-07-11T14:06:00Z"
"Vivid Page by Fooror","vivid-page-by-fooror","submission","Design Agencies | Promotional | Web & Interactive | Animation | Colorful | Portfolio | Single page | Storytelling | 3D","https://www.awwwards.com/sites/vivid-page-by-fooror","https://www.awwwards.com/websites/portfolio/?page=39","https://assets.awwwards.com/awards/media/cache/thumb_880_660/submissions/2025/02/67b04dac71205443222285.jpg","2025-02-21T15:29:16Z"
"Vivo Latam","vivo-latam","submission","Technology | Fullscreen | Portfolio | Illustration | Gallery | Real Estate | Startups | next.js","https://www.awwwards.com/sites/vivo-latam","https://www.awwwards.com/websites/portfolio/?page=43","https://assets.awwwards.com/awards/media/cache/thumb_880_660/submissions/2024/12/6754c10fda3b1462133776.png","2024-12-18T07:21:00Z"
"Vivre - Hotel Marketing Agency","vivre-hotel-marketing-agency","submission","Design Agencies | Hotel / Restaurant | Animation | Big Background Images | Wordpress | CSS | Photographic | Portfolio | Typography | Transitions | Figma | Luxury","https://www.awwwards.com/sites/vivre-hotel-marketing-agency","https://www.awwwards.com/websites/portfolio/?page=13","https://assets.awwwards.com/awards/media/cache/thumb_880_660/submissions/2026/04/69e48d4dd62a4139130770.jpg","2026-04-29T09:27:00Z"
"VL-interactif","vl-interactif","submission","Web & Interactive | Portfolio | Scrolling | WebGL | GSAP | Three.js | 3D","https://www.awwwards.com/sites/vl-interactif","https://www.awwwards.com/websites/portfolio/?page=24","https://assets.awwwards.com/awards/media/cache/thumb_880_660/submissions/2025/10/68fa4c3664267534669950.JPG","2025-11-03T11:37:09Z"
"Vlad Burca - Product Designer","vlad-burca-product-designer","submission","Web & Interactive | CSS | HTML5 | Portfolio | Responsive Design | Retro | Single page | Experimental | Interaction Design | 404 pages | Javascript","https://www.awwwards.com/sites/vlad-burca-product-designer","https://www.awwwards.com/websites/portfolio/?page=15","https://assets.awwwards.com/awards/media/cache/thumb_880_660/submissions/2026/03/69b5c2b510dd2630567420.png","2026-03-26T22:11:55Z"
"Vortex Solution","vortex-solution","submission","Business & Corporate | Portfolio | Responsive Design | Menu - Horizontal | UI design","https://www.awwwards.com/sites/vortex-solution","https://www.awwwards.com/websites/portfolio/?page=39","https://assets.awwwards.com/awards/media/cache/thumb_880_660/submissions/2025/02/67a6290b80b70572230383.png","2025-02-21T15:24:39Z"
"Voyage Digital","voyage-digital","submission","Design Agencies | Web & Interactive | Portfolio | Transitions | Experimental | Interaction Design | Header Design | Microinteractions | Footer Design","https://www.awwwards.com/sites/voyage-digital","https://www.awwwards.com/websites/portfolio/?page=32","https://assets.awwwards.com/awards/media/cache/thumb_880_660/submissions/2025/06/6842c779938d7014075268.png","2025-06-24T09:51:19Z"
"VRTL WRLD™","vrtl-wrldtm","submission","Design Agencies | Fashion | Technology | Clean | Minimal | Portfolio | Transitions | 3D | Microinteractions","https://www.awwwards.com/sites/vrtl-wrldtm","https://www.awwwards.com/websites/portfolio/?page=39","https://assets.awwwards.com/awards/media/cache/thumb_880_660/submissions/2025/02/67ade0a8c39c0725155557.jpg","2025-02-25T06:54:07Z"
"VSHSLV","vshslv","submission","Other | Fullscreen | Minimal | Portfolio","https://www.awwwards.com/sites/vshslv","https://www.awwwards.com/websites/portfolio/?page=37","https://assets.awwwards.com/awards/media/cache/thumb_880_660/submissions/2025/03/67d33f38b70bd545778747.jpg","2025-03-31T06:51:00Z"
"WA Studio","wa-studio","submission","Design Agencies | Technology | Web & Interactive | Minimal | Portfolio | Scrolling | Interaction Design | About Page | Footer Design","https://www.awwwards.com/sites/wa-studio","https://www.awwwards.com/websites/portfolio/?page=50","https://assets.awwwards.com/awards/media/cache/thumb_880_660/submissions/2024/09/66d85b81c19d1154251118.jpg","2024-09-09T05:44:06Z"
"walaszczyk.studio","walaszczyk-studio","submission","Minimal | Portfolio | Responsive Design | Design Agencies | Typography | Web & Interactive | WebGL | Animation | GSAP | Clean | Wordpress","https://www.awwwards.com/sites/walaszczyk-studio","https://www.awwwards.com/websites/portfolio/?page=5","https://assets.awwwards.com/awards/media/cache/thumb_880_660/submissions/2026/08/6a71c91d6f831699189564.png","2026-08-18T13:57:46Z"
"WAM","wam","submission","Business & Corporate | Design Agencies | Web & Interactive | Wordpress | Portfolio | Typography | 3D | Interaction Design | UI design | Figma","https://www.awwwards.com/sites/wam","https://www.awwwards.com/websites/portfolio/?page=16","https://assets.awwwards.com/awards/media/cache/thumb_880_660/submissions/2026/03/69aee50291227266308010.png","2026-03-22T11:08:00Z"
"Wama","wama","submission","Design Agencies | Web & Interactive | Animation | Big Background Images | Portfolio | 3D | UI design | Project Page | Startups | Framer","https://www.awwwards.com/sites/wama","https://www.awwwards.com/websites/portfolio/?page=49","https://assets.awwwards.com/awards/media/cache/thumb_880_660/submissions/2024/09/66da0a55ed87c612120996.png","2024-09-20T05:22:06Z"
"Wama","wama-2","submission","Business & Corporate | Design Agencies | Web & Interactive | Animation | Clean | Graphic design | HTML5 | Portfolio | Gallery | UI design | Figma | Framer","https://www.awwwards.com/sites/wama-2","https://www.awwwards.com/websites/portfolio/?page=2","https://assets.awwwards.com/awards/media/cache/thumb_880_660/submissions/2026/09/6a9c2b8352922752197030.png","2026-09-18T09:29:17Z"
"Wandergates","wandergates","submission","Hotel / Restaurant | Animation | Big Background Images | Minimal | Portfolio | Photography | Interaction Design | Photo & Video","https://www.awwwards.com/sites/wandergates","https://www.awwwards.com/websites/portfolio/?page=55","https://assets.awwwards.com/awards/media/cache/thumb_880_660/submissions/2024/06/665daef92c8a3951381417.jpg","2024-06-11T05:45:00Z"
"Warm & Fuzzy","warm-fuzzy","submission","Design Agencies | Animation | Colorful | Portfolio | Transitions | 3D | Photo & Video | Motion | Figma | Next.js","https://www.awwwards.com/sites/warm-fuzzy","https://www.awwwards.com/websites/portfolio/?page=2","https://assets.awwwards.com/awards/media/cache/thumb_880_660/submissions/2026/07/6a5777c7867d0536073572.png","2026-09-12T00:00:00Z"
"Wavespace  Agency","wavespace-agency","submission","Business & Corporate | Design Agencies | Web & Interactive | Animation | Minimal | Portfolio | Typography | UI design | Microinteractions","https://www.awwwards.com/sites/wavespace-agency","https://www.awwwards.com/websites/portfolio/?page=34","https://assets.awwwards.com/awards/media/cache/thumb_880_660/submissions/2025/05/68138698956ae621395917.png","2025-05-15T10:00:25Z"
"WAY TV","way-tv","submission","Business & Corporate | Film & TV | Animation | Minimal | Portfolio | Single page | Interaction Design | UI design","https://www.awwwards.com/sites/way-tv","https://www.awwwards.com/websites/portfolio/?page=58","https://assets.awwwards.com/awards/media/cache/thumb_880_660/submissions/2024/04/6626376e55abb709474078.jpg","2024-04-29T08:45:00Z"
"Way Up North","way-up-north","submission","E-Commerce | Events | Clean | Photographic | Portfolio | Typography | Photography | Storytelling | Photo & Video | WooCommerce","https://www.awwwards.com/sites/way-up-north","https://www.awwwards.com/websites/portfolio/?page=50","https://assets.awwwards.com/awards/media/cache/thumb_880_660/submissions/2024/08/66c599efa16ac666222912.png","2024-08-30T05:12:58Z"
"WDesigna - Design Agency","wdesigna-design-agency","submission","Design Agencies | Mobile & Apps | Web & Interactive | Portfolio | Responsive Design | Single page | Interaction Design | UI design | Project Page","https://www.awwwards.com/sites/wdesigna-design-agency","https://www.awwwards.com/websites/portfolio/?page=34","https://assets.awwwards.com/awards/media/cache/thumb_880_660/submissions/2025/04/680e814368a19203590535.png","2025-05-12T09:29:00Z"
"WDNN.dev","wdnn-dev","submission","Design Agencies | E-Commerce | Portfolio | Responsive Design | Typography | Responsive | Startups","https://www.awwwards.com/sites/wdnn-dev","https://www.awwwards.com/websites/portfolio/?page=55","https://assets.awwwards.com/awards/media/cache/thumb_880_660/submissions/2024/05/6656675e24152437904369.png","2024-06-05T08:00:09Z"
"WDSGN.Agency","wdsgn-agency","submission","Business & Corporate | Design Agencies | Web & Interactive | Clean | Colorful | Portfolio | Forms and Input | UI design | Footer Design","https://www.awwwards.com/sites/wdsgn-agency","https://www.awwwards.com/websites/portfolio/?page=33","https://assets.awwwards.com/awards/media/cache/thumb_880_660/submissions/2025/05/68362e34dd176287717066.png","2025-06-13T08:21:10Z"
"We Agency","we-agency","submission","Culture & Education | Film & TV | Big Background Images | Clean | Portfolio | Transitions | Storytelling | GSAP | Highway.js | Javascript | Social responsibility","https://www.awwwards.com/sites/we-agency","https://www.awwwards.com/websites/portfolio/?page=17","https://assets.awwwards.com/awards/media/cache/thumb_880_660/submissions/2026/02/6997ff4263650333576541.png","2026-03-05T11:13:00Z"
"We are gen-up","we-are-gen-up","submission","Business & Corporate | Design Agencies | Clean | Colorful | Flat Design | Portfolio | Typography | UI design | Startups","https://www.awwwards.com/sites/we-are-gen-up","https://www.awwwards.com/websites/portfolio/?page=61","https://assets.awwwards.com/awards/media/cache/thumb_880_660/submissions/2024/03/65ead45c8fe5b453918336.jpg","2024-03-14T09:19:27Z"
"We Are Yellow","we-are-yellow-1","submission","Design Agencies | Wordpress | Colorful | Navigation Menu | Portfolio | Gallery | Filters and Effects | About Page","https://www.awwwards.com/sites/we-are-yellow-1","https://www.awwwards.com/websites/portfolio/?page=12","https://assets.awwwards.com/awards/media/cache/thumb_880_660/submissions/2026/04/69f09a40e3a19018107083.jpg","2026-05-08T10:24:22Z"
"We Go Again","we-go-again","submission","Film & TV | Sports | Web & Interactive | Animation | Clean | Infinite Scroll | Portfolio | Video | Transitions","https://www.awwwards.com/sites/we-go-again","https://www.awwwards.com/websites/portfolio/?page=48","https://assets.awwwards.com/awards/media/cache/thumb_880_660/submissions/2024/08/66c5b0871ab45357328105.jpg","2024-09-27T00:00:00Z"
"We Met Before","we-met-before","submission","Art & Illustration | Design Agencies | Animation | Portfolio | Scrolling | Single page | Transitions | Storytelling","https://www.awwwards.com/sites/we-met-before","https://www.awwwards.com/websites/portfolio/?page=36","https://assets.awwwards.com/awards/media/cache/thumb_880_660/submissions/2025/03/67e1772830a0b778750195.png","2025-04-07T05:45:03Z"
"Web Akimbo","web-akimbo","submission","Technology | Web & Interactive | Portfolio | Responsive Design | Single page","https://www.awwwards.com/sites/web-akimbo","https://www.awwwards.com/websites/portfolio/?page=66","https://assets.awwwards.com/awards/media/cache/thumb_880_660/submissions/2023/12/658f3cbd716cb149296372.jpg","2024-01-05T09:11:43Z"
"Web Designer Portfolio Website","web-designer-portfolio-website","submission","Art & Illustration | Design Agencies | Web & Interactive | Animation | Portfolio | Scrolling | Typography | Interaction Design | Microinteractions","https://www.awwwards.com/sites/web-designer-portfolio-website","https://www.awwwards.com/websites/portfolio/?page=63","https://assets.awwwards.com/awards/media/cache/thumb_880_660/submissions/2024/02/65c860761adfa757423821.jpg","2024-02-16T09:35:52Z"
"Web3.Xmethod","web3-xmethod","submission","Business & Corporate | Design Agencies | Mobile & Apps | Portfolio | Interaction Design | UI design | Contact Page | Webflow | Figma","https://www.awwwards.com/sites/web3-xmethod","https://www.awwwards.com/websites/portfolio/?page=23","https://assets.awwwards.com/awards/media/cache/thumb_880_660/submissions/2025/10/6900871583ca9169706651.png","2025-11-05T12:02:57Z"
"Webdesign Studio Leipzig","webdesign-studio-leipzig","submission","Business & Corporate | Animation | Clean | Portfolio | SEO | Illustration","https://www.awwwards.com/sites/webdesign-studio-leipzig","https://www.awwwards.com/websites/portfolio/?page=62","https://assets.awwwards.com/awards/media/cache/thumb_880_660/submissions/2024/02/65d90f0f397bb589300716.png","2024-02-29T09:16:52Z"
"WEBISOFT®","webisoft-r","submission","Business & Corporate | Mobile & Apps | Technology | Animation | Clean | Portfolio | Scrolling | Interaction Design","https://www.awwwards.com/sites/webisoft-r","https://www.awwwards.com/websites/portfolio/?page=49","https://assets.awwwards.com/awards/media/cache/thumb_880_660/submissions/2024/09/66db5277106bb093252804.jpg","2024-09-23T00:00:00Z"
"Website portfolio for Diweidt","website-portfolio-for-diweidt","submission","Web & Interactive | Minimal | Portfolio | Responsive Design | Typography | Interaction Design | UI design","https://www.awwwards.com/sites/website-portfolio-for-diweidt","https://www.awwwards.com/websites/portfolio/?page=45","https://assets.awwwards.com/awards/media/cache/thumb_880_660/submissions/2024/10/671e79bcd882d658706496.jpg","2024-11-07T06:35:40Z"
"Webyansh - UX Design & Webflow","webyansh-ux-design-webflow","submission","Design Agencies | Web & Interactive | Navigation Menu | Portfolio | SEO | UI design | Header Design | Project Page | Startups","https://www.awwwards.com/sites/webyansh-ux-design-webflow","https://www.awwwards.com/websites/portfolio/?page=33","https://assets.awwwards.com/awards/media/cache/thumb_880_660/submissions/2025/05/6830406151e72249600102.png","2025-06-11T09:34:00Z"
"Weddingphoto Professionals","weddingphoto-professionals","submission","Design Agencies | Promotional | Animation | Portfolio | Photography | Gallery","https://www.awwwards.com/sites/weddingphoto-professionals","https://www.awwwards.com/websites/portfolio/?page=35","https://assets.awwwards.com/awards/media/cache/thumb_880_660/submissions/2025/04/68022d54d43f3996116698.jpg","2025-05-02T08:59:30Z"
"Wegrow - design subscription","wegrow-design-subscription","submission","Design Agencies | Animation | Clean | Graphic design | Portfolio | Illustration | Footer Design | Framer","https://www.awwwards.com/sites/wegrow-design-subscription","https://www.awwwards.com/websites/portfolio/?page=64","https://assets.awwwards.com/awards/media/cache/thumb_880_660/submissions/2024/02/65c20de47694a988811624.jpg","2024-02-12T09:33:34Z"
"Weichie.com","weichie-com-1","submission","Design Agencies | Web & Interactive | Portfolio | Responsive Design | SEO","https://www.awwwards.com/sites/weichie-com-1","https://www.awwwards.com/websites/portfolio/?page=62","https://assets.awwwards.com/awards/media/cache/thumb_880_660/submissions/2024/02/65d31b68d55c4329736723.png","2024-02-26T09:40:54Z"
"Wendy Andrade website","wendy-andrade-website","submission","Clean | Portfolio | Photography | Gallery | Craft CMS | Interaction Design | Microinteractions | next.js | Next.js | Sanity","https://www.awwwards.com/sites/wendy-andrade-website","https://www.awwwards.com/websites/portfolio/?page=22","https://assets.awwwards.com/awards/media/cache/thumb_880_660/submissions/2025/11/69272286bfdc8072969390.png","2025-12-06T12:59:15Z"
"wes","wes","submission","Film & TV | Music & Sound | Animation | Fullscreen | Portfolio | Video | Photo & Video | UI design","https://www.awwwards.com/sites/wes","https://www.awwwards.com/websites/portfolio/?page=39","https://assets.awwwards.com/awards/media/cache/thumb_880_660/submissions/2025/02/67a2739776b52980781933.jpg","2025-03-04T00:00:00Z"
"Wes Dieleman Portfolio","wes-dieleman-portfolio","submission","Design Agencies | Web & Interactive | Clean | Portfolio | Retro | SEO | Responsive | UI design | Next.js | Tailwind | Typescript","https://www.awwwards.com/sites/wes-dieleman-portfolio","https://www.awwwards.com/websites/portfolio/?page=14","https://assets.awwwards.com/awards/media/cache/thumb_880_660/submissions/2026/03/69cadc38e04fd985986575.png","2026-04-09T10:18:00Z"
"Wewe LIU","wewe-liu-1","submission","Design Agencies | Web & Interactive | Flat Design | Horizontal Layout | Parallax | Portfolio | Retro | Typography","https://www.awwwards.com/sites/wewe-liu-1","https://www.awwwards.com/websites/portfolio/?page=43","https://assets.awwwards.com/awards/media/cache/thumb_880_660/submissions/2024/12/674eab8e030ee241566384.png","2024-12-13T08:21:06Z"
"WFEO World Engineering Day","wfeo-world-engineering-day","submission","Culture & Education | Events | Wordpress | Portfolio | Unusual Navigation | Video | PHP | Photo & Video | Project Page | Social responsibility","https://www.awwwards.com/sites/wfeo-world-engineering-day","https://www.awwwards.com/websites/portfolio/?page=12","https://assets.awwwards.com/awards/media/cache/thumb_880_660/submissions/2026/04/69e77e2052287973882897.jpg","2026-05-01T12:52:13Z"
"What Matters Agency","what-matters-agency","submission","Food & Drink | Web & Interactive | Animation | Colorful | Portfolio | Responsive Design | Typography | Photography | GSAP | Interaction Design | Webflow","https://www.awwwards.com/sites/what-matters-agency","https://www.awwwards.com/websites/portfolio/?page=19","https://assets.awwwards.com/awards/media/cache/thumb_880_660/submissions/2026/01/69788123a3495856605212.png","2026-02-01T12:45:34Z"
"Whatever Studio","whatever-studio","submission","Art & Illustration | Design Agencies | Web & Interactive | Clean | Horizontal Layout | Minimal | Portfolio | UI design | Microinteractions","https://www.awwwards.com/sites/whatever-studio","https://www.awwwards.com/websites/portfolio/?page=43","https://assets.awwwards.com/awards/media/cache/thumb_880_660/submissions/2024/12/675a0253efb6c809083291.jpg","2024-12-24T07:27:00Z"
"Where Worlds Take Shape","where-worlds-take-shape","submission","Games & Entertainment | Web & Interactive | Portfolio | Unusual Navigation | WebGL | Experimental | Storytelling | Three.js | GLSL | 3D | Gestures / Interaction | Interaction Design","https://www.awwwards.com/sites/where-worlds-take-shape","https://www.awwwards.com/websites/portfolio/?page=12","https://assets.awwwards.com/awards/media/cache/thumb_880_660/submissions/2026/03/69a72ade4d7e6251270314.jpg","2026-05-03T00:00:00Z"
"White Knights Digital","white-knights-digital","submission","Business & Corporate | Design Agencies | E-Commerce | Minimal | Portfolio | Responsive Design | SEO | Interaction Design | UI design","https://www.awwwards.com/sites/white-knights-digital","https://www.awwwards.com/websites/portfolio/?page=47","https://assets.awwwards.com/awards/media/cache/thumb_880_660/submissions/2024/10/6709cfb041d57582986372.png","2024-10-23T05:31:00Z"
"Wholesale Suppliers Australia","wholesale-suppliers-australia","submission","HTML5 | Portfolio | Footer Design | Business & Corporate | Clean | Wordpress | CSS | Flat Design","https://www.awwwards.com/sites/wholesale-suppliers-australia","https://www.awwwards.com/websites/portfolio/?page=4","https://assets.awwwards.com/awards/media/cache/thumb_880_660/submissions/2026/08/6a79eed4040c1647151086.jpg","2026-08-23T13:32:24Z"
"Wibify Agency","wibify-agency-2","submission","Business & Corporate | Design Agencies | Web & Interactive | Animation | Portfolio | SEO | Interaction Design | UI design | next.js | Figma | Next.js | Framer","https://www.awwwards.com/sites/wibify-agency-2","https://www.awwwards.com/websites/portfolio/?page=11","https://assets.awwwards.com/awards/media/cache/thumb_880_660/submissions/2026/05/6a0a022380acc195998861.jpeg","2026-05-29T11:00:13Z"
"WIDELAB.CO","widelab-co","submission","Design Agencies | Web & Interactive | Fullscreen | Minimal | Portfolio | Typography | Storytelling | Microinteractions","https://www.awwwards.com/sites/widelab-co","https://www.awwwards.com/websites/portfolio/?page=58","https://assets.awwwards.com/awards/media/cache/thumb_880_660/submissions/2024/04/660ff2b981c8b225300370.jpg","2024-04-26T00:00:00Z"
"Wildish & Co.","wildish-co-2","submission","Design Agencies | Web & Interactive | Animation | Graphic design | Portfolio | Responsive Design | GSAP | Interaction Design | Microinteractions | Matter.js | Svelte","https://www.awwwards.com/sites/wildish-co-2","https://www.awwwards.com/websites/portfolio/?page=20","https://assets.awwwards.com/awards/media/cache/thumb_880_660/submissions/2026/01/6967a11589050055042629.png","2026-01-24T12:19:23Z"
"Wildy Riftian Portfolio","wildy-riftian-portfolio","submission","Art & Illustration | Web & Interactive | Animation | Graphic design | Portfolio | Typography | Photography | 3D | Interaction Design | Framer","https://www.awwwards.com/sites/wildy-riftian-portfolio","https://www.awwwards.com/websites/portfolio/?page=27","https://assets.awwwards.com/awards/media/cache/thumb_880_660/submissions/2025/08/68918c0faaee7338618089.jpg","2025-09-12T00:00:00Z"
"Will Zhang Portfolio","will-zhang-portfolio","submission","Design Agencies | Mobile & Apps | Web & Interactive | Portfolio | About Page | Contact Page | Figma | Adobe Photoshop | Adobe Illustrator","https://www.awwwards.com/sites/will-zhang-portfolio","https://www.awwwards.com/websites/portfolio/?page=23","https://assets.awwwards.com/awards/media/cache/thumb_880_660/submissions/2025/10/6903e3edb0013010084841.png","2025-11-10T14:46:59Z"
"Williams Alamu — Portfolio '25","williams-alamu-portfolio-25","submission","Design Agencies | Other | Web & Interactive | Animation | Clean | Minimal | Portfolio | About Page","https://www.awwwards.com/sites/williams-alamu-portfolio-25","https://www.awwwards.com/websites/portfolio/?page=36","https://assets.awwwards.com/awards/media/cache/thumb_880_660/submissions/2025/04/67efaf16011ab284041689.jpg","2025-04-07T05:55:00Z"
"Wink","wink","submission","Design Agencies | Interaction Design | Web & Interactive | UI design | Animation | Figma | Clean | Wordpress | Portfolio | Responsive | Business & Corporate | GSAP","https://www.awwwards.com/sites/wink","https://www.awwwards.com/websites/portfolio/?page=5","https://assets.awwwards.com/awards/media/cache/thumb_880_660/submissions/2026/08/6a730a9597e70991748080.png","2026-08-19T13:55:44Z"
"WLT Design","wlt-design","submission","Business & Corporate | Design Agencies | Web & Interactive | Animation | Parallax | Portfolio | Storytelling | 3D | Interaction Design","https://www.awwwards.com/sites/wlt-design","https://www.awwwards.com/websites/portfolio/?page=63","https://assets.awwwards.com/awards/media/cache/thumb_880_660/submissions/2024/02/65c31f0cbd12f100431193.jpg","2024-02-13T09:49:45Z"
"WNTR Designs","wntr-designs","submission","Web & Interactive | Portfolio | Typography | UI design","https://www.awwwards.com/sites/wntr-designs","https://www.awwwards.com/websites/portfolio/?page=52","https://assets.awwwards.com/awards/media/cache/thumb_880_660/submissions/2024/07/669bdb99922fd980468916.png","2024-07-31T08:10:36Z"
"Wokine","wokine-1","submission","Design Agencies | Animation | Graphic design | Minimal | Portfolio | Forms and Input | Project Page","https://www.awwwards.com/sites/wokine-1","https://www.awwwards.com/websites/portfolio/?page=51","https://assets.awwwards.com/awards/media/cache/thumb_880_660/submissions/2024/08/66b22a5b77183242243534.jpg","2024-08-19T05:43:13Z"
"Wolf Web Designs","wolf-web-designs","submission","Business & Corporate | Design Agencies | Web & Interactive | Clean | Fullscreen | Portfolio | Responsive Design | Unusual Navigation | Gestures / Interaction","https://www.awwwards.com/sites/wolf-web-designs","https://www.awwwards.com/websites/portfolio/?page=37","https://assets.awwwards.com/awards/media/cache/thumb_880_660/submissions/2025/03/67db85e82bba8218659488.png","2025-04-03T07:08:00Z"
"Wonder Games","wonder-games","submission","Design Agencies | Games & Entertainment | Web & Interactive | Animation | Colorful | Graphic design | Portfolio | 3D | UI design | Svelte","https://www.awwwards.com/sites/wonder-games","https://www.awwwards.com/websites/portfolio/?page=18","https://assets.awwwards.com/awards/media/cache/thumb_880_660/submissions/2026/02/6984b0856bf38140783877.png","2026-02-17T12:13:00Z"
"Wonderkin Tattoo","wonderkin-tattoo","submission","Art & Illustration | Other | Big Background Images | Parallax | Portfolio | Gallery | Header Design","https://www.awwwards.com/sites/wonderkin-tattoo","https://www.awwwards.com/websites/portfolio/?page=52","https://assets.awwwards.com/awards/media/cache/thumb_880_660/submissions/2024/07/669653884839f492243025.png","2024-07-26T06:04:10Z"
"Wondermake","wondermake","submission","Design Agencies | Web & Interactive | Graphic design | Portfolio | Typography | UI design | Microinteractions | Startups","https://www.awwwards.com/sites/wondermake","https://www.awwwards.com/websites/portfolio/?page=52","https://assets.awwwards.com/awards/media/cache/thumb_880_660/submissions/2024/07/669fcbd80c61e231521328.png","2024-08-01T08:36:30Z"
"Wood Web Design Portfolio","wood-web-design-portfolio","submission","Design Agencies | Web & Interactive | Clean | Minimal | Portfolio | Unusual Navigation | Interaction Design | UI design | Startups","https://www.awwwards.com/sites/wood-web-design-portfolio","https://www.awwwards.com/websites/portfolio/?page=63","https://assets.awwwards.com/awards/media/cache/thumb_880_660/submissions/2024/02/65ce814f4933f544459660.jpg","2024-02-21T08:40:12Z"
"Woodcliffe","woodcliffe","submission","Architecture | Business & Corporate | Animation | Clean | Photographic | Portfolio | Typography | Real Estate | Footer Design","https://www.awwwards.com/sites/woodcliffe","https://www.awwwards.com/websites/portfolio/?page=67","https://assets.awwwards.com/awards/media/cache/thumb_880_660/submissions/2023/12/657720ed15dbb970993649.jpg","2023-12-15T09:23:07Z"
"WOOPSITE","woopsite-1","submission","Technology | Big Background Images | Clean | Flat Design | Portfolio | Interaction Design | Startups","https://www.awwwards.com/sites/woopsite-1","https://www.awwwards.com/websites/portfolio/?page=31","https://assets.awwwards.com/awards/media/cache/thumb_880_660/submissions/2025/06/685932da2bd1b577559852.png","2025-07-10T11:00:00Z"
"Workleads","workleads","submission","Business & Corporate | Animation | Big Background Images | Colorful | Portfolio | Video | Photography | Microinteractions | Figma | Framer","https://www.awwwards.com/sites/workleads","https://www.awwwards.com/websites/portfolio/?page=27","https://assets.awwwards.com/awards/media/cache/thumb_880_660/submissions/2025/09/68b82c569a2ec183398104.png","2025-09-13T13:52:00Z"
"Workoholics","workoholics","submission","Design Agencies | Web & Interactive | Portfolio | Responsive | Storytelling | Copy design | Interaction Design | UI design | Figma | Adobe Illustrator | Astro","https://www.awwwards.com/sites/workoholics","https://www.awwwards.com/websites/portfolio/?page=21","https://assets.awwwards.com/awards/media/cache/thumb_880_660/submissions/2025/12/693c22cc2370b602690544.jpg","2025-12-26T15:41:27Z"
"Workshop Hospitality","workshop-hospitality","submission","Design Agencies | Hotel / Restaurant | Clean | Portfolio | Typography | Transitions | UI design","https://www.awwwards.com/sites/workshop-hospitality","https://www.awwwards.com/websites/portfolio/?page=60","https://assets.awwwards.com/awards/media/cache/thumb_880_660/submissions/2024/03/65fc5c4523ce8453107414.jpg","2024-04-06T00:00:00Z"
"Wow Tapes","wow-tapes-1","submission","Design Agencies | Film & TV | Animation | Portfolio | Typography | Video | Photography | Storytelling | Photo & Video","https://www.awwwards.com/sites/wow-tapes-1","https://www.awwwards.com/websites/portfolio/?page=67","https://assets.awwwards.com/awards/media/cache/thumb_880_660/submissions/2023/12/6570aaab9ba34399932348.jpg","2023-12-23T00:00:00Z"
"WP Creative","wp-creative","submission","Design Agencies | Clean | Navigation Menu | Portfolio | SEO | Responsive | UI design","https://www.awwwards.com/sites/wp-creative","https://www.awwwards.com/websites/portfolio/?page=36","https://assets.awwwards.com/awards/media/cache/thumb_880_660/submissions/2025/03/67e3893f6c843008127208.png","2025-04-08T05:32:00Z"
"Wubble","wubble","submission","Design Agencies | Web & Interactive | Clean | Minimal | Portfolio | Scrolling | Filters and Effects | Microinteractions","https://www.awwwards.com/sites/wubble","https://www.awwwards.com/websites/portfolio/?page=50","https://assets.awwwards.com/awards/media/cache/thumb_880_660/submissions/2024/08/66d17ac92458a842576657.jpg","2024-09-10T05:30:08Z"
"X2Y Creative","x2y-creative","submission","Design Agencies | Events | Music & Sound | Animation | Infinite Scroll | Portfolio | Typography | Video | GSAP | Microinteractions | Webflow | Figma","https://www.awwwards.com/sites/x2y-creative","https://www.awwwards.com/websites/portfolio/?page=13","https://assets.awwwards.com/awards/media/cache/thumb_880_660/submissions/2026/04/69df905167c96342213590.png","2026-04-26T14:44:12Z"
"Xavi Nogueres","xavi-nogueres-3","submission","Promotional | Technology | Web & Interactive | Animation | Clean | Minimal | Portfolio | About Page | Microinteractions","https://www.awwwards.com/sites/xavi-nogueres-3","https://www.awwwards.com/websites/portfolio/?page=41","https://assets.awwwards.com/awards/media/cache/thumb_880_660/submissions/2025/01/678670b3d7670879295487.jpeg","2025-01-27T06:39:00Z"
"Xenos Print","xenos-print","submission","Business & Corporate | Other | Promotional | Clean | Colorful | Graphic design | Portfolio | Typography","https://www.awwwards.com/sites/xenos-print","https://www.awwwards.com/websites/portfolio/?page=47","https://assets.awwwards.com/awards/media/cache/thumb_880_660/submissions/2024/10/66fba87e2c740894859945.jpg","2024-10-10T05:59:00Z"
"Xfive","xfive-1","submission","Design Agencies | Web & Interactive | Clean | Portfolio | Scrolling | Interaction Design | Microinteractions | next.js","https://www.awwwards.com/sites/xfive-1","https://www.awwwards.com/websites/portfolio/?page=67","https://assets.awwwards.com/awards/media/cache/thumb_880_660/submissions/2023/12/65705a2131ad5709999173.png","2023-12-12T09:44:19Z"
"Xhilarate","xhilarate-1","submission","Design Agencies | Web & Interactive | Big Background Images | Graphic design | Minimal | Parallax | Portfolio | Typography | Experimental","https://www.awwwards.com/sites/xhilarate-1","https://www.awwwards.com/websites/portfolio/?page=45","https://assets.awwwards.com/awards/media/cache/thumb_880_660/submissions/2024/11/672a68a74bdcc402196979.jpg","2024-11-18T06:35:07Z"
"Xinyi Zhao's Portfolio","xinyi-zhaos-portfolio","submission","Mobile & Apps | Other | Web & Interactive | Flat Design | Portfolio | Menu - Vertical | Interaction Design | UI design | Project Page | Motion | Figma | Framer","https://www.awwwards.com/sites/xinyi-zhaos-portfolio","https://www.awwwards.com/websites/portfolio/?page=26","https://assets.awwwards.com/awards/media/cache/thumb_880_660/submissions/2025/09/68c32f519e41f494940034.png","2025-09-25T09:36:57Z"
"Xpress Confinement Nanny","xpress-confinement-nanny","submission","Other | Clean | Colorful | Minimal | Portfolio | Responsive Design | UI design | Startups","https://www.awwwards.com/sites/xpress-confinement-nanny","https://www.awwwards.com/websites/portfolio/?page=51","https://assets.awwwards.com/awards/media/cache/thumb_880_660/submissions/2024/08/66af0330e37c8318464942.png","2024-08-16T06:34:06Z"
"Xscape Studio","xscape-studio","submission","Technology | Web & Interactive | Animation | Graphic design | Navigation Menu | Portfolio | Scrolling | Storytelling","https://www.awwwards.com/sites/xscape-studio","https://www.awwwards.com/websites/portfolio/?page=44","https://assets.awwwards.com/awards/media/cache/thumb_880_660/submissions/2024/11/6747352e77450645902476.jpg","2024-12-03T09:56:24Z"
"Y2B AGENCY","y2b-agency","submission","Design Agencies | Fashion | Graphic design | Portfolio | Experimental | 3D | Photo & Video | UI design | Contentful","https://www.awwwards.com/sites/y2b-agency","https://www.awwwards.com/websites/portfolio/?page=65","https://assets.awwwards.com/awards/media/cache/thumb_880_660/submissions/2024/01/65b0e47006374161284298.png","2024-01-29T08:20:56Z"
"Yaheng Design","yaheng-design","submission","Culture & Education | Design Agencies | CSS | Graphic design | Portfolio | Typography | Menu - Vertical | UI design | Project Page | Startups | Webflow | Adobe Photoshop","https://www.awwwards.com/sites/yaheng-design","https://www.awwwards.com/websites/portfolio/?page=25","https://assets.awwwards.com/awards/media/cache/thumb_880_660/submissions/2025/09/68d5e33bf3e6d838091043.jpg","2025-10-08T10:21:09Z"
"Yamateos","yamateos","submission","Design Agencies | Web & Interactive | Animation | Graphic design | Portfolio | Transitions | UI design | Microinteractions | Framer","https://www.awwwards.com/sites/yamateos","https://www.awwwards.com/websites/portfolio/?page=52","https://assets.awwwards.com/awards/media/cache/thumb_880_660/submissions/2024/07/669699fecd24e314236380.png","2024-07-26T06:03:24Z"
"Yan Hladchenko","yan-hladchenko","submission","Other | Technology | Web & Interactive | Portfolio | Transitions | Storytelling | Interaction Design | UI design | Microinteractions | Figma | Framer","https://www.awwwards.com/sites/yan-hladchenko","https://www.awwwards.com/websites/portfolio/?page=12","https://assets.awwwards.com/awards/media/cache/thumb_880_660/submissions/2026/05/69f4841931ee0144284710.jpg","2026-05-11T10:15:59Z"
"Yan Liu portfolio","yan-liu-portfolio","submission","Web & Interactive | Portfolio | Single page | Experimental | Storytelling | Interaction Design | Microinteractions | Next.js | Tailwind | Typescript","https://www.awwwards.com/sites/yan-liu-portfolio","https://www.awwwards.com/websites/portfolio/?page=13","https://assets.awwwards.com/awards/media/cache/thumb_880_660/submissions/2026/04/69dd3b725745b138483837.jpg","2026-04-23T10:29:36Z"
"Yanchen Zhao Portfolio","yanchen-zhao-portfolio","submission","Design Agencies | Web & Interactive | Animation | Minimal | Portfolio | Scrolling | Single page | Microinteractions | Framer","https://www.awwwards.com/sites/yanchen-zhao-portfolio","https://www.awwwards.com/websites/portfolio/?page=41","https://assets.awwwards.com/awards/media/cache/thumb_880_660/submissions/2025/01/6784a649bf339005884848.png","2025-01-24T06:50:44Z"
"Yann Novak","yann-novak","submission","Art & Illustration | Music & Sound | Wordpress | CSS | HTML5 | Minimal | Portfolio | Experimental | UI design","https://www.awwwards.com/sites/yann-novak","https://www.awwwards.com/websites/portfolio/?page=11","https://assets.awwwards.com/awards/media/cache/thumb_880_660/submissions/2026/05/6a06451681afe651001917.png","2026-05-27T09:10:00Z"
"Yanne Sidibe — Portfolio","yanne-sidibe-portfolio","submission","Music & Sound | Technology | Web & Interactive | Navigation Menu | Parallax | Portfolio | Transitions | Microinteractions | 404 pages","https://www.awwwards.com/sites/yanne-sidibe-portfolio","https://www.awwwards.com/websites/portfolio/?page=56","https://assets.awwwards.com/awards/media/cache/thumb_880_660/submissions/2024/05/665063160c570172024746.jpeg","2024-05-30T10:34:21Z"
"YARD - Agency","yard-agency","submission","Business & Corporate | Animation | Graphic design | Navigation Menu | Portfolio | Transitions | UI design","https://www.awwwards.com/sites/yard-agency","https://www.awwwards.com/websites/portfolio/?page=59","https://assets.awwwards.com/awards/media/cache/thumb_880_660/submissions/2024/04/660c0bd487260081573706.jpg","2024-04-17T00:00:00Z"
"Yasin Genc","yasin-genc","submission","Design Agencies | Web & Interactive | Animation | Horizontal Layout | Portfolio | Responsive Design | UI design | Microinteractions","https://www.awwwards.com/sites/yasin-genc","https://www.awwwards.com/websites/portfolio/?page=62","https://assets.awwwards.com/awards/media/cache/thumb_880_660/submissions/2024/02/65d841eec7fff115014065.jpg","2024-02-29T09:17:35Z"
"Yassine's Portfolio v2","yassines-portfolio-v2","submission","Web & Interactive | Animation | Portfolio | Responsive Design | About Page | Project Page | next.js","https://www.awwwards.com/sites/yassines-portfolio-v2","https://www.awwwards.com/websites/portfolio/?page=43","https://assets.awwwards.com/awards/media/cache/thumb_880_660/submissions/2024/12/674e16d54b564795587729.jpg","2024-12-12T08:15:30Z"
"Year in Review 2023","year-in-review-2023","submission","Design Agencies | E-Commerce | Web & Interactive | Portfolio | Scrolling | Single page | Unusual Navigation","https://www.awwwards.com/sites/year-in-review-2023","https://www.awwwards.com/websites/portfolio/?page=66","https://assets.awwwards.com/awards/media/cache/thumb_880_660/submissions/2024/01/659af8557b7bc034343795.jpg","2024-01-12T10:11:21Z"
"Year-End Design Portfolio","year-end-design-portfolio","submission","Web & Interactive | Flat Design | Minimal | Portfolio | Single page | Experimental | Interaction Design | About Page","https://www.awwwards.com/sites/year-end-design-portfolio","https://www.awwwards.com/websites/portfolio/?page=66","https://assets.awwwards.com/awards/media/cache/thumb_880_660/submissions/2024/01/659456b88d13f136441025.jpg","2024-01-03T08:17:13Z"
"Yellow Fellow","yellow-fellow","submission","Design Agencies | Animation | Graphic design | Portfolio | Video","https://www.awwwards.com/sites/yellow-fellow","https://www.awwwards.com/websites/portfolio/?page=40","https://assets.awwwards.com/awards/media/cache/thumb_880_660/submissions/2025/02/67a12f2368b1d945806483.png","2025-02-13T07:20:19Z"
"yeqq - yunus emre korkmaz","yeqq-yunus-emre-korkmaz","submission","Art & Illustration | Mobile & Apps | Web & Interactive | Animation | Clean | Colorful | Minimal | Portfolio | GSAP | React | Lo-dash | Interaction Design","https://www.awwwards.com/sites/yeqq-yunus-emre-korkmaz","https://www.awwwards.com/websites/portfolio/?page=9","https://assets.awwwards.com/awards/media/cache/thumb_880_660/submissions/2026/06/6a37dafe226b4156171842.png","2026-06-25T10:23:00Z"
"Yi Zheng","yi-zheng","submission","Art & Illustration | Design Agencies | Technology | Animation | Graphic design | Portfolio | Responsive Design | Transitions | UI design","https://www.awwwards.com/sites/yi-zheng","https://www.awwwards.com/websites/portfolio/?page=59","https://assets.awwwards.com/awards/media/cache/thumb_880_660/submissions/2024/04/661f381ae57f8217131797.png","2024-04-17T09:12:07Z"
"Yifei Luo Playground Portfolio","yifei-luo-playground-portfolio","submission","Web & Interactive | Animation | Colorful | CSS | Graphic design | HTML5 | Portfolio | Experimental | Storytelling | Interaction Design | Javascript","https://www.awwwards.com/sites/yifei-luo-playground-portfolio","https://www.awwwards.com/websites/portfolio/?page=26","https://assets.awwwards.com/awards/media/cache/thumb_880_660/submissions/2025/09/68bebf7e4b953514147543.jpg","2025-09-21T15:12:00Z"
"Ylli Ramadani — Portfolio","ylli-ramadani-portfolio","submission","Promotional | Web & Interactive | Animation | Clean | Portfolio | Scrolling | Typography","https://www.awwwards.com/sites/ylli-ramadani-portfolio","https://www.awwwards.com/websites/portfolio/?page=61","https://assets.awwwards.com/awards/media/cache/thumb_880_660/submissions/2024/03/65e92772760f6905807004.jpg","2024-03-12T09:19:59Z"
"Yogi Suria","yogi-suria","submission","Design Agencies | Animation | Portfolio | React | 3D | Firebase | UI design | Blender","https://www.awwwards.com/sites/yogi-suria","https://www.awwwards.com/websites/portfolio/?page=21","https://assets.awwwards.com/awards/media/cache/thumb_880_660/submissions/2025/12/69451a2e10349788185764.png","2026-01-03T11:36:20Z"
"younique studio","younique-studio","submission","Design Agencies | Clean | Graphic design | Minimal | Portfolio | Typography | Responsive","https://www.awwwards.com/sites/younique-studio","https://www.awwwards.com/websites/portfolio/?page=65","https://assets.awwwards.com/awards/media/cache/thumb_880_660/submissions/2024/01/65a783637d516287907548.jpg","2024-01-23T09:18:37Z"
"Yourwave","yourwave","submission","Web & Interactive | Clean | Wordpress | Navigation Menu | Portfolio | Experimental | GSAP | Figma","https://www.awwwards.com/sites/yourwave","https://www.awwwards.com/websites/portfolio/?page=25","https://assets.awwwards.com/awards/media/cache/thumb_880_660/submissions/2025/10/68e03d58bc2fc014516491.png","2025-10-15T10:32:00Z"
"YUNGBLD CREATIVE STUDIO","yungbld-creative-studio","submission","Design Agencies | Music & Sound | Web & Interactive | Portfolio | Menu - Horizontal | Sound-Audio | Contact Page | Footer Design | Project Page | Netlify | Figma | Sanity","https://www.awwwards.com/sites/yungbld-creative-studio","https://www.awwwards.com/websites/portfolio/?page=8","https://assets.awwwards.com/awards/media/cache/thumb_880_660/submissions/2026/07/6a469f0e3306f112735004.png","2026-07-03T09:09:00Z"
"Yurdaer Architecture","yurdaer-architecture","submission","Architecture | Colorful | Portfolio | Typography | Gallery | 404 pages","https://www.awwwards.com/sites/yurdaer-architecture","https://www.awwwards.com/websites/portfolio/?page=35","https://assets.awwwards.com/awards/media/cache/thumb_880_660/submissions/2025/04/67ffa97d38d5d961707505.jpg","2025-05-01T07:11:00Z"
"Yuta Abe — Portfolio","yuta-abe-portfolio-1","submission","Web & Interactive | Animation | Portfolio | GSAP | Three.js | Interaction Design | Blender","https://www.awwwards.com/sites/yuta-abe-portfolio-1","https://www.awwwards.com/websites/portfolio/?page=11","https://assets.awwwards.com/awards/media/cache/thumb_880_660/submissions/2026/05/6a0c273567849874530868.jpg","2026-05-30T11:55:00Z"
"Z1 Digital Studio","z1-digital-studio","submission","Design Agencies | Technology | Portfolio | Scrolling | React | UI design | Project Page | Tailwind | Astro","https://www.awwwards.com/sites/z1-digital-studio","https://www.awwwards.com/websites/portfolio/?page=26","https://assets.awwwards.com/awards/media/cache/thumb_880_660/submissions/2025/09/68c2a91a954bf335517471.png","2025-09-26T10:24:14Z"
"Zabriskie architects","zabriskie-architects","submission","Architecture | Business & Corporate | Clean | Minimal | Portfolio | Responsive Design | Typography | Gallery | Real Estate","https://www.awwwards.com/sites/zabriskie-architects","https://www.awwwards.com/websites/portfolio/?page=64","https://assets.awwwards.com/awards/media/cache/thumb_880_660/submissions/2024/01/65b909a101f6b425467537.jpg","2024-02-05T09:34:25Z"
"Zahra Ziaei","zahra-ziaei","submission","Animation | Portfolio | Scrolling | Typography | Photography | Gallery | Photo & Video","https://www.awwwards.com/sites/zahra-ziaei","https://www.awwwards.com/websites/portfolio/?page=50","https://assets.awwwards.com/awards/media/cache/thumb_880_660/submissions/2024/08/66c6517c5fe04846313943.png","2024-09-02T05:22:44Z"
"Zainab Kabira – Portfolio 2026","zainab-kabira-portfolio-2026","submission","Storytelling | Interaction Design | Microinteractions | Art & Illustration | Footer Design | Web & Interactive | Javascript | HTML5 | Figma | Portfolio | Transitions","https://www.awwwards.com/sites/zainab-kabira-portfolio-2026","https://www.awwwards.com/websites/portfolio/?page=4","https://assets.awwwards.com/awards/media/cache/thumb_880_660/submissions/2026/08/6a7e4b0b4998b499207376.png","2026-08-26T12:00:48Z"
"ZARCEROG","zarcerog","submission","Magazine / Newspaper / Blog | Design Agencies | Web & Interactive | CSS | Graphic design | Portfolio | Gallery | Responsive | GSAP | Microinteractions | Typescript","https://www.awwwards.com/sites/zarcerog","https://www.awwwards.com/websites/portfolio/?page=16","https://assets.awwwards.com/awards/media/cache/thumb_880_660/submissions/2026/03/69a81a0f4bb20796390730.png","2026-03-18T10:45:00Z"
"Zecco’s Design Portfolio","zeccos-design-portfolio","submission","3D | Interaction Design | Figma | Art & Illustration | Technology | Web & Interactive | Portfolio | React","https://www.awwwards.com/sites/zeccos-design-portfolio","https://www.awwwards.com/websites/portfolio/?page=5","https://assets.awwwards.com/awards/media/cache/thumb_880_660/submissions/2026/08/6a773556c624d788993427.png","2026-08-11T09:46:00Z"
"ZeeFrames UI UX Design Agency","zeeframes-ui-ux-design-agency","submission","Design Agencies | Web & Interactive | Graphic design | jQuery | Portfolio | Responsive Design | Google Font API | Interaction Design | UI design | Startups | Figma","https://www.awwwards.com/sites/zeeframes-ui-ux-design-agency","https://www.awwwards.com/websites/portfolio/?page=15","https://assets.awwwards.com/awards/media/cache/thumb_880_660/submissions/2026/03/69b92d982a941920139591.png","2026-03-29T11:19:00Z"
"Zeitler Design","zeitler-design","submission","Design Agencies | Portfolio | Transitions | Copy design | Interaction Design | Microinteractions | 404 pages","https://www.awwwards.com/sites/zeitler-design","https://www.awwwards.com/websites/portfolio/?page=50","https://assets.awwwards.com/awards/media/cache/thumb_880_660/submissions/2024/08/66ca67868c92b048682044.jpg","2024-09-05T06:03:00Z"
"Zero Studios","zero-studios-3","submission","Design Agencies | E-Commerce | Web & Interactive | Clean | Colorful | Graphic design | Minimal | Portfolio | Project Page","https://www.awwwards.com/sites/zero-studios-3","https://www.awwwards.com/websites/portfolio/?page=56","https://assets.awwwards.com/awards/media/cache/thumb_880_660/submissions/2024/05/664b995c1bb52085775390.jpg","2024-05-29T10:43:07Z"
"Zerotrillion","zerotrillion","submission","Design Agencies | Animation | Parallax | Portfolio | WebGL | Transitions | Next.js","https://www.awwwards.com/sites/zerotrillion","https://www.awwwards.com/websites/portfolio/?page=21","https://assets.awwwards.com/awards/media/cache/thumb_880_660/submissions/2025/12/694acfaa4f1b2711918596.png","2026-01-08T10:47:53Z"
"Zita Fernandez","zita-fernandez","submission","Design Agencies | Big Background Images | Clean | Minimal | Portfolio | Photography | Transitions | GSAP | Photo & Video | BARBA.js | Webflow | Luxury","https://www.awwwards.com/sites/zita-fernandez","https://www.awwwards.com/websites/portfolio/?page=19","https://assets.awwwards.com/awards/media/cache/thumb_880_660/submissions/2026/01/697859ae29d4c721144829.jpg","2026-02-06T11:17:17Z"
"ZIZO","zizo","submission","Design Agencies | Animation | Photographic | Portfolio | Scrolling | Illustration | 404 pages","https://www.awwwards.com/sites/zizo","https://www.awwwards.com/websites/portfolio/?page=67","https://assets.awwwards.com/awards/media/cache/thumb_880_660/submissions/2023/11/6566d19218a18149715949.jpg","2023-12-11T09:37:02Z"
"Zoomo Estudio","zoomo-estudio","submission","Design Agencies | Clean | Wordpress | Graphic design | Portfolio | Header Design | Microinteractions | Javascript","https://www.awwwards.com/sites/zoomo-estudio","https://www.awwwards.com/websites/portfolio/?page=21","https://assets.awwwards.com/awards/media/cache/thumb_880_660/submissions/2025/12/6943f5f0797ca877403923.jpg","2026-01-02T10:42:52Z"
"ZUI_OS","zui-os","submission","Technology | Web & Interactive | CSS | HTML5 | Portfolio | Retro | Single page | Unusual Navigation | Experimental | Forms and Input | Microinteractions","https://www.awwwards.com/sites/zui-os","https://www.awwwards.com/websites/portfolio/?page=14","https://assets.awwwards.com/awards/media/cache/thumb_880_660/submissions/2026/03/69c9fb64e92c5081811545.png","2026-04-08T09:51:00Z"
"ZUI_OS","zui-os-2","submission","Web & Interactive | CSS | HTML5 | Minimal | Navigation Menu | Portfolio | Single page | Unusual Navigation | Interaction Design | Vanilla JS","https://www.awwwards.com/sites/zui-os-2","https://www.awwwards.com/websites/portfolio/?page=6","https://assets.awwwards.com/awards/media/cache/thumb_880_660/submissions/2026/07/6a62ef0e865e9762108056.png","2026-08-09T13:28:00Z"
"Zulik","zulik","submission","Web & Interactive | Portfolio | Illustration | Gestures / Interaction | Filters and Effects | Photo & Video | Microinteractions","https://www.awwwards.com/sites/zulik","https://www.awwwards.com/websites/portfolio/?page=48","https://assets.awwwards.com/awards/media/cache/thumb_880_660/submissions/2024/09/66f4d5bbb16b6219419815.jpg","2024-10-07T05:56:00Z"
"Zytro","zytro","submission","Architecture | Technology | Web & Interactive | Animation | Parallax | Portfolio | Storytelling | Content architecture | UI design","https://www.awwwards.com/sites/zytro","https://www.awwwards.com/websites/portfolio/?page=54","https://assets.awwwards.com/awards/media/cache/thumb_880_660/submissions/2024/06/666c4ab37c79f964498877.jpg","2024-06-21T06:23:35Z"
"수아's Room Folio","suas-room-folio","submission","Web & Interactive | Animation | Portfolio | Unusual Navigation | 3D","https://www.awwwards.com/sites/suas-room-folio","https://www.awwwards.com/websites/portfolio/?page=40","https://assets.awwwards.com/awards/media/cache/thumb_880_660/submissions/2025/02/67a410c4de72c493570187.png","2025-02-10T07:19:00Z"
